Run ID,Solver Algorithm,Labyrinth Dimensions [px*px],Iteration,Disparity
0,MDP_Value,10x10,0,1.2830
0,MDP_Value,10x10,1,1.5336
0,MDP_Value,10x10,2,1.7575
0,MDP_Value,10x10,3,2.0093
0,MDP_Value,10x10,4,2.0182
0,MDP_Value,10x10,5,2.1316
0,MDP_Value,10x10,6,2.1118
0,MDP_Value,10x10,7,2.1842
0,MDP_Value,10x10,8,2.2456
0,MDP_Value,10x10,9,2.4262
0,MDP_Value,10x10,10,2.4901
0,MDP_Value,10x10,11,2.6079
0,MDP_Value,10x10,12,2.4743
0,MDP_Value,10x10,13,2.4759
0,MDP_Value,10x10,14,2.4775
0,MDP_Value,10x10,15,2.7074
0,MDP_Value,10x10,16,2.7631
0,MDP_Value,10x10,17,2.7587
0,MDP_Value,10x10,18,2.6468
0,MDP_Value,10x10,19,2.5998
0,MDP_Value,10x10,20,2.5310
0,MDP_Value,10x10,21,2.4154
0,MDP_Value,10x10,22,2.3778
0,MDP_Value,10x10,23,2.3024
0,MDP_Value,10x10,24,2.1908
0,MDP_Value,10x10,25,2.1432
0,MDP_Value,10x10,26,2.0941
0,MDP_Value,10x10,27,2.0015
0,MDP_Value,10x10,28,1.9225
0,MDP_Value,10x10,29,1.8123
0,MDP_Value,10x10,30,1.7062
0,MDP_Value,10x10,31,1.5973
0,MDP_Value,10x10,32,1.4855
0,MDP_Value,10x10,33,1.3815
0,MDP_Value,10x10,34,1.2848
0,MDP_Value,10x10,35,1.1949
0,MDP_Value,10x10,36,1.1112
0,MDP_Value,10x10,37,1.0334
0,MDP_Value,10x10,38,0.9611
0,MDP_Value,10x10,39,0.8938
0,MDP_Value,10x10,40,0.8312
0,MDP_Value,10x10,41,0.7731
0,MDP_Value,10x10,42,0.7189
0,MDP_Value,10x10,43,0.6686
0,MDP_Value,10x10,44,0.6218
0,MDP_Value,10x10,45,0.5783
0,MDP_Value,10x10,46,0.5378
0,MDP_Value,10x10,47,0.5002
0,MDP_Value,10x10,48,0.4652
0,MDP_Value,10x10,49,0.4326
0,MDP_Value,10x10,50,0.4023
0,MDP_Value,10x10,51,0.3741
0,MDP_Value,10x10,52,0.3480
0,MDP_Value,10x10,53,0.3236
0,MDP_Value,10x10,54,0.3009
0,MDP_Value,10x10,55,0.2799
0,MDP_Value,10x10,56,0.2603
0,MDP_Value,10x10,57,0.2421
0,MDP_Value,10x10,58,0.2251
0,MDP_Value,10x10,59,0.2094
0,MDP_Value,10x10,60,0.1947
0,MDP_Value,10x10,61,0.1811
0,MDP_Value,10x10,62,0.1684
0,MDP_Value,10x10,63,0.1566
0,MDP_Value,10x10,64,0.1457
0,MDP_Value,10x10,65,0.1355
0,MDP_Value,10x10,66,0.1260
0,MDP_Value,10x10,67,0.1172
0,MDP_Value,10x10,68,0.1090
0,MDP_Value,10x10,69,0.1013
0,MDP_Value,10x10,70,0.0942
0,MDP_Value,10x10,71,0.0876
0,MDP_Value,10x10,72,0.0815
0,MDP_Value,10x10,73,0.0758
0,MDP_Value,10x10,74,0.0705
0,MDP_Value,10x10,75,0.0656
0,MDP_Value,10x10,76,0.0610
0,MDP_Value,10x10,77,0.0567
0,MDP_Value,10x10,78,0.0527
0,MDP_Value,10x10,79,0.0490
0,MDP_Value,10x10,80,0.0456
0,MDP_Value,10x10,81,0.0424
0,MDP_Value,10x10,82,0.0394
0,MDP_Value,10x10,83,0.0367
0,MDP_Value,10x10,84,0.0341
0,MDP_Value,10x10,85,0.0317
0,MDP_Value,10x10,86,0.0295
0,MDP_Value,10x10,87,0.0274
0,MDP_Value,10x10,88,0.0255
0,MDP_Value,10x10,89,0.0237
0,MDP_Value,10x10,90,0.0221
0,MDP_Value,10x10,91,0.0205
0,MDP_Value,10x10,92,0.0191
0,MDP_Value,10x10,93,0.0178
0,MDP_Value,10x10,94,0.0165
0,MDP_Value,10x10,95,0.0154
0,MDP_Value,10x10,96,0.0143
0,MDP_Value,10x10,97,0.0133
0,MDP_Value,10x10,98,0.0124
0,MDP_Value,10x10,99,0.0115
0,MDP_Value,10x10,100,0.0107
0,MDP_Value,10x10,101,0.0099
0,MDP_Value,10x10,102,0.0092
0,MDP_Value,10x10,103,0.0086
0,MDP_Value,10x10,104,0.0080
0,MDP_Value,10x10,105,0.0074
37,MDP_Value,25x20,0,1.1917
37,MDP_Value,25x20,1,1.3815
37,MDP_Value,25x20,2,1.4154
37,MDP_Value,25x20,3,1.4042
37,MDP_Value,25x20,4,1.4224
37,MDP_Value,25x20,5,1.4923
37,MDP_Value,25x20,6,1.5795
37,MDP_Value,25x20,7,1.6015
37,MDP_Value,25x20,8,1.6887
37,MDP_Value,25x20,9,1.8109
37,MDP_Value,25x20,10,1.9591
37,MDP_Value,25x20,11,2.0252
37,MDP_Value,25x20,12,2.0765
37,MDP_Value,25x20,13,2.1362
37,MDP_Value,25x20,14,2.2541
37,MDP_Value,25x20,15,2.2885
37,MDP_Value,25x20,16,2.3260
37,MDP_Value,25x20,17,2.3546
37,MDP_Value,25x20,18,2.4435
37,MDP_Value,25x20,19,2.5050
37,MDP_Value,25x20,20,2.5770
37,MDP_Value,25x20,21,2.6114
37,MDP_Value,25x20,22,2.7927
37,MDP_Value,25x20,23,2.8444
37,MDP_Value,25x20,24,2.9285
37,MDP_Value,25x20,25,2.8932
37,MDP_Value,25x20,26,3.0039
37,MDP_Value,25x20,27,2.9540
37,MDP_Value,25x20,28,3.0167
37,MDP_Value,25x20,29,2.9391
37,MDP_Value,25x20,30,3.0014
37,MDP_Value,25x20,31,2.9861
37,MDP_Value,25x20,32,3.0508
37,MDP_Value,25x20,33,3.0676
37,MDP_Value,25x20,34,3.0471
37,MDP_Value,25x20,35,2.9486
37,MDP_Value,25x20,36,2.8813
37,MDP_Value,25x20,37,2.7398
37,MDP_Value,25x20,38,2.6638
37,MDP_Value,25x20,39,2.5463
37,MDP_Value,25x20,40,2.4947
37,MDP_Value,25x20,41,2.4082
37,MDP_Value,25x20,42,2.3253
37,MDP_Value,25x20,43,2.2240
37,MDP_Value,25x20,44,2.1462
37,MDP_Value,25x20,45,2.0457
37,MDP_Value,25x20,46,1.9821
37,MDP_Value,25x20,47,1.8950
37,MDP_Value,25x20,48,1.8402
37,MDP_Value,25x20,49,1.7563
37,MDP_Value,25x20,50,1.7015
37,MDP_Value,25x20,51,1.6096
37,MDP_Value,25x20,52,1.5473
37,MDP_Value,25x20,53,1.4698
37,MDP_Value,25x20,54,1.4245
37,MDP_Value,25x20,55,1.3719
37,MDP_Value,25x20,56,1.3147
37,MDP_Value,25x20,57,1.2550
37,MDP_Value,25x20,58,1.1960
37,MDP_Value,25x20,59,1.1354
37,MDP_Value,25x20,60,1.0805
37,MDP_Value,25x20,61,1.0284
37,MDP_Value,25x20,62,0.9850
37,MDP_Value,25x20,63,0.9375
37,MDP_Value,25x20,64,0.8921
37,MDP_Value,25x20,65,0.8489
37,MDP_Value,25x20,66,0.8047
37,MDP_Value,25x20,67,0.7618
37,MDP_Value,25x20,68,0.7212
37,MDP_Value,25x20,69,0.6827
37,MDP_Value,25x20,70,0.6463
37,MDP_Value,25x20,71,0.6118
37,MDP_Value,25x20,72,0.5792
37,MDP_Value,25x20,73,0.5483
37,MDP_Value,25x20,74,0.5191
37,MDP_Value,25x20,75,0.4914
37,MDP_Value,25x20,76,0.4652
37,MDP_Value,25x20,77,0.4404
37,MDP_Value,25x20,78,0.4169
37,MDP_Value,25x20,79,0.3946
37,MDP_Value,25x20,80,0.3736
37,MDP_Value,25x20,81,0.3537
37,MDP_Value,25x20,82,0.3348
37,MDP_Value,25x20,83,0.3170
37,MDP_Value,25x20,84,0.3000
37,MDP_Value,25x20,85,0.2840
37,MDP_Value,25x20,86,0.2689
37,MDP_Value,25x20,87,0.2546
37,MDP_Value,25x20,88,0.2410
37,MDP_Value,25x20,89,0.2281
37,MDP_Value,25x20,90,0.2160
37,MDP_Value,25x20,91,0.2044
37,MDP_Value,25x20,92,0.1935
37,MDP_Value,25x20,93,0.1832
37,MDP_Value,25x20,94,0.1734
37,MDP_Value,25x20,95,0.1642
37,MDP_Value,25x20,96,0.1554
37,MDP_Value,25x20,97,0.1471
37,MDP_Value,25x20,98,0.1393
37,MDP_Value,25x20,99,0.1319
37,MDP_Value,25x20,100,0.1248
37,MDP_Value,25x20,101,0.1182
37,MDP_Value,25x20,102,0.1119
37,MDP_Value,25x20,103,0.1059
37,MDP_Value,25x20,104,0.1003
37,MDP_Value,25x20,105,0.0949
37,MDP_Value,25x20,106,0.0899
37,MDP_Value,25x20,107,0.0851
37,MDP_Value,25x20,108,0.0805
37,MDP_Value,25x20,109,0.0762
37,MDP_Value,25x20,110,0.0722
37,MDP_Value,25x20,111,0.0683
37,MDP_Value,25x20,112,0.0647
37,MDP_Value,25x20,113,0.0612
37,MDP_Value,25x20,114,0.0580
37,MDP_Value,25x20,115,0.0549
37,MDP_Value,25x20,116,0.0519
37,MDP_Value,25x20,117,0.0492
37,MDP_Value,25x20,118,0.0465
37,MDP_Value,25x20,119,0.0441
37,MDP_Value,25x20,120,0.0417
37,MDP_Value,25x20,121,0.0395
37,MDP_Value,25x20,122,0.0374
37,MDP_Value,25x20,123,0.0354
37,MDP_Value,25x20,124,0.0335
37,MDP_Value,25x20,125,0.0317
37,MDP_Value,25x20,126,0.0300
37,MDP_Value,25x20,127,0.0284
37,MDP_Value,25x20,128,0.0269
37,MDP_Value,25x20,129,0.0255
37,MDP_Value,25x20,130,0.0241
37,MDP_Value,25x20,131,0.0228
37,MDP_Value,25x20,132,0.0216
37,MDP_Value,25x20,133,0.0205
37,MDP_Value,25x20,134,0.0194
37,MDP_Value,25x20,135,0.0183
37,MDP_Value,25x20,136,0.0174
37,MDP_Value,25x20,137,0.0164
37,MDP_Value,25x20,138,0.0156
37,MDP_Value,25x20,139,0.0147
37,MDP_Value,25x20,140,0.0139
37,MDP_Value,25x20,141,0.0132
37,MDP_Value,25x20,142,0.0125
37,MDP_Value,25x20,143,0.0118
37,MDP_Value,25x20,144,0.0112
37,MDP_Value,25x20,145,0.0106
37,MDP_Value,25x20,146,0.0100
37,MDP_Value,25x20,147,0.0095
37,MDP_Value,25x20,148,0.0090
37,MDP_Value,25x20,149,0.0085
37,MDP_Value,25x20,150,0.0081
37,MDP_Value,25x20,151,0.0076
38,MDP_Value,25x20,0,2.1877
38,MDP_Value,25x20,1,2.3187
38,MDP_Value,25x20,2,2.3026
38,MDP_Value,25x20,3,2.2424
38,MDP_Value,25x20,4,2.2143
38,MDP_Value,25x20,5,2.2389
38,MDP_Value,25x20,6,2.2834
38,MDP_Value,25x20,7,2.2665
38,MDP_Value,25x20,8,2.3144
38,MDP_Value,25x20,9,2.3995
38,MDP_Value,25x20,10,2.5117
38,MDP_Value,25x20,11,2.5461
38,MDP_Value,25x20,12,2.5666
38,MDP_Value,25x20,13,2.5972
38,MDP_Value,25x20,14,2.6859
38,MDP_Value,25x20,15,2.6955
38,MDP_Value,25x20,16,2.7079
38,MDP_Value,25x20,17,2.7138
38,MDP_Value,25x20,18,2.7791
38,MDP_Value,25x20,19,2.8199
38,MDP_Value,25x20,20,2.8710
38,MDP_Value,25x20,21,2.8873
38,MDP_Value,25x20,22,3.0466
38,MDP_Value,25x20,23,3.0831
38,MDP_Value,25x20,24,3.1491
38,MDP_Value,25x20,25,3.1015
38,MDP_Value,25x20,26,3.1944
38,MDP_Value,25x20,27,3.1347
38,MDP_Value,25x20,28,3.1818
38,MDP_Value,25x20,29,3.0962
38,MDP_Value,25x20,30,3.1439
38,MDP_Value,25x20,31,3.1203
38,MDP_Value,25x20,32,3.1723
38,MDP_Value,25x20,33,3.1806
38,MDP_Value,25x20,34,3.1514
38,MDP_Value,25x20,35,3.0470
38,MDP_Value,25x20,36,2.9722
38,MDP_Value,25x20,37,2.8267
38,MDP_Value,25x20,38,2.7438
38,MDP_Value,25x20,39,2.6225
38,MDP_Value,25x20,40,2.5644
38,MDP_Value,25x20,41,2.4741
38,MDP_Value,25x20,42,2.3865
38,MDP_Value,25x20,43,2.2820
38,MDP_Value,25x20,44,2.2000
38,MDP_Value,25x20,45,2.0968
38,MDP_Value,25x20,46,2.0292
38,MDP_Value,25x20,47,1.9397
38,MDP_Value,25x20,48,1.8813
38,MDP_Value,25x20,49,1.7954
38,MDP_Value,25x20,50,1.7374
38,MDP_Value,25x20,51,1.6442
38,MDP_Value,25x20,52,1.5791
38,MDP_Value,25x20,53,1.5003
38,MDP_Value,25x20,54,1.4523
38,MDP_Value,25x20,55,1.3981
38,MDP_Value,25x20,56,1.3391
38,MDP_Value,25x20,57,1.2780
38,MDP_Value,25x20,58,1.2177
38,MDP_Value,25x20,59,1.1559
38,MDP_Value,25x20,60,1.0997
38,MDP_Value,25x20,61,1.0465
38,MDP_Value,25x20,62,1.0019
38,MDP_Value,25x20,63,0.9536
38,MDP_Value,25x20,64,0.9071
38,MDP_Value,25x20,65,0.8631
38,MDP_Value,25x20,66,0.8181
38,MDP_Value,25x20,67,0.7745
38,MDP_Value,25x20,68,0.7332
38,MDP_Value,25x20,69,0.6941
38,MDP_Value,25x20,70,0.6571
38,MDP_Value,25x20,71,0.6220
38,MDP_Value,25x20,72,0.5889
38,MDP_Value,25x20,73,0.5575
38,MDP_Value,25x20,74,0.5277
38,MDP_Value,25x20,75,0.4996
38,MDP_Value,25x20,76,0.4729
38,MDP_Value,25x20,77,0.4477
38,MDP_Value,25x20,78,0.4238
38,MDP_Value,25x20,79,0.4012
38,MDP_Value,25x20,80,0.3798
38,MDP_Value,25x20,81,0.3596
38,MDP_Value,25x20,82,0.3404
38,MDP_Value,25x20,83,0.3222
38,MDP_Value,25x20,84,0.3051
38,MDP_Value,25x20,85,0.2888
38,MDP_Value,25x20,86,0.2734
38,MDP_Value,25x20,87,0.2588
38,MDP_Value,25x20,88,0.2450
38,MDP_Value,25x20,89,0.2319
38,MDP_Value,25x20,90,0.2196
38,MDP_Value,25x20,91,0.2079
38,MDP_Value,25x20,92,0.1968
38,MDP_Value,25x20,93,0.1863
38,MDP_Value,25x20,94,0.1763
38,MDP_Value,25x20,95,0.1669
38,MDP_Value,25x20,96,0.1580
38,MDP_Value,25x20,97,0.1496
38,MDP_Value,25x20,98,0.1416
38,MDP_Value,25x20,99,0.1341
38,MDP_Value,25x20,100,0.1269
38,MDP_Value,25x20,101,0.1202
38,MDP_Value,25x20,102,0.1137
38,MDP_Value,25x20,103,0.1077
38,MDP_Value,25x20,104,0.1019
38,MDP_Value,25x20,105,0.0965
38,MDP_Value,25x20,106,0.0914
38,MDP_Value,25x20,107,0.0865
38,MDP_Value,25x20,108,0.0819
38,MDP_Value,25x20,109,0.0775
38,MDP_Value,25x20,110,0.0734
38,MDP_Value,25x20,111,0.0695
38,MDP_Value,25x20,112,0.0658
38,MDP_Value,25x20,113,0.0622
38,MDP_Value,25x20,114,0.0589
38,MDP_Value,25x20,115,0.0558
38,MDP_Value,25x20,116,0.0528
38,MDP_Value,25x20,117,0.0500
38,MDP_Value,25x20,118,0.0473
38,MDP_Value,25x20,119,0.0448
38,MDP_Value,25x20,120,0.0424
38,MDP_Value,25x20,121,0.0401
38,MDP_Value,25x20,122,0.0380
38,MDP_Value,25x20,123,0.0360
38,MDP_Value,25x20,124,0.0341
38,MDP_Value,25x20,125,0.0322
38,MDP_Value,25x20,126,0.0305
38,MDP_Value,25x20,127,0.0289
38,MDP_Value,25x20,128,0.0274
38,MDP_Value,25x20,129,0.0259
38,MDP_Value,25x20,130,0.0245
38,MDP_Value,25x20,131,0.0232
38,MDP_Value,25x20,132,0.0220
38,MDP_Value,25x20,133,0.0208
38,MDP_Value,25x20,134,0.0197
38,MDP_Value,25x20,135,0.0186
38,MDP_Value,25x20,136,0.0176
38,MDP_Value,25x20,137,0.0167
38,MDP_Value,25x20,138,0.0158
38,MDP_Value,25x20,139,0.0150
38,MDP_Value,25x20,140,0.0142
38,MDP_Value,25x20,141,0.0134
38,MDP_Value,25x20,142,0.0127
38,MDP_Value,25x20,143,0.0120
38,MDP_Value,25x20,144,0.0114
38,MDP_Value,25x20,145,0.0108
38,MDP_Value,25x20,146,0.0102
38,MDP_Value,25x20,147,0.0097
38,MDP_Value,25x20,148,0.0091
38,MDP_Value,25x20,149,0.0087
38,MDP_Value,25x20,150,0.0082
38,MDP_Value,25x20,151,0.0078
39,MDP_Value,25x20,0,1.2050
39,MDP_Value,25x20,1,1.3940
39,MDP_Value,25x20,2,1.4272
39,MDP_Value,25x20,3,1.4154
39,MDP_Value,25x20,4,1.4330
39,MDP_Value,25x20,5,1.5023
39,MDP_Value,25x20,6,1.5889
39,MDP_Value,25x20,7,1.6103
39,MDP_Value,25x20,8,1.6970
39,MDP_Value,25x20,9,1.8187
39,MDP_Value,25x20,10,1.9664
39,MDP_Value,25x20,11,2.0321
39,MDP_Value,25x20,12,2.0831
39,MDP_Value,25x20,13,2.1424
39,MDP_Value,25x20,14,2.2599
39,MDP_Value,25x20,15,2.2939
39,MDP_Value,25x20,16,2.3311
39,MDP_Value,25x20,17,2.3594
39,MDP_Value,25x20,18,2.4480
39,MDP_Value,25x20,19,2.5092
39,MDP_Value,25x20,20,2.5809
39,MDP_Value,25x20,21,2.6151
39,MDP_Value,25x20,22,2.7961
39,MDP_Value,25x20,23,2.8475
39,MDP_Value,25x20,24,2.9314
39,MDP_Value,25x20,25,2.8960
39,MDP_Value,25x20,26,3.0065
39,MDP_Value,25x20,27,2.9564
39,MDP_Value,25x20,28,3.0189
39,MDP_Value,25x20,29,2.9412
39,MDP_Value,25x20,30,3.0033
39,MDP_Value,25x20,31,2.9879
39,MDP_Value,25x20,32,3.0524
39,MDP_Value,25x20,33,3.0691
39,MDP_Value,25x20,34,3.0485
39,MDP_Value,25x20,35,2.9499
39,MDP_Value,25x20,36,2.8825
39,MDP_Value,25x20,37,2.7409
39,MDP_Value,25x20,38,2.6649
39,MDP_Value,25x20,39,2.5473
39,MDP_Value,25x20,40,2.4957
39,MDP_Value,25x20,41,2.4091
39,MDP_Value,25x20,42,2.3261
39,MDP_Value,25x20,43,2.2248
39,MDP_Value,25x20,44,2.1469
39,MDP_Value,25x20,45,2.0464
39,MDP_Value,25x20,46,1.9828
39,MDP_Value,25x20,47,1.8956
39,MDP_Value,25x20,48,1.8408
39,MDP_Value,25x20,49,1.7568
39,MDP_Value,25x20,50,1.7020
39,MDP_Value,25x20,51,1.6101
39,MDP_Value,25x20,52,1.5477
39,MDP_Value,25x20,53,1.4702
39,MDP_Value,25x20,54,1.4249
39,MDP_Value,25x20,55,1.3723
39,MDP_Value,25x20,56,1.3150
39,MDP_Value,25x20,57,1.2553
39,MDP_Value,25x20,58,1.1963
39,MDP_Value,25x20,59,1.1357
39,MDP_Value,25x20,60,1.0807
39,MDP_Value,25x20,61,1.0286
39,MDP_Value,25x20,62,0.9852
39,MDP_Value,25x20,63,0.9377
39,MDP_Value,25x20,64,0.8923
39,MDP_Value,25x20,65,0.8491
39,MDP_Value,25x20,66,0.8049
39,MDP_Value,25x20,67,0.7620
39,MDP_Value,25x20,68,0.7213
39,MDP_Value,25x20,69,0.6829
39,MDP_Value,25x20,70,0.6464
39,MDP_Value,25x20,71,0.6120
39,MDP_Value,25x20,72,0.5793
39,MDP_Value,25x20,73,0.5484
39,MDP_Value,25x20,74,0.5192
39,MDP_Value,25x20,75,0.4915
39,MDP_Value,25x20,76,0.4653
39,MDP_Value,25x20,77,0.4405
39,MDP_Value,25x20,78,0.4170
39,MDP_Value,25x20,79,0.3947
39,MDP_Value,25x20,80,0.3737
39,MDP_Value,25x20,81,0.3538
39,MDP_Value,25x20,82,0.3349
39,MDP_Value,25x20,83,0.3170
39,MDP_Value,25x20,84,0.3001
39,MDP_Value,25x20,85,0.2841
39,MDP_Value,25x20,86,0.2690
39,MDP_Value,25x20,87,0.2546
39,MDP_Value,25x20,88,0.2410
39,MDP_Value,25x20,89,0.2282
39,MDP_Value,25x20,90,0.2160
39,MDP_Value,25x20,91,0.2045
39,MDP_Value,25x20,92,0.1936
39,MDP_Value,25x20,93,0.1833
39,MDP_Value,25x20,94,0.1735
39,MDP_Value,25x20,95,0.1642
39,MDP_Value,25x20,96,0.1555
39,MDP_Value,25x20,97,0.1472
39,MDP_Value,25x20,98,0.1393
39,MDP_Value,25x20,99,0.1319
39,MDP_Value,25x20,100,0.1249
39,MDP_Value,25x20,101,0.1182
39,MDP_Value,25x20,102,0.1119
39,MDP_Value,25x20,103,0.1059
39,MDP_Value,25x20,104,0.1003
39,MDP_Value,25x20,105,0.0949
39,MDP_Value,25x20,106,0.0899
39,MDP_Value,25x20,107,0.0851
39,MDP_Value,25x20,108,0.0805
39,MDP_Value,25x20,109,0.0762
39,MDP_Value,25x20,110,0.0722
39,MDP_Value,25x20,111,0.0683
39,MDP_Value,25x20,112,0.0647
39,MDP_Value,25x20,113,0.0612
39,MDP_Value,25x20,114,0.0580
39,MDP_Value,25x20,115,0.0549
39,MDP_Value,25x20,116,0.0520
39,MDP_Value,25x20,117,0.0492
39,MDP_Value,25x20,118,0.0466
39,MDP_Value,25x20,119,0.0441
39,MDP_Value,25x20,120,0.0417
39,MDP_Value,25x20,121,0.0395
39,MDP_Value,25x20,122,0.0374
39,MDP_Value,25x20,123,0.0354
39,MDP_Value,25x20,124,0.0335
39,MDP_Value,25x20,125,0.0317
39,MDP_Value,25x20,126,0.0300
39,MDP_Value,25x20,127,0.0284
39,MDP_Value,25x20,128,0.0269
39,MDP_Value,25x20,129,0.0255
39,MDP_Value,25x20,130,0.0241
39,MDP_Value,25x20,131,0.0228
39,MDP_Value,25x20,132,0.0216
39,MDP_Value,25x20,133,0.0205
39,MDP_Value,25x20,134,0.0194
39,MDP_Value,25x20,135,0.0183
39,MDP_Value,25x20,136,0.0174
39,MDP_Value,25x20,137,0.0164
39,MDP_Value,25x20,138,0.0156
39,MDP_Value,25x20,139,0.0147
39,MDP_Value,25x20,140,0.0139
39,MDP_Value,25x20,141,0.0132
39,MDP_Value,25x20,142,0.0125
39,MDP_Value,25x20,143,0.0118
39,MDP_Value,25x20,144,0.0112
39,MDP_Value,25x20,145,0.0106
39,MDP_Value,25x20,146,0.0100
39,MDP_Value,25x20,147,0.0095
39,MDP_Value,25x20,148,0.0090
39,MDP_Value,25x20,149,0.0085
39,MDP_Value,25x20,150,0.0081
39,MDP_Value,25x20,151,0.0076
40,MDP_Value,25x20,0,0.7004
40,MDP_Value,25x20,1,0.9192
40,MDP_Value,25x20,2,0.9777
40,MDP_Value,25x20,3,0.9907
40,MDP_Value,25x20,4,1.0317
40,MDP_Value,25x20,5,1.1240
40,MDP_Value,25x20,6,1.2323
40,MDP_Value,25x20,7,1.2734
40,MDP_Value,25x20,8,1.3800
40,MDP_Value,25x20,9,1.5205
40,MDP_Value,25x20,10,1.6864
40,MDP_Value,25x20,11,1.7682
40,MDP_Value,25x20,12,1.8348
40,MDP_Value,25x20,13,1.9088
40,MDP_Value,25x20,14,2.0411
40,MDP_Value,25x20,15,2.0877
40,MDP_Value,25x20,16,2.1376
40,MDP_Value,25x20,17,2.1774
40,MDP_Value,25x20,18,2.2779
40,MDP_Value,25x20,19,2.3497
40,MDP_Value,25x20,20,2.4319
40,MDP_Value,25x20,21,2.4754
40,MDP_Value,25x20,22,2.6674
40,MDP_Value,25x20,23,2.7266
40,MDP_Value,25x20,24,2.8196
40,MDP_Value,25x20,25,2.7904
40,MDP_Value,25x20,26,2.9100
40,MDP_Value,25x20,27,2.8648
40,MDP_Value,25x20,28,2.9353
40,MDP_Value,25x20,29,2.8616
40,MDP_Value,25x20,30,2.9311
40,MDP_Value,25x20,31,2.9199
40,MDP_Value,25x20,32,2.9909
40,MDP_Value,25x20,33,3.0118
40,MDP_Value,25x20,34,2.9957
40,MDP_Value,25x20,35,2.9001
40,MDP_Value,25x20,36,2.8364
40,MDP_Value,25x20,37,2.6969
40,MDP_Value,25x20,38,2.6243
40,MDP_Value,25x20,39,2.5087
40,MDP_Value,25x20,40,2.4604
40,MDP_Value,25x20,41,2.3756
40,MDP_Value,25x20,42,2.2951
40,MDP_Value,25x20,43,2.1954
40,MDP_Value,25x20,44,2.1197
40,MDP_Value,25x20,45,2.0205
40,MDP_Value,25x20,46,1.9589
40,MDP_Value,25x20,47,1.8729
40,MDP_Value,25x20,48,1.8200
40,MDP_Value,25x20,49,1.7370
40,MDP_Value,25x20,50,1.6838
40,MDP_Value,25x20,51,1.5925
40,MDP_Value,25x20,52,1.5316
40,MDP_Value,25x20,53,1.4548
40,MDP_Value,25x20,54,1.4108
40,MDP_Value,25x20,55,1.3590
40,MDP_Value,25x20,56,1.3027
40,MDP_Value,25x20,57,1.2436
40,MDP_Value,25x20,58,1.1853
40,MDP_Value,25x20,59,1.1253
40,MDP_Value,25x20,60,1.0710
40,MDP_Value,25x20,61,1.0194
40,MDP_Value,25x20,62,0.9767
40,MDP_Value,25x20,63,0.9296
40,MDP_Value,25x20,64,0.8847
40,MDP_Value,25x20,65,0.8419
40,MDP_Value,25x20,66,0.7981
40,MDP_Value,25x20,67,0.7555
40,MDP_Value,25x20,68,0.7152
40,MDP_Value,25x20,69,0.6771
40,MDP_Value,25x20,70,0.6410
40,MDP_Value,25x20,71,0.6068
40,MDP_Value,25x20,72,0.5744
40,MDP_Value,25x20,73,0.5438
40,MDP_Value,25x20,74,0.5148
40,MDP_Value,25x20,75,0.4873
40,MDP_Value,25x20,76,0.4613
40,MDP_Value,25x20,77,0.4367
40,MDP_Value,25x20,78,0.4134
40,MDP_Value,25x20,79,0.3914
40,MDP_Value,25x20,80,0.3705
40,MDP_Value,25x20,81,0.3508
40,MDP_Value,25x20,82,0.3321
40,MDP_Value,25x20,83,0.3143
40,MDP_Value,25x20,84,0.2976
40,MDP_Value,25x20,85,0.2817
40,MDP_Value,25x20,86,0.2667
40,MDP_Value,25x20,87,0.2525
40,MDP_Value,25x20,88,0.2390
40,MDP_Value,25x20,89,0.2263
40,MDP_Value,25x20,90,0.2142
40,MDP_Value,25x20,91,0.2028
40,MDP_Value,25x20,92,0.1919
40,MDP_Value,25x20,93,0.1817
40,MDP_Value,25x20,94,0.1720
40,MDP_Value,25x20,95,0.1628
40,MDP_Value,25x20,96,0.1542
40,MDP_Value,25x20,97,0.1459
40,MDP_Value,25x20,98,0.1382
40,MDP_Value,25x20,99,0.1308
40,MDP_Value,25x20,100,0.1238
40,MDP_Value,25x20,101,0.1172
40,MDP_Value,25x20,102,0.1110
40,MDP_Value,25x20,103,0.1050
40,MDP_Value,25x20,104,0.0994
40,MDP_Value,25x20,105,0.0941
40,MDP_Value,25x20,106,0.0891
40,MDP_Value,25x20,107,0.0844
40,MDP_Value,25x20,108,0.0799
40,MDP_Value,25x20,109,0.0756
40,MDP_Value,25x20,110,0.0716
40,MDP_Value,25x20,111,0.0678
40,MDP_Value,25x20,112,0.0641
40,MDP_Value,25x20,113,0.0607
40,MDP_Value,25x20,114,0.0575
40,MDP_Value,25x20,115,0.0544
40,MDP_Value,25x20,116,0.0515
40,MDP_Value,25x20,117,0.0488
40,MDP_Value,25x20,118,0.0462
40,MDP_Value,25x20,119,0.0437
40,MDP_Value,25x20,120,0.0414
40,MDP_Value,25x20,121,0.0392
40,MDP_Value,25x20,122,0.0371
40,MDP_Value,25x20,123,0.0351
40,MDP_Value,25x20,124,0.0332
40,MDP_Value,25x20,125,0.0315
40,MDP_Value,25x20,126,0.0298
40,MDP_Value,25x20,127,0.0282
40,MDP_Value,25x20,128,0.0267
40,MDP_Value,25x20,129,0.0253
40,MDP_Value,25x20,130,0.0239
40,MDP_Value,25x20,131,0.0226
40,MDP_Value,25x20,132,0.0214
40,MDP_Value,25x20,133,0.0203
40,MDP_Value,25x20,134,0.0192
40,MDP_Value,25x20,135,0.0182
40,MDP_Value,25x20,136,0.0172
40,MDP_Value,25x20,137,0.0163
40,MDP_Value,25x20,138,0.0154
40,MDP_Value,25x20,139,0.0146
40,MDP_Value,25x20,140,0.0138
40,MDP_Value,25x20,141,0.0131
40,MDP_Value,25x20,142,0.0124
40,MDP_Value,25x20,143,0.0117
40,MDP_Value,25x20,144,0.0111
40,MDP_Value,25x20,145,0.0105
40,MDP_Value,25x20,146,0.0100
40,MDP_Value,25x20,147,0.0094
40,MDP_Value,25x20,148,0.0089
40,MDP_Value,25x20,149,0.0084
40,MDP_Value,25x20,150,0.0080
40,MDP_Value,25x20,151,0.0076
41,MDP_Value,25x20,0,0.6983
41,MDP_Value,25x20,1,0.9153
41,MDP_Value,25x20,2,0.9686
41,MDP_Value,25x20,3,0.9821
41,MDP_Value,25x20,4,1.0220
41,MDP_Value,25x20,5,1.1132
41,MDP_Value,25x20,6,1.2191
41,MDP_Value,25x20,7,1.2582
41,MDP_Value,25x20,8,1.3643
41,MDP_Value,25x20,9,1.5019
41,MDP_Value,25x20,10,1.6654
41,MDP_Value,25x20,11,1.7438
41,MDP_Value,25x20,12,1.8096
41,MDP_Value,25x20,13,1.8820
41,MDP_Value,25x20,14,2.0129
41,MDP_Value,25x20,15,2.0565
41,MDP_Value,25x20,16,2.1064
41,MDP_Value,25x20,17,2.1447
41,MDP_Value,25x20,18,2.2447
41,MDP_Value,25x20,19,2.3139
41,MDP_Value,25x20,20,2.3953
41,MDP_Value,25x20,21,2.4369
41,MDP_Value,25x20,22,2.6286
41,MDP_Value,25x20,23,2.6829
41,MDP_Value,25x20,24,2.7767
41,MDP_Value,25x20,25,2.7446
41,MDP_Value,25x20,26,2.8661
41,MDP_Value,25x20,27,2.8168
41,MDP_Value,25x20,28,2.8903
41,MDP_Value,25x20,29,2.8132
41,MDP_Value,25x20,30,2.8860
41,MDP_Value,25x20,31,2.8713
41,MDP_Value,25x20,32,2.9442
41,MDP_Value,25x20,33,2.9623
41,MDP_Value,25x20,34,2.9470
41,MDP_Value,25x20,35,2.8513
41,MDP_Value,25x20,36,2.7900
41,MDP_Value,25x20,37,2.6508
41,MDP_Value,25x20,38,2.5814
41,MDP_Value,25x20,39,2.4659
41,MDP_Value,25x20,40,2.4203
41,MDP_Value,25x20,41,2.3354
41,MDP_Value,25x20,42,2.2570
41,MDP_Value,25x20,43,2.1582
41,MDP_Value,25x20,44,2.0844
41,MDP_Value,25x20,45,1.9861
41,MDP_Value,25x20,46,1.9265
41,MDP_Value,25x20,47,1.8410
41,MDP_Value,25x20,48,1.7899
41,MDP_Value,25x20,49,1.7073
41,MDP_Value,25x20,50,1.6560
41,MDP_Value,25x20,51,1.5650
41,MDP_Value,25x20,52,1.5062
41,MDP_Value,25x20,53,1.4298
41,MDP_Value,25x20,54,1.3875
41,MDP_Value,25x20,55,1.3359
41,MDP_Value,25x20,56,1.2807
41,MDP_Value,25x20,57,1.2225
41,MDP_Value,25x20,58,1.1653
41,MDP_Value,25x20,59,1.1061
41,MDP_Value,25x20,60,1.0528
41,MDP_Value,25x20,61,1.0021
41,MDP_Value,25x20,62,0.9602
41,MDP_Value,25x20,63,0.9138
41,MDP_Value,25x20,64,0.8697
41,MDP_Value,25x20,65,0.8276
41,MDP_Value,25x20,66,0.7845
41,MDP_Value,25x20,67,0.7427
41,MDP_Value,25x20,68,0.7030
41,MDP_Value,25x20,69,0.6655
41,MDP_Value,25x20,70,0.6301
41,MDP_Value,25x20,71,0.5965
41,MDP_Value,25x20,72,0.5646
41,MDP_Value,25x20,73,0.5345
41,MDP_Value,25x20,74,0.5060
41,MDP_Value,25x20,75,0.4790
41,MDP_Value,25x20,76,0.4535
41,MDP_Value,25x20,77,0.4293
41,MDP_Value,25x20,78,0.4064
41,MDP_Value,25x20,79,0.3847
41,MDP_Value,25x20,80,0.3642
41,MDP_Value,25x20,81,0.3448
41,MDP_Value,25x20,82,0.3264
41,MDP_Value,25x20,83,0.3090
41,MDP_Value,25x20,84,0.2925
41,MDP_Value,25x20,85,0.2769
41,MDP_Value,25x20,86,0.2621
41,MDP_Value,25x20,87,0.2482
41,MDP_Value,25x20,88,0.2349
41,MDP_Value,25x20,89,0.2224
41,MDP_Value,25x20,90,0.2105
41,MDP_Value,25x20,91,0.1993
41,MDP_Value,25x20,92,0.1887
41,MDP_Value,25x20,93,0.1786
41,MDP_Value,25x20,94,0.1691
41,MDP_Value,25x20,95,0.1601
41,MDP_Value,25x20,96,0.1515
41,MDP_Value,25x20,97,0.1434
41,MDP_Value,25x20,98,0.1358
41,MDP_Value,25x20,99,0.1286
41,MDP_Value,25x20,100,0.1217
41,MDP_Value,25x20,101,0.1152
41,MDP_Value,25x20,102,0.1091
41,MDP_Value,25x20,103,0.1032
41,MDP_Value,25x20,104,0.0977
41,MDP_Value,25x20,105,0.0925
41,MDP_Value,25x20,106,0.0876
41,MDP_Value,25x20,107,0.0829
41,MDP_Value,25x20,108,0.0785
41,MDP_Value,25x20,109,0.0743
41,MDP_Value,25x20,110,0.0703
41,MDP_Value,25x20,111,0.0666
41,MDP_Value,25x20,112,0.0630
41,MDP_Value,25x20,113,0.0597
41,MDP_Value,25x20,114,0.0565
41,MDP_Value,25x20,115,0.0535
41,MDP_Value,25x20,116,0.0506
41,MDP_Value,25x20,117,0.0479
41,MDP_Value,25x20,118,0.0454
41,MDP_Value,25x20,119,0.0430
41,MDP_Value,25x20,120,0.0407
41,MDP_Value,25x20,121,0.0385
41,MDP_Value,25x20,122,0.0364
41,MDP_Value,25x20,123,0.0345
41,MDP_Value,25x20,124,0.0327
41,MDP_Value,25x20,125,0.0309
41,MDP_Value,25x20,126,0.0293
41,MDP_Value,25x20,127,0.0277
41,MDP_Value,25x20,128,0.0262
41,MDP_Value,25x20,129,0.0248
41,MDP_Value,25x20,130,0.0235
41,MDP_Value,25x20,131,0.0223
41,MDP_Value,25x20,132,0.0211
41,MDP_Value,25x20,133,0.0199
41,MDP_Value,25x20,134,0.0189
41,MDP_Value,25x20,135,0.0179
41,MDP_Value,25x20,136,0.0169
41,MDP_Value,25x20,137,0.0160
41,MDP_Value,25x20,138,0.0152
41,MDP_Value,25x20,139,0.0144
41,MDP_Value,25x20,140,0.0136
41,MDP_Value,25x20,141,0.0129
41,MDP_Value,25x20,142,0.0122
41,MDP_Value,25x20,143,0.0115
41,MDP_Value,25x20,144,0.0109
41,MDP_Value,25x20,145,0.0103
41,MDP_Value,25x20,146,0.0098
41,MDP_Value,25x20,147,0.0093
41,MDP_Value,25x20,148,0.0088
41,MDP_Value,25x20,149,0.0083
41,MDP_Value,25x20,150,0.0079
41,MDP_Value,25x20,151,0.0074
42,MDP_Value,25x20,0,1.1745
42,MDP_Value,25x20,1,1.3615
42,MDP_Value,25x20,2,1.3858
42,MDP_Value,25x20,3,1.3763
42,MDP_Value,25x20,4,1.3928
42,MDP_Value,25x20,5,1.4614
42,MDP_Value,25x20,6,1.5446
42,MDP_Value,25x20,7,1.5630
42,MDP_Value,25x20,8,1.6498
42,MDP_Value,25x20,9,1.7669
42,MDP_Value,25x20,10,1.9106
42,MDP_Value,25x20,11,1.9707
42,MDP_Value,25x20,12,2.0209
42,MDP_Value,25x20,13,2.0778
42,MDP_Value,25x20,14,2.1934
42,MDP_Value,25x20,15,2.2224
42,MDP_Value,25x20,16,2.2601
42,MDP_Value,25x20,17,2.2861
42,MDP_Value,25x20,18,2.3743
42,MDP_Value,25x20,19,2.4311
42,MDP_Value,25x20,20,2.5018
42,MDP_Value,25x20,21,2.5329
42,MDP_Value,25x20,22,2.7137
42,MDP_Value,25x20,23,2.7561
42,MDP_Value,25x20,24,2.8418
42,MDP_Value,25x20,25,2.8012
42,MDP_Value,25x20,26,2.9160
42,MDP_Value,25x20,27,2.8581
42,MDP_Value,25x20,28,2.9269
42,MDP_Value,25x20,29,2.8428
42,MDP_Value,25x20,30,2.9118
42,MDP_Value,25x20,31,2.8898
42,MDP_Value,25x20,32,2.9583
42,MDP_Value,25x20,33,2.9697
42,MDP_Value,25x20,34,2.9508
42,MDP_Value,25x20,35,2.8523
42,MDP_Value,25x20,36,2.7896
42,MDP_Value,25x20,37,2.6488
42,MDP_Value,25x20,38,2.5791
42,MDP_Value,25x20,39,2.4619
42,MDP_Value,25x20,40,2.4158
42,MDP_Value,25x20,41,2.3289
42,MDP_Value,25x20,42,2.2502
42,MDP_Value,25x20,43,2.1507
42,MDP_Value,25x20,44,2.0768
42,MDP_Value,25x20,45,1.9780
42,MDP_Value,25x20,46,1.9184
42,MDP_Value,25x20,47,1.8323
42,MDP_Value,25x20,48,1.7811
42,MDP_Value,25x20,49,1.6979
42,MDP_Value,25x20,50,1.6468
42,MDP_Value,25x20,51,1.5556
42,MDP_Value,25x20,52,1.4973
42,MDP_Value,25x20,53,1.4208
42,MDP_Value,25x20,54,1.3788
42,MDP_Value,25x20,55,1.3266
42,MDP_Value,25x20,56,1.2717
42,MDP_Value,25x20,57,1.2135
42,MDP_Value,25x20,58,1.1566
42,MDP_Value,25x20,59,1.0978
42,MDP_Value,25x20,60,1.0449
42,MDP_Value,25x20,61,0.9944
42,MDP_Value,25x20,62,0.9527
42,MDP_Value,25x20,63,0.9065
42,MDP_Value,25x20,64,0.8627
42,MDP_Value,25x20,65,0.8209
42,MDP_Value,25x20,66,0.7780
42,MDP_Value,25x20,67,0.7366
42,MDP_Value,25x20,68,0.6973
42,MDP_Value,25x20,69,0.6601
42,MDP_Value,25x20,70,0.6249
42,MDP_Value,25x20,71,0.5916
42,MDP_Value,25x20,72,0.5600
42,MDP_Value,25x20,73,0.5301
42,MDP_Value,25x20,74,0.5019
42,MDP_Value,25x20,75,0.4751
42,MDP_Value,25x20,76,0.4498
42,MDP_Value,25x20,77,0.4258
42,MDP_Value,25x20,78,0.4031
42,MDP_Value,25x20,79,0.3816
42,MDP_Value,25x20,80,0.3612
42,MDP_Value,25x20,81,0.3419
42,MDP_Value,25x20,82,0.3237
42,MDP_Value,25x20,83,0.3064
42,MDP_Value,25x20,84,0.2901
42,MDP_Value,25x20,85,0.2746
42,MDP_Value,25x20,86,0.2600
42,MDP_Value,25x20,87,0.2461
42,MDP_Value,25x20,88,0.2330
42,MDP_Value,25x20,89,0.2206
42,MDP_Value,25x20,90,0.2088
42,MDP_Value,25x20,91,0.1977
42,MDP_Value,25x20,92,0.1871
42,MDP_Value,25x20,93,0.1771
42,MDP_Value,25x20,94,0.1677
42,MDP_Value,25x20,95,0.1588
42,MDP_Value,25x20,96,0.1503
42,MDP_Value,25x20,97,0.1423
42,MDP_Value,25x20,98,0.1347
42,MDP_Value,25x20,99,0.1275
42,MDP_Value,25x20,100,0.1207
42,MDP_Value,25x20,101,0.1143
42,MDP_Value,25x20,102,0.1082
42,MDP_Value,25x20,103,0.1024
42,MDP_Value,25x20,104,0.0969
42,MDP_Value,25x20,105,0.0918
42,MDP_Value,25x20,106,0.0869
42,MDP_Value,25x20,107,0.0822
42,MDP_Value,25x20,108,0.0779
42,MDP_Value,25x20,109,0.0737
42,MDP_Value,25x20,110,0.0698
42,MDP_Value,25x20,111,0.0661
42,MDP_Value,25x20,112,0.0625
42,MDP_Value,25x20,113,0.0592
42,MDP_Value,25x20,114,0.0560
42,MDP_Value,25x20,115,0.0530
42,MDP_Value,25x20,116,0.0502
42,MDP_Value,25x20,117,0.0475
42,MDP_Value,25x20,118,0.0450
42,MDP_Value,25x20,119,0.0426
42,MDP_Value,25x20,120,0.0403
42,MDP_Value,25x20,121,0.0382
42,MDP_Value,25x20,122,0.0361
42,MDP_Value,25x20,123,0.0342
42,MDP_Value,25x20,124,0.0324
42,MDP_Value,25x20,125,0.0307
42,MDP_Value,25x20,126,0.0290
42,MDP_Value,25x20,127,0.0275
42,MDP_Value,25x20,128,0.0260
42,MDP_Value,25x20,129,0.0246
42,MDP_Value,25x20,130,0.0233
42,MDP_Value,25x20,131,0.0221
42,MDP_Value,25x20,132,0.0209
42,MDP_Value,25x20,133,0.0198
42,MDP_Value,25x20,134,0.0187
42,MDP_Value,25x20,135,0.0177
42,MDP_Value,25x20,136,0.0168
42,MDP_Value,25x20,137,0.0159
42,MDP_Value,25x20,138,0.0150
42,MDP_Value,25x20,139,0.0142
42,MDP_Value,25x20,140,0.0135
42,MDP_Value,25x20,141,0.0128
42,MDP_Value,25x20,142,0.0121
42,MDP_Value,25x20,143,0.0114
42,MDP_Value,25x20,144,0.0108
42,MDP_Value,25x20,145,0.0102
42,MDP_Value,25x20,146,0.0097
42,MDP_Value,25x20,147,0.0092
42,MDP_Value,25x20,148,0.0087
42,MDP_Value,25x20,149,0.0082
42,MDP_Value,25x20,150,0.0078
42,MDP_Value,25x20,151,0.0074
43,MDP_Value,25x20,0,2.1797
43,MDP_Value,25x20,1,2.3036
43,MDP_Value,25x20,2,2.2667
43,MDP_Value,25x20,3,2.2085
43,MDP_Value,25x20,4,2.1757
43,MDP_Value,25x20,5,2.1964
43,MDP_Value,25x20,6,2.2316
43,MDP_Value,25x20,7,2.2065
43,MDP_Value,25x20,8,2.2524
43,MDP_Value,25x20,9,2.3262
43,MDP_Value,25x20,10,2.4285
43,MDP_Value,25x20,11,2.4498
43,MDP_Value,25x20,12,2.4671
43,MDP_Value,25x20,13,2.4913
43,MDP_Value,25x20,14,2.5745
43,MDP_Value,25x20,15,2.5724
43,MDP_Value,25x20,16,2.5848
43,MDP_Value,25x20,17,2.5846
43,MDP_Value,25x20,18,2.6478
43,MDP_Value,25x20,19,2.6787
43,MDP_Value,25x20,20,2.7267
43,MDP_Value,25x20,21,2.7354
43,MDP_Value,25x20,22,2.8933
43,MDP_Value,25x20,23,2.9107
43,MDP_Value,25x20,24,2.9795
43,MDP_Value,25x20,25,2.9206
43,MDP_Value,25x20,26,3.0213
43,MDP_Value,25x20,27,2.9453
43,MDP_Value,25x20,28,3.0042
43,MDP_Value,25x20,29,2.9053
43,MDP_Value,25x20,30,2.9662
43,MDP_Value,25x20,31,2.9287
43,MDP_Value,25x20,32,2.9881
43,MDP_Value,25x20,33,2.9853
43,MDP_Value,25x20,34,2.9590
43,MDP_Value,25x20,35,2.8543
43,MDP_Value,25x20,36,2.7887
43,MDP_Value,25x20,37,2.6445
43,MDP_Value,25x20,38,2.5743
43,MDP_Value,25x20,39,2.4536
43,MDP_Value,25x20,40,2.4063
43,MDP_Value,25x20,41,2.3152
43,MDP_Value,25x20,42,2.2360
43,MDP_Value,25x20,43,2.1350
43,MDP_Value,25x20,44,2.0609
43,MDP_Value,25x20,45,1.9610
43,MDP_Value,25x20,46,1.9013
43,MDP_Value,25x20,47,1.8138
43,MDP_Value,25x20,48,1.7626
43,MDP_Value,25x20,49,1.6782
43,MDP_Value,25x20,50,1.6274
43,MDP_Value,25x20,51,1.5357
43,MDP_Value,25x20,52,1.4787
43,MDP_Value,25x20,53,1.4017
43,MDP_Value,25x20,54,1.3603
43,MDP_Value,25x20,55,1.3070
43,MDP_Value,25x20,56,1.2526
43,MDP_Value,25x20,57,1.1946
43,MDP_Value,25x20,58,1.1384
43,MDP_Value,25x20,59,1.0802
43,MDP_Value,25x20,60,1.0281
43,MDP_Value,25x20,61,0.9781
43,MDP_Value,25x20,62,0.9369
43,MDP_Value,25x20,63,0.8910
43,MDP_Value,25x20,64,0.8479
43,MDP_Value,25x20,65,0.8066
43,MDP_Value,25x20,66,0.7644
43,MDP_Value,25x20,67,0.7237
43,MDP_Value,25x20,68,0.6851
43,MDP_Value,25x20,69,0.6485
43,MDP_Value,25x20,70,0.6139
43,MDP_Value,25x20,71,0.5812
43,MDP_Value,25x20,72,0.5502
43,MDP_Value,25x20,73,0.5209
43,MDP_Value,25x20,74,0.4931
43,MDP_Value,25x20,75,0.4668
43,MDP_Value,25x20,76,0.4419
43,MDP_Value,25x20,77,0.4183
43,MDP_Value,25x20,78,0.3960
43,MDP_Value,25x20,79,0.3749
43,MDP_Value,25x20,80,0.3549
43,MDP_Value,25x20,81,0.3360
43,MDP_Value,25x20,82,0.3181
43,MDP_Value,25x20,83,0.3011
43,MDP_Value,25x20,84,0.2850
43,MDP_Value,25x20,85,0.2698
43,MDP_Value,25x20,86,0.2554
43,MDP_Value,25x20,87,0.2418
43,MDP_Value,25x20,88,0.2289
43,MDP_Value,25x20,89,0.2167
43,MDP_Value,25x20,90,0.2052
43,MDP_Value,25x20,91,0.1942
43,MDP_Value,25x20,92,0.1839
43,MDP_Value,25x20,93,0.1740
43,MDP_Value,25x20,94,0.1648
43,MDP_Value,25x20,95,0.1560
43,MDP_Value,25x20,96,0.1477
43,MDP_Value,25x20,97,0.1398
43,MDP_Value,25x20,98,0.1323
43,MDP_Value,25x20,99,0.1253
43,MDP_Value,25x20,100,0.1186
43,MDP_Value,25x20,101,0.1123
43,MDP_Value,25x20,102,0.1063
43,MDP_Value,25x20,103,0.1006
43,MDP_Value,25x20,104,0.0952
43,MDP_Value,25x20,105,0.0902
43,MDP_Value,25x20,106,0.0854
43,MDP_Value,25x20,107,0.0808
43,MDP_Value,25x20,108,0.0765
43,MDP_Value,25x20,109,0.0724
43,MDP_Value,25x20,110,0.0686
43,MDP_Value,25x20,111,0.0649
43,MDP_Value,25x20,112,0.0614
43,MDP_Value,25x20,113,0.0582
43,MDP_Value,25x20,114,0.0551
43,MDP_Value,25x20,115,0.0521
43,MDP_Value,25x20,116,0.0493
43,MDP_Value,25x20,117,0.0467
43,MDP_Value,25x20,118,0.0442
43,MDP_Value,25x20,119,0.0419
43,MDP_Value,25x20,120,0.0396
43,MDP_Value,25x20,121,0.0375
43,MDP_Value,25x20,122,0.0355
43,MDP_Value,25x20,123,0.0336
43,MDP_Value,25x20,124,0.0318
43,MDP_Value,25x20,125,0.0301
43,MDP_Value,25x20,126,0.0285
43,MDP_Value,25x20,127,0.0270
43,MDP_Value,25x20,128,0.0256
43,MDP_Value,25x20,129,0.0242
43,MDP_Value,25x20,130,0.0229
43,MDP_Value,25x20,131,0.0217
43,MDP_Value,25x20,132,0.0205
43,MDP_Value,25x20,133,0.0194
43,MDP_Value,25x20,134,0.0184
43,MDP_Value,25x20,135,0.0174
43,MDP_Value,25x20,136,0.0165
43,MDP_Value,25x20,137,0.0156
43,MDP_Value,25x20,138,0.0148
43,MDP_Value,25x20,139,0.0140
43,MDP_Value,25x20,140,0.0132
43,MDP_Value,25x20,141,0.0125
43,MDP_Value,25x20,142,0.0119
43,MDP_Value,25x20,143,0.0112
43,MDP_Value,25x20,144,0.0106
43,MDP_Value,25x20,145,0.0101
43,MDP_Value,25x20,146,0.0095
43,MDP_Value,25x20,147,0.0090
43,MDP_Value,25x20,148,0.0085
43,MDP_Value,25x20,149,0.0081
43,MDP_Value,25x20,150,0.0077
43,MDP_Value,25x20,151,0.0072
14,MDP_Value,24x28,0,1.1206
14,MDP_Value,24x28,1,1.1156
14,MDP_Value,24x28,2,1.1418
14,MDP_Value,24x28,3,1.2223
14,MDP_Value,24x28,4,1.2582
14,MDP_Value,24x28,5,1.3089
14,MDP_Value,24x28,6,1.3222
14,MDP_Value,24x28,7,1.3972
14,MDP_Value,24x28,8,1.4577
14,MDP_Value,24x28,9,1.5223
14,MDP_Value,24x28,10,1.6290
14,MDP_Value,24x28,11,1.5900
14,MDP_Value,24x28,12,1.6108
14,MDP_Value,24x28,13,1.5937
14,MDP_Value,24x28,14,1.5544
14,MDP_Value,24x28,15,1.5002
14,MDP_Value,24x28,16,1.4577
14,MDP_Value,24x28,17,1.4029
14,MDP_Value,24x28,18,1.3801
14,MDP_Value,24x28,19,1.3348
14,MDP_Value,24x28,20,1.3066
14,MDP_Value,24x28,21,1.2596
14,MDP_Value,24x28,22,1.2118
14,MDP_Value,24x28,23,1.1576
14,MDP_Value,24x28,24,1.1253
14,MDP_Value,24x28,25,1.0669
14,MDP_Value,24x28,26,1.0640
14,MDP_Value,24x28,27,1.0359
14,MDP_Value,24x28,28,1.0206
14,MDP_Value,24x28,29,0.9938
14,MDP_Value,24x28,30,0.9695
14,MDP_Value,24x28,31,0.9358
14,MDP_Value,24x28,32,0.9249
14,MDP_Value,24x28,33,0.8974
14,MDP_Value,24x28,34,0.8885
14,MDP_Value,24x28,35,0.8617
14,MDP_Value,24x28,36,0.8596
14,MDP_Value,24x28,37,0.8304
14,MDP_Value,24x28,38,0.8150
14,MDP_Value,24x28,39,0.7869
14,MDP_Value,24x28,40,0.7754
14,MDP_Value,24x28,41,0.7443
14,MDP_Value,24x28,42,0.7316
14,MDP_Value,24x28,43,0.7092
14,MDP_Value,24x28,44,0.6939
14,MDP_Value,24x28,45,0.6867
14,MDP_Value,24x28,46,0.6716
14,MDP_Value,24x28,47,0.6394
14,MDP_Value,24x28,48,0.6166
14,MDP_Value,24x28,49,0.5965
14,MDP_Value,24x28,50,0.5781
14,MDP_Value,24x28,51,0.5556
14,MDP_Value,24x28,52,0.5342
14,MDP_Value,24x28,53,0.5199
14,MDP_Value,24x28,54,0.5012
14,MDP_Value,24x28,55,0.4809
14,MDP_Value,24x28,56,0.4645
14,MDP_Value,24x28,57,0.4443
14,MDP_Value,24x28,58,0.4210
14,MDP_Value,24x28,59,0.3993
14,MDP_Value,24x28,60,0.3770
14,MDP_Value,24x28,61,0.3559
14,MDP_Value,24x28,62,0.3346
14,MDP_Value,24x28,63,0.3137
14,MDP_Value,24x28,64,0.2955
14,MDP_Value,24x28,65,0.2785
14,MDP_Value,24x28,66,0.2626
14,MDP_Value,24x28,67,0.2474
14,MDP_Value,24x28,68,0.2332
14,MDP_Value,24x28,69,0.2201
14,MDP_Value,24x28,70,0.2077
14,MDP_Value,24x28,71,0.1946
14,MDP_Value,24x28,72,0.1833
14,MDP_Value,24x28,73,0.1731
14,MDP_Value,24x28,74,0.1632
14,MDP_Value,24x28,75,0.1536
14,MDP_Value,24x28,76,0.1452
14,MDP_Value,24x28,77,0.1360
14,MDP_Value,24x28,78,0.1281
14,MDP_Value,24x28,79,0.1200
14,MDP_Value,24x28,80,0.1130
14,MDP_Value,24x28,81,0.1058
14,MDP_Value,24x28,82,0.1000
14,MDP_Value,24x28,83,0.0938
14,MDP_Value,24x28,84,0.0883
14,MDP_Value,24x28,85,0.0823
14,MDP_Value,24x28,86,0.0772
14,MDP_Value,24x28,87,0.0724
14,MDP_Value,24x28,88,0.0678
14,MDP_Value,24x28,89,0.0634
14,MDP_Value,24x28,90,0.0593
14,MDP_Value,24x28,91,0.0555
14,MDP_Value,24x28,92,0.0519
14,MDP_Value,24x28,93,0.0484
14,MDP_Value,24x28,94,0.0452
14,MDP_Value,24x28,95,0.0421
14,MDP_Value,24x28,96,0.0391
14,MDP_Value,24x28,97,0.0364
14,MDP_Value,24x28,98,0.0339
14,MDP_Value,24x28,99,0.0315
14,MDP_Value,24x28,100,0.0293
14,MDP_Value,24x28,101,0.0272
14,MDP_Value,24x28,102,0.0253
14,MDP_Value,24x28,103,0.0236
14,MDP_Value,24x28,104,0.0219
14,MDP_Value,24x28,105,0.0204
14,MDP_Value,24x28,106,0.0189
14,MDP_Value,24x28,107,0.0176
14,MDP_Value,24x28,108,0.0164
14,MDP_Value,24x28,109,0.0152
14,MDP_Value,24x28,110,0.0142
14,MDP_Value,24x28,111,0.0132
14,MDP_Value,24x28,112,0.0123
14,MDP_Value,24x28,113,0.0114
14,MDP_Value,24x28,114,0.0106
14,MDP_Value,24x28,115,0.0099
14,MDP_Value,24x28,116,0.0092
14,MDP_Value,24x28,117,0.0085
14,MDP_Value,24x28,118,0.0079
14,MDP_Value,24x28,119,0.0074
15,MDP_Value,24x28,0,1.1206
15,MDP_Value,24x28,1,1.1156
15,MDP_Value,24x28,2,1.1418
15,MDP_Value,24x28,3,1.2223
15,MDP_Value,24x28,4,1.2582
15,MDP_Value,24x28,5,1.4736
15,MDP_Value,24x28,6,1.5053
15,MDP_Value,24x28,7,1.7323
15,MDP_Value,24x28,8,1.7743
15,MDP_Value,24x28,9,1.9376
15,MDP_Value,24x28,10,2.0195
15,MDP_Value,24x28,11,2.0223
15,MDP_Value,24x28,12,2.0321
15,MDP_Value,24x28,13,2.0922
15,MDP_Value,24x28,14,2.1926
15,MDP_Value,24x28,15,2.2828
15,MDP_Value,24x28,16,2.3990
15,MDP_Value,24x28,17,2.3741
15,MDP_Value,24x28,18,2.4228
15,MDP_Value,24x28,19,2.4073
15,MDP_Value,24x28,20,2.5084
15,MDP_Value,24x28,21,2.5196
15,MDP_Value,24x28,22,2.6489
15,MDP_Value,24x28,23,2.6564
15,MDP_Value,24x28,24,2.6656
15,MDP_Value,24x28,25,2.6119
15,MDP_Value,24x28,26,2.5740
15,MDP_Value,24x28,27,2.5081
15,MDP_Value,24x28,28,2.4530
15,MDP_Value,24x28,29,2.3943
15,MDP_Value,24x28,30,2.3045
15,MDP_Value,24x28,31,2.1902
15,MDP_Value,24x28,32,2.0878
15,MDP_Value,24x28,33,1.9966
15,MDP_Value,24x28,34,1.9013
15,MDP_Value,24x28,35,1.8436
15,MDP_Value,24x28,36,1.7741
15,MDP_Value,24x28,37,1.7126
15,MDP_Value,24x28,38,1.6465
15,MDP_Value,24x28,39,1.5600
15,MDP_Value,24x28,40,1.4879
15,MDP_Value,24x28,41,1.4108
15,MDP_Value,24x28,42,1.3554
15,MDP_Value,24x28,43,1.2928
15,MDP_Value,24x28,44,1.2416
15,MDP_Value,24x28,45,1.1886
15,MDP_Value,24x28,46,1.1339
15,MDP_Value,24x28,47,1.0824
15,MDP_Value,24x28,48,1.0277
15,MDP_Value,24x28,49,0.9798
15,MDP_Value,24x28,50,0.9284
15,MDP_Value,24x28,51,0.8870
15,MDP_Value,24x28,52,0.8381
15,MDP_Value,24x28,53,0.7914
15,MDP_Value,24x28,54,0.7441
15,MDP_Value,24x28,55,0.7023
15,MDP_Value,24x28,56,0.6561
15,MDP_Value,24x28,57,0.6158
15,MDP_Value,24x28,58,0.5734
15,MDP_Value,24x28,59,0.5376
15,MDP_Value,24x28,60,0.5026
15,MDP_Value,24x28,61,0.4712
15,MDP_Value,24x28,62,0.4427
15,MDP_Value,24x28,63,0.4179
15,MDP_Value,24x28,64,0.3895
15,MDP_Value,24x28,65,0.3658
15,MDP_Value,24x28,66,0.3422
15,MDP_Value,24x28,67,0.3195
15,MDP_Value,24x28,68,0.2983
15,MDP_Value,24x28,69,0.2777
15,MDP_Value,24x28,70,0.2583
15,MDP_Value,24x28,71,0.2402
15,MDP_Value,24x28,72,0.2234
15,MDP_Value,24x28,73,0.2077
15,MDP_Value,24x28,74,0.1932
15,MDP_Value,24x28,75,0.1797
15,MDP_Value,24x28,76,0.1671
15,MDP_Value,24x28,77,0.1554
15,MDP_Value,24x28,78,0.1445
15,MDP_Value,24x28,79,0.1344
15,MDP_Value,24x28,80,0.1250
15,MDP_Value,24x28,81,0.1162
15,MDP_Value,24x28,82,0.1081
15,MDP_Value,24x28,83,0.1005
15,MDP_Value,24x28,84,0.0935
15,MDP_Value,24x28,85,0.0870
15,MDP_Value,24x28,86,0.0809
15,MDP_Value,24x28,87,0.0752
15,MDP_Value,24x28,88,0.0699
15,MDP_Value,24x28,89,0.0650
15,MDP_Value,24x28,90,0.0605
15,MDP_Value,24x28,91,0.0563
15,MDP_Value,24x28,92,0.0523
15,MDP_Value,24x28,93,0.0487
15,MDP_Value,24x28,94,0.0453
15,MDP_Value,24x28,95,0.0421
15,MDP_Value,24x28,96,0.0391
15,MDP_Value,24x28,97,0.0364
15,MDP_Value,24x28,98,0.0339
15,MDP_Value,24x28,99,0.0315
15,MDP_Value,24x28,100,0.0293
15,MDP_Value,24x28,101,0.0272
15,MDP_Value,24x28,102,0.0253
15,MDP_Value,24x28,103,0.0236
15,MDP_Value,24x28,104,0.0219
15,MDP_Value,24x28,105,0.0204
15,MDP_Value,24x28,106,0.0189
15,MDP_Value,24x28,107,0.0176
15,MDP_Value,24x28,108,0.0164
15,MDP_Value,24x28,109,0.0152
15,MDP_Value,24x28,110,0.0142
15,MDP_Value,24x28,111,0.0132
15,MDP_Value,24x28,112,0.0123
15,MDP_Value,24x28,113,0.0114
15,MDP_Value,24x28,114,0.0106
15,MDP_Value,24x28,115,0.0099
15,MDP_Value,24x28,116,0.0092
15,MDP_Value,24x28,117,0.0085
15,MDP_Value,24x28,118,0.0079
15,MDP_Value,24x28,119,0.0074
16,MDP_Value,24x28,0,0.3885
16,MDP_Value,24x28,1,0.4374
16,MDP_Value,24x28,2,0.5144
16,MDP_Value,24x28,3,0.6443
16,MDP_Value,24x28,4,0.7254
16,MDP_Value,24x28,5,0.9904
16,MDP_Value,24x28,6,1.0621
16,MDP_Value,24x28,7,1.3375
16,MDP_Value,24x28,8,1.4163
16,MDP_Value,24x28,9,1.6234
16,MDP_Value,24x28,10,1.7419
16,MDP_Value,24x28,11,1.7774
16,MDP_Value,24x28,12,1.8186
16,MDP_Value,24x28,13,1.9118
16,MDP_Value,24x28,14,2.0467
16,MDP_Value,24x28,15,2.1699
16,MDP_Value,24x28,16,2.3208
16,MDP_Value,24x28,17,2.3188
16,MDP_Value,24x28,18,2.3967
16,MDP_Value,24x28,19,2.4029
16,MDP_Value,24x28,20,2.5363
16,MDP_Value,24x28,21,2.5697
16,MDP_Value,24x28,22,2.7336
16,MDP_Value,24x28,23,2.7619
16,MDP_Value,24x28,24,2.7932
16,MDP_Value,24x28,25,2.7533
16,MDP_Value,24x28,26,2.7308
16,MDP_Value,24x28,27,2.6756
16,MDP_Value,24x28,28,2.6319
16,MDP_Value,24x28,29,2.5831
16,MDP_Value,24x28,30,2.4983
16,MDP_Value,24x28,31,2.3846
16,MDP_Value,24x28,32,2.2834
16,MDP_Value,24x28,33,2.1937
16,MDP_Value,24x28,34,2.0981
16,MDP_Value,24x28,35,2.0448
16,MDP_Value,24x28,36,1.9767
16,MDP_Value,24x28,37,1.9173
16,MDP_Value,24x28,38,1.8517
16,MDP_Value,24x28,39,1.7615
16,MDP_Value,24x28,40,1.6875
16,MDP_Value,24x28,41,1.6065
16,MDP_Value,24x28,42,1.5505
16,MDP_Value,24x28,43,1.4850
16,MDP_Value,24x28,44,1.4326
16,MDP_Value,24x28,45,1.3773
16,MDP_Value,24x28,46,1.3194
16,MDP_Value,24x28,47,1.2648
16,MDP_Value,24x28,48,1.2057
16,MDP_Value,24x28,49,1.1542
16,MDP_Value,24x28,50,1.0980
16,MDP_Value,24x28,51,1.0535
16,MDP_Value,24x28,52,0.9993
16,MDP_Value,24x28,53,0.9472
16,MDP_Value,24x28,54,0.8940
16,MDP_Value,24x28,55,0.8471
16,MDP_Value,24x28,56,0.7941
16,MDP_Value,24x28,57,0.7482
16,MDP_Value,24x28,58,0.6992
16,MDP_Value,24x28,59,0.6580
16,MDP_Value,24x28,60,0.6175
16,MDP_Value,24x28,61,0.5811
16,MDP_Value,24x28,62,0.5480
16,MDP_Value,24x28,63,0.5193
16,MDP_Value,24x28,64,0.4858
16,MDP_Value,24x28,65,0.4579
16,MDP_Value,24x28,66,0.4300
16,MDP_Value,24x28,67,0.4029
16,MDP_Value,24x28,68,0.3775
16,MDP_Value,24x28,69,0.3527
16,MDP_Value,24x28,70,0.3292
16,MDP_Value,24x28,71,0.3073
16,MDP_Value,24x28,72,0.2868
16,MDP_Value,24x28,73,0.2677
16,MDP_Value,24x28,74,0.2498
16,MDP_Value,24x28,75,0.2332
16,MDP_Value,24x28,76,0.2176
16,MDP_Value,24x28,77,0.2031
16,MDP_Value,24x28,78,0.1896
16,MDP_Value,24x28,79,0.1769
16,MDP_Value,24x28,80,0.1651
16,MDP_Value,24x28,81,0.1541
16,MDP_Value,24x28,82,0.1439
16,MDP_Value,24x28,83,0.1343
16,MDP_Value,24x28,84,0.1253
16,MDP_Value,24x28,85,0.1170
16,MDP_Value,24x28,86,0.1092
16,MDP_Value,24x28,87,0.1019
16,MDP_Value,24x28,88,0.0951
16,MDP_Value,24x28,89,0.0888
16,MDP_Value,24x28,90,0.0828
16,MDP_Value,24x28,91,0.0773
16,MDP_Value,24x28,92,0.0722
16,MDP_Value,24x28,93,0.0673
16,MDP_Value,24x28,94,0.0629
16,MDP_Value,24x28,95,0.0587
16,MDP_Value,24x28,96,0.0548
16,MDP_Value,24x28,97,0.0511
16,MDP_Value,24x28,98,0.0477
16,MDP_Value,24x28,99,0.0445
16,MDP_Value,24x28,100,0.0416
16,MDP_Value,24x28,101,0.0388
16,MDP_Value,24x28,102,0.0362
16,MDP_Value,24x28,103,0.0338
16,MDP_Value,24x28,104,0.0315
16,MDP_Value,24x28,105,0.0294
16,MDP_Value,24x28,106,0.0275
16,MDP_Value,24x28,107,0.0256
16,MDP_Value,24x28,108,0.0239
16,MDP_Value,24x28,109,0.0223
16,MDP_Value,24x28,110,0.0208
16,MDP_Value,24x28,111,0.0195
16,MDP_Value,24x28,112,0.0182
16,MDP_Value,24x28,113,0.0169
16,MDP_Value,24x28,114,0.0158
16,MDP_Value,24x28,115,0.0148
16,MDP_Value,24x28,116,0.0138
16,MDP_Value,24x28,117,0.0129
16,MDP_Value,24x28,118,0.0120
16,MDP_Value,24x28,119,0.0112
16,MDP_Value,24x28,120,0.0105
16,MDP_Value,24x28,121,0.0098
16,MDP_Value,24x28,122,0.0091
16,MDP_Value,24x28,123,0.0085
16,MDP_Value,24x28,124,0.0079
16,MDP_Value,24x28,125,0.0074
17,MDP_Value,24x28,0,1.1340
17,MDP_Value,24x28,1,1.1322
17,MDP_Value,24x28,2,1.1619
17,MDP_Value,24x28,3,1.2469
17,MDP_Value,24x28,4,1.2869
17,MDP_Value,24x28,5,1.5106
17,MDP_Value,24x28,6,1.5476
17,MDP_Value,24x28,7,1.7858
17,MDP_Value,24x28,8,1.8347
17,MDP_Value,24x28,9,2.0098
17,MDP_Value,24x28,10,2.1014
17,MDP_Value,24x28,11,2.1113
17,MDP_Value,24x28,12,2.1288
17,MDP_Value,24x28,13,2.1991
17,MDP_Value,24x28,14,2.3123
17,MDP_Value,24x28,15,2.4155
17,MDP_Value,24x28,16,2.5470
17,MDP_Value,24x28,17,2.5293
17,MDP_Value,24x28,18,2.5902
17,MDP_Value,24x28,19,2.5826
17,MDP_Value,24x28,20,2.7004
17,MDP_Value,24x28,21,2.7219
17,MDP_Value,24x28,22,2.8715
17,MDP_Value,24x28,23,2.8896
17,MDP_Value,24x28,24,2.9099
17,MDP_Value,24x28,25,2.8614
17,MDP_Value,24x28,26,2.8298
17,MDP_Value,24x28,27,2.7672
17,MDP_Value,24x28,28,2.7160
17,MDP_Value,24x28,29,2.6604
17,MDP_Value,24x28,30,2.5698
17,MDP_Value,24x28,31,2.4509
17,MDP_Value,24x28,32,2.3447
17,MDP_Value,24x28,33,2.2504
17,MDP_Value,24x28,34,2.1506
17,MDP_Value,24x28,35,2.0928
17,MDP_Value,24x28,36,2.0210
17,MDP_Value,24x28,37,1.9579
17,MDP_Value,24x28,38,1.8891
17,MDP_Value,24x28,39,1.7962
17,MDP_Value,24x28,40,1.7194
17,MDP_Value,24x28,41,1.6360
17,MDP_Value,24x28,42,1.5774
17,MDP_Value,24x28,43,1.5100
17,MDP_Value,24x28,44,1.4553
17,MDP_Value,24x28,45,1.3982
17,MDP_Value,24x28,46,1.3386
17,MDP_Value,24x28,47,1.2824
17,MDP_Value,24x28,48,1.2219
17,MDP_Value,24x28,49,1.1691
17,MDP_Value,24x28,50,1.1118
17,MDP_Value,24x28,51,1.0660
17,MDP_Value,24x28,52,1.0109
17,MDP_Value,24x28,53,0.9579
17,MDP_Value,24x28,54,0.9038
17,MDP_Value,24x28,55,0.8561
17,MDP_Value,24x28,56,0.8026
17,MDP_Value,24x28,57,0.7561
17,MDP_Value,24x28,58,0.7066
17,MDP_Value,24x28,59,0.6648
17,MDP_Value,24x28,60,0.6238
17,MDP_Value,24x28,61,0.5869
17,MDP_Value,24x28,62,0.5534
17,MDP_Value,24x28,63,0.5243
17,MDP_Value,24x28,64,0.4904
17,MDP_Value,24x28,65,0.4621
17,MDP_Value,24x28,66,0.4340
17,MDP_Value,24x28,67,0.4066
17,MDP_Value,24x28,68,0.3810
17,MDP_Value,24x28,69,0.3559
17,MDP_Value,24x28,70,0.3322
17,MDP_Value,24x28,71,0.3100
17,MDP_Value,24x28,72,0.2894
17,MDP_Value,24x28,73,0.2701
17,MDP_Value,24x28,74,0.2521
17,MDP_Value,24x28,75,0.2353
17,MDP_Value,24x28,76,0.2196
17,MDP_Value,24x28,77,0.2049
17,MDP_Value,24x28,78,0.1913
17,MDP_Value,24x28,79,0.1785
17,MDP_Value,24x28,80,0.1666
17,MDP_Value,24x28,81,0.1555
17,MDP_Value,24x28,82,0.1452
17,MDP_Value,24x28,83,0.1355
17,MDP_Value,24x28,84,0.1264
17,MDP_Value,24x28,85,0.1180
17,MDP_Value,24x28,86,0.1101
17,MDP_Value,24x28,87,0.1028
17,MDP_Value,24x28,88,0.0960
17,MDP_Value,24x28,89,0.0896
17,MDP_Value,24x28,90,0.0836
17,MDP_Value,24x28,91,0.0780
17,MDP_Value,24x28,92,0.0728
17,MDP_Value,24x28,93,0.0680
17,MDP_Value,24x28,94,0.0634
17,MDP_Value,24x28,95,0.0592
17,MDP_Value,24x28,96,0.0553
17,MDP_Value,24x28,97,0.0516
17,MDP_Value,24x28,98,0.0481
17,MDP_Value,24x28,99,0.0449
17,MDP_Value,24x28,100,0.0419
17,MDP_Value,24x28,101,0.0391
17,MDP_Value,24x28,102,0.0365
17,MDP_Value,24x28,103,0.0341
17,MDP_Value,24x28,104,0.0318
17,MDP_Value,24x28,105,0.0297
17,MDP_Value,24x28,106,0.0277
17,MDP_Value,24x28,107,0.0259
17,MDP_Value,24x28,108,0.0241
17,MDP_Value,24x28,109,0.0225
17,MDP_Value,24x28,110,0.0210
17,MDP_Value,24x28,111,0.0196
17,MDP_Value,24x28,112,0.0183
17,MDP_Value,24x28,113,0.0171
17,MDP_Value,24x28,114,0.0160
17,MDP_Value,24x28,115,0.0149
17,MDP_Value,24x28,116,0.0139
17,MDP_Value,24x28,117,0.0130
17,MDP_Value,24x28,118,0.0121
17,MDP_Value,24x28,119,0.0113
17,MDP_Value,24x28,120,0.0105
17,MDP_Value,24x28,121,0.0098
17,MDP_Value,24x28,122,0.0092
17,MDP_Value,24x28,123,0.0086
17,MDP_Value,24x28,124,0.0080
17,MDP_Value,24x28,125,0.0075
18,MDP_Value,24x28,0,1.1202
18,MDP_Value,24x28,1,0.7112
18,MDP_Value,24x28,2,0.4652
18,MDP_Value,24x28,3,0.3163
18,MDP_Value,24x28,4,0.2090
18,MDP_Value,24x28,5,0.1540
18,MDP_Value,24x28,6,0.1021
18,MDP_Value,24x28,7,0.0740
18,MDP_Value,24x28,8,0.0493
18,MDP_Value,24x28,9,0.0342
18,MDP_Value,24x28,10,0.0231
18,MDP_Value,24x28,11,0.0148
18,MDP_Value,24x28,12,0.0096
18,MDP_Value,24x28,13,0.0064
18,MDP_Value,24x28,14,0.0043
18,MDP_Value,24x28,15,0.0029
18,MDP_Value,24x28,16,0.0019
18,MDP_Value,24x28,17,0.0012
19,MDP_Value,24x28,0,2.1095
19,MDP_Value,24x28,1,1.5242
19,MDP_Value,24x28,2,1.1206
19,MDP_Value,24x28,3,0.8452
19,MDP_Value,24x28,4,0.6280
19,MDP_Value,24x28,5,0.5036
19,MDP_Value,24x28,6,0.3770
19,MDP_Value,24x28,7,0.3030
19,MDP_Value,24x28,8,0.2289
19,MDP_Value,24x28,9,0.1794
19,MDP_Value,24x28,10,0.1377
19,MDP_Value,24x28,11,0.1020
19,MDP_Value,24x28,12,0.0760
19,MDP_Value,24x28,13,0.0577
19,MDP_Value,24x28,14,0.0446
19,MDP_Value,24x28,15,0.0343
19,MDP_Value,24x28,16,0.0266
19,MDP_Value,24x28,17,0.0197
19,MDP_Value,24x28,18,0.0150
19,MDP_Value,24x28,19,0.0111
19,MDP_Value,24x28,20,0.0086
19,MDP_Value,24x28,21,0.0065
19,MDP_Value,24x28,22,0.0050
19,MDP_Value,24x28,23,0.0038
19,MDP_Value,24x28,24,0.0028
20,MDP_Value,24x28,0,2.1204
20,MDP_Value,24x28,1,2.1111
20,MDP_Value,24x28,2,2.1376
20,MDP_Value,24x28,3,2.2282
20,MDP_Value,24x28,4,2.2767
20,MDP_Value,24x28,5,2.5404
20,MDP_Value,24x28,6,2.6018
20,MDP_Value,24x28,7,2.9117
20,MDP_Value,24x28,8,3.0056
20,MDP_Value,24x28,9,3.2669
20,MDP_Value,24x28,10,3.4347
20,MDP_Value,24x28,11,3.5012
20,MDP_Value,24x28,12,3.5824
20,MDP_Value,24x28,13,3.7440
20,MDP_Value,24x28,14,3.9785
20,MDP_Value,24x28,15,4.2108
20,MDP_Value,24x28,16,4.5001
20,MDP_Value,24x28,17,4.5653
20,MDP_Value,24x28,18,4.7623
20,MDP_Value,24x28,19,4.8531
20,MDP_Value,24x28,20,5.1664
20,MDP_Value,24x28,21,5.3232
20,MDP_Value,24x28,22,5.7231
20,MDP_Value,24x28,23,5.8942
20,MDP_Value,24x28,24,6.0755
20,MDP_Value,24x28,25,6.1261
20,MDP_Value,24x28,26,6.2110
20,MDP_Value,24x28,27,6.2316
20,MDP_Value,24x28,28,6.2746
20,MDP_Value,24x28,29,6.3070
20,MDP_Value,24x28,30,6.2561
20,MDP_Value,24x28,31,6.1312
20,MDP_Value,24x28,32,6.0264
20,MDP_Value,24x28,33,5.9418
20,MDP_Value,24x28,34,5.8347
20,MDP_Value,24x28,35,5.8298
20,MDP_Value,24x28,36,5.7829
20,MDP_Value,24x28,37,5.7540
20,MDP_Value,24x28,38,5.7034
20,MDP_Value,24x28,39,5.5742
20,MDP_Value,24x28,40,5.4833
20,MDP_Value,24x28,41,5.3629
20,MDP_Value,24x28,42,5.3126
20,MDP_Value,24x28,43,5.2265
20,MDP_Value,24x28,44,5.1757
20,MDP_Value,24x28,45,5.1102
20,MDP_Value,24x28,46,5.0283
20,MDP_Value,24x28,47,4.9508
20,MDP_Value,24x28,48,4.8494
20,MDP_Value,24x28,49,4.7687
20,MDP_Value,24x28,50,4.6622
20,MDP_Value,24x28,51,4.5946
20,MDP_Value,24x28,52,4.4795
20,MDP_Value,24x28,53,4.3642
20,MDP_Value,24x28,54,4.2345
20,MDP_Value,24x28,55,4.1240
20,MDP_Value,24x28,56,3.9764
20,MDP_Value,24x28,57,3.8517
20,MDP_Value,24x28,58,3.7024
20,MDP_Value,24x28,59,3.5822
20,MDP_Value,24x28,60,3.4569
20,MDP_Value,24x28,61,3.3447
20,MDP_Value,24x28,62,3.2430
20,MDP_Value,24x28,63,3.1589
20,MDP_Value,24x28,64,3.0393
20,MDP_Value,24x28,65,2.9451
20,MDP_Value,24x28,66,2.8442
20,MDP_Value,24x28,67,2.7407
20,MDP_Value,24x28,68,2.6411
20,MDP_Value,24x28,69,2.5380
20,MDP_Value,24x28,70,2.4365
20,MDP_Value,24x28,71,2.3390
20,MDP_Value,24x28,72,2.2455
20,MDP_Value,24x28,73,2.1556
20,MDP_Value,24x28,74,2.0694
20,MDP_Value,24x28,75,1.9866
20,MDP_Value,24x28,76,1.9072
20,MDP_Value,24x28,77,1.8309
20,MDP_Value,24x28,78,1.7576
20,MDP_Value,24x28,79,1.6873
20,MDP_Value,24x28,80,1.6198
20,MDP_Value,24x28,81,1.5551
20,MDP_Value,24x28,82,1.4929
20,MDP_Value,24x28,83,1.4331
20,MDP_Value,24x28,84,1.3758
20,MDP_Value,24x28,85,1.3208
20,MDP_Value,24x28,86,1.2679
20,MDP_Value,24x28,87,1.2172
20,MDP_Value,24x28,88,1.1685
20,MDP_Value,24x28,89,1.1218
20,MDP_Value,24x28,90,1.0769
20,MDP_Value,24x28,91,1.0339
20,MDP_Value,24x28,92,0.9925
20,MDP_Value,24x28,93,0.9528
20,MDP_Value,24x28,94,0.9147
20,MDP_Value,24x28,95,0.8781
20,MDP_Value,24x28,96,0.8430
20,MDP_Value,24x28,97,0.8093
20,MDP_Value,24x28,98,0.7769
20,MDP_Value,24x28,99,0.7458
20,MDP_Value,24x28,100,0.7160
20,MDP_Value,24x28,101,0.6873
20,MDP_Value,24x28,102,0.6598
20,MDP_Value,24x28,103,0.6335
20,MDP_Value,24x28,104,0.6081
20,MDP_Value,24x28,105,0.5838
20,MDP_Value,24x28,106,0.5604
20,MDP_Value,24x28,107,0.5380
20,MDP_Value,24x28,108,0.5165
20,MDP_Value,24x28,109,0.4958
20,MDP_Value,24x28,110,0.4760
20,MDP_Value,24x28,111,0.4570
20,MDP_Value,24x28,112,0.4387
20,MDP_Value,24x28,113,0.4211
20,MDP_Value,24x28,114,0.4043
20,MDP_Value,24x28,115,0.3881
20,MDP_Value,24x28,116,0.3726
20,MDP_Value,24x28,117,0.3577
20,MDP_Value,24x28,118,0.3434
20,MDP_Value,24x28,119,0.3296
20,MDP_Value,24x28,120,0.3165
20,MDP_Value,24x28,121,0.3038
20,MDP_Value,24x28,122,0.2917
20,MDP_Value,24x28,123,0.2800
20,MDP_Value,24x28,124,0.2688
20,MDP_Value,24x28,125,0.2580
20,MDP_Value,24x28,126,0.2477
20,MDP_Value,24x28,127,0.2378
20,MDP_Value,24x28,128,0.2283
20,MDP_Value,24x28,129,0.2192
20,MDP_Value,24x28,130,0.2104
20,MDP_Value,24x28,131,0.2020
20,MDP_Value,24x28,132,0.1939
20,MDP_Value,24x28,133,0.1861
20,MDP_Value,24x28,134,0.1787
20,MDP_Value,24x28,135,0.1716
20,MDP_Value,24x28,136,0.1647
20,MDP_Value,24x28,137,0.1581
20,MDP_Value,24x28,138,0.1518
20,MDP_Value,24x28,139,0.1457
20,MDP_Value,24x28,140,0.1399
20,MDP_Value,24x28,141,0.1343
20,MDP_Value,24x28,142,0.1289
20,MDP_Value,24x28,143,0.1238
20,MDP_Value,24x28,144,0.1188
20,MDP_Value,24x28,145,0.1141
20,MDP_Value,24x28,146,0.1095
20,MDP_Value,24x28,147,0.1051
20,MDP_Value,24x28,148,0.1009
20,MDP_Value,24x28,149,0.0969
20,MDP_Value,24x28,150,0.0930
20,MDP_Value,24x28,151,0.0893
20,MDP_Value,24x28,152,0.0857
20,MDP_Value,24x28,153,0.0823
20,MDP_Value,24x28,154,0.0790
20,MDP_Value,24x28,155,0.0758
20,MDP_Value,24x28,156,0.0728
20,MDP_Value,24x28,157,0.0699
20,MDP_Value,24x28,158,0.0671
20,MDP_Value,24x28,159,0.0644
20,MDP_Value,24x28,160,0.0618
20,MDP_Value,24x28,161,0.0594
20,MDP_Value,24x28,162,0.0570
20,MDP_Value,24x28,163,0.0547
20,MDP_Value,24x28,164,0.0525
20,MDP_Value,24x28,165,0.0504
20,MDP_Value,24x28,166,0.0484
20,MDP_Value,24x28,167,0.0465
20,MDP_Value,24x28,168,0.0446
20,MDP_Value,24x28,169,0.0428
20,MDP_Value,24x28,170,0.0411
20,MDP_Value,24x28,171,0.0395
20,MDP_Value,24x28,172,0.0379
20,MDP_Value,24x28,173,0.0364
20,MDP_Value,24x28,174,0.0349
20,MDP_Value,24x28,175,0.0335
20,MDP_Value,24x28,176,0.0322
20,MDP_Value,24x28,177,0.0309
20,MDP_Value,24x28,178,0.0297
20,MDP_Value,24x28,179,0.0285
20,MDP_Value,24x28,180,0.0273
20,MDP_Value,24x28,181,0.0262
20,MDP_Value,24x28,182,0.0252
20,MDP_Value,24x28,183,0.0242
20,MDP_Value,24x28,184,0.0232
20,MDP_Value,24x28,185,0.0223
20,MDP_Value,24x28,186,0.0214
20,MDP_Value,24x28,187,0.0205
20,MDP_Value,24x28,188,0.0197
20,MDP_Value,24x28,189,0.0189
20,MDP_Value,24x28,190,0.0182
20,MDP_Value,24x28,191,0.0174
20,MDP_Value,24x28,192,0.0167
20,MDP_Value,24x28,193,0.0161
20,MDP_Value,24x28,194,0.0154
20,MDP_Value,24x28,195,0.0148
20,MDP_Value,24x28,196,0.0142
20,MDP_Value,24x28,197,0.0137
20,MDP_Value,24x28,198,0.0131
20,MDP_Value,24x28,199,0.0126
20,MDP_Value,24x28,200,0.0121
20,MDP_Value,24x28,201,0.0116
20,MDP_Value,24x28,202,0.0111
20,MDP_Value,24x28,203,0.0107
20,MDP_Value,24x28,204,0.0103
20,MDP_Value,24x28,205,0.0098
20,MDP_Value,24x28,206,0.0095
20,MDP_Value,24x28,207,0.0091
20,MDP_Value,24x28,208,0.0087
20,MDP_Value,24x28,209,0.0084
20,MDP_Value,24x28,210,0.0080
20,MDP_Value,24x28,211,0.0077
21,MDP_Value,24x28,0,2.1190
21,MDP_Value,24x28,1,2.0352
21,MDP_Value,24x28,2,1.9881
21,MDP_Value,24x28,3,1.9985
21,MDP_Value,24x28,4,1.9704
21,MDP_Value,24x28,5,2.1185
21,MDP_Value,24x28,6,2.0950
21,MDP_Value,24x28,7,2.2589
21,MDP_Value,24x28,8,2.2518
21,MDP_Value,24x28,9,2.3594
21,MDP_Value,24x28,10,2.3947
21,MDP_Value,24x28,11,2.3555
21,MDP_Value,24x28,12,2.3259
21,MDP_Value,24x28,13,2.3453
21,MDP_Value,24x28,14,2.4048
21,MDP_Value,24x28,15,2.4561
21,MDP_Value,24x28,16,2.5328
21,MDP_Value,24x28,17,2.4807
21,MDP_Value,24x28,18,2.4966
21,MDP_Value,24x28,19,2.4563
21,MDP_Value,24x28,20,2.5225
21,MDP_Value,24x28,21,2.5094
21,MDP_Value,24x28,22,2.6026
21,MDP_Value,24x28,23,2.5882
21,MDP_Value,24x28,24,2.5744
21,MDP_Value,24x28,25,2.5061
21,MDP_Value,24x28,26,2.4520
21,MDP_Value,24x28,27,2.3750
21,MDP_Value,24x28,28,2.3080
21,MDP_Value,24x28,29,2.2394
21,MDP_Value,24x28,30,2.1442
21,MDP_Value,24x28,31,2.0285
21,MDP_Value,24x28,32,1.9244
21,MDP_Value,24x28,33,1.8315
21,MDP_Value,24x28,34,1.7360
21,MDP_Value,24x28,35,1.6741
21,MDP_Value,24x28,36,1.6031
21,MDP_Value,24x28,37,1.5395
21,MDP_Value,24x28,38,1.4730
21,MDP_Value,24x28,39,1.3897
21,MDP_Value,24x28,40,1.3195
21,MDP_Value,24x28,41,1.2458
21,MDP_Value,24x28,42,1.1911
21,MDP_Value,24x28,43,1.1312
21,MDP_Value,24x28,44,1.0811
21,MDP_Value,24x28,45,1.0305
21,MDP_Value,24x28,46,0.9787
21,MDP_Value,24x28,47,0.9301
21,MDP_Value,24x28,48,0.8795
21,MDP_Value,24x28,49,0.8348
21,MDP_Value,24x28,50,0.7878
21,MDP_Value,24x28,51,0.7494
21,MDP_Value,24x28,52,0.7053
21,MDP_Value,24x28,53,0.6632
21,MDP_Value,24x28,54,0.6212
21,MDP_Value,24x28,55,0.5840
21,MDP_Value,24x28,56,0.5436
21,MDP_Value,24x28,57,0.5082
21,MDP_Value,24x28,58,0.4716
21,MDP_Value,24x28,59,0.4404
21,MDP_Value,24x28,60,0.4102
21,MDP_Value,24x28,61,0.3831
21,MDP_Value,24x28,62,0.3586
21,MDP_Value,24x28,63,0.3371
21,MDP_Value,24x28,64,0.3131
21,MDP_Value,24x28,65,0.2929
21,MDP_Value,24x28,66,0.2730
21,MDP_Value,24x28,67,0.2540
21,MDP_Value,24x28,68,0.2362
21,MDP_Value,24x28,69,0.2191
21,MDP_Value,24x28,70,0.2031
21,MDP_Value,24x28,71,0.1882
21,MDP_Value,24x28,72,0.1744
21,MDP_Value,24x28,73,0.1616
21,MDP_Value,24x28,74,0.1497
21,MDP_Value,24x28,75,0.1388
21,MDP_Value,24x28,76,0.1286
21,MDP_Value,24x28,77,0.1191
21,MDP_Value,24x28,78,0.1104
21,MDP_Value,24x28,79,0.1023
21,MDP_Value,24x28,80,0.0948
21,MDP_Value,24x28,81,0.0879
21,MDP_Value,24x28,82,0.0814
21,MDP_Value,24x28,83,0.0754
21,MDP_Value,24x28,84,0.0699
21,MDP_Value,24x28,85,0.0648
21,MDP_Value,24x28,86,0.0600
21,MDP_Value,24x28,87,0.0556
21,MDP_Value,24x28,88,0.0516
21,MDP_Value,24x28,89,0.0478
21,MDP_Value,24x28,90,0.0443
21,MDP_Value,24x28,91,0.0410
21,MDP_Value,24x28,92,0.0380
21,MDP_Value,24x28,93,0.0352
21,MDP_Value,24x28,94,0.0326
21,MDP_Value,24x28,95,0.0302
21,MDP_Value,24x28,96,0.0280
21,MDP_Value,24x28,97,0.0260
21,MDP_Value,24x28,98,0.0241
21,MDP_Value,24x28,99,0.0223
21,MDP_Value,24x28,100,0.0207
21,MDP_Value,24x28,101,0.0192
21,MDP_Value,24x28,102,0.0177
21,MDP_Value,24x28,103,0.0164
21,MDP_Value,24x28,104,0.0152
21,MDP_Value,24x28,105,0.0141
21,MDP_Value,24x28,106,0.0131
21,MDP_Value,24x28,107,0.0121
21,MDP_Value,24x28,108,0.0112
21,MDP_Value,24x28,109,0.0104
21,MDP_Value,24x28,110,0.0097
21,MDP_Value,24x28,111,0.0089
21,MDP_Value,24x28,112,0.0083
21,MDP_Value,24x28,113,0.0077
22,MDP_Value,24x28,0,2.1198
22,MDP_Value,24x28,1,2.0807
22,MDP_Value,24x28,2,2.0771
22,MDP_Value,24x28,3,2.1343
22,MDP_Value,24x28,4,2.1501
22,MDP_Value,24x28,5,2.3641
22,MDP_Value,24x28,6,2.3880
22,MDP_Value,24x28,7,2.6333
22,MDP_Value,24x28,8,2.6810
22,MDP_Value,24x28,9,2.8720
22,MDP_Value,24x28,10,2.9778
22,MDP_Value,24x28,11,2.9928
22,MDP_Value,24x28,12,3.0194
22,MDP_Value,24x28,13,3.1112
22,MDP_Value,24x28,14,3.2597
22,MDP_Value,24x28,15,3.4017
22,MDP_Value,24x28,16,3.5844
22,MDP_Value,24x28,17,3.5861
22,MDP_Value,24x28,18,3.6881
22,MDP_Value,24x28,19,3.7065
22,MDP_Value,24x28,20,3.8900
22,MDP_Value,24x28,21,3.9527
22,MDP_Value,24x28,22,4.1896
22,MDP_Value,24x28,23,4.2556
22,MDP_Value,24x28,24,4.3250
22,MDP_Value,24x28,25,4.3007
22,MDP_Value,24x28,26,4.2994
22,MDP_Value,24x28,27,4.2539
22,MDP_Value,24x28,28,4.2235
22,MDP_Value,24x28,29,4.1863
22,MDP_Value,24x28,30,4.0949
22,MDP_Value,24x28,31,3.9574
22,MDP_Value,24x28,32,3.8356
22,MDP_Value,24x28,33,3.7292
22,MDP_Value,24x28,34,3.6111
22,MDP_Value,24x28,35,3.5578
22,MDP_Value,24x28,36,3.4803
22,MDP_Value,24x28,37,3.4146
22,MDP_Value,24x28,38,3.3376
22,MDP_Value,24x28,39,3.2168
22,MDP_Value,24x28,40,3.1202
22,MDP_Value,24x28,41,3.0094
22,MDP_Value,24x28,42,2.9396
22,MDP_Value,24x28,43,2.8519
22,MDP_Value,24x28,44,2.7848
22,MDP_Value,24x28,45,2.7115
22,MDP_Value,24x28,46,2.6309
22,MDP_Value,24x28,47,2.5544
22,MDP_Value,24x28,48,2.4673
22,MDP_Value,24x28,49,2.3925
22,MDP_Value,24x28,50,2.3066
22,MDP_Value,24x28,51,2.2415
22,MDP_Value,24x28,52,2.1551
22,MDP_Value,24x28,53,2.0704
22,MDP_Value,24x28,54,1.9810
22,MDP_Value,24x28,55,1.9025
22,MDP_Value,24x28,56,1.8090
22,MDP_Value,24x28,57,1.7279
22,MDP_Value,24x28,58,1.6379
22,MDP_Value,24x28,59,1.5626
22,MDP_Value,24x28,60,1.4871
22,MDP_Value,24x28,61,1.4188
22,MDP_Value,24x28,62,1.3565
22,MDP_Value,24x28,63,1.3030
22,MDP_Value,24x28,64,1.2363
22,MDP_Value,24x28,65,1.1813
22,MDP_Value,24x28,66,1.1250
22,MDP_Value,24x28,67,1.0690
22,MDP_Value,24x28,68,1.0159
22,MDP_Value,24x28,69,0.9626
22,MDP_Value,24x28,70,0.9113
22,MDP_Value,24x28,71,0.8627
22,MDP_Value,24x28,72,0.8167
22,MDP_Value,24x28,73,0.7731
22,MDP_Value,24x28,74,0.7319
22,MDP_Value,24x28,75,0.6929
22,MDP_Value,24x28,76,0.6559
22,MDP_Value,24x28,77,0.6209
22,MDP_Value,24x28,78,0.5878
22,MDP_Value,24x28,79,0.5565
22,MDP_Value,24x28,80,0.5268
22,MDP_Value,24x28,81,0.4987
22,MDP_Value,24x28,82,0.4721
22,MDP_Value,24x28,83,0.4469
22,MDP_Value,24x28,84,0.4231
22,MDP_Value,24x28,85,0.4005
22,MDP_Value,24x28,86,0.3791
22,MDP_Value,24x28,87,0.3589
22,MDP_Value,24x28,88,0.3398
22,MDP_Value,24x28,89,0.3217
22,MDP_Value,24x28,90,0.3045
22,MDP_Value,24x28,91,0.2883
22,MDP_Value,24x28,92,0.2729
22,MDP_Value,24x28,93,0.2583
22,MDP_Value,24x28,94,0.2446
22,MDP_Value,24x28,95,0.2315
22,MDP_Value,24x28,96,0.2192
22,MDP_Value,24x28,97,0.2075
22,MDP_Value,24x28,98,0.1964
22,MDP_Value,24x28,99,0.1859
22,MDP_Value,24x28,100,0.1760
22,MDP_Value,24x28,101,0.1666
22,MDP_Value,24x28,102,0.1577
22,MDP_Value,24x28,103,0.1493
22,MDP_Value,24x28,104,0.1414
22,MDP_Value,24x28,105,0.1338
22,MDP_Value,24x28,106,0.1267
22,MDP_Value,24x28,107,0.1199
22,MDP_Value,24x28,108,0.1135
22,MDP_Value,24x28,109,0.1075
22,MDP_Value,24x28,110,0.1018
22,MDP_Value,24x28,111,0.0963
22,MDP_Value,24x28,112,0.0912
22,MDP_Value,24x28,113,0.0863
22,MDP_Value,24x28,114,0.0817
22,MDP_Value,24x28,115,0.0774
22,MDP_Value,24x28,116,0.0732
22,MDP_Value,24x28,117,0.0693
22,MDP_Value,24x28,118,0.0656
22,MDP_Value,24x28,119,0.0621
22,MDP_Value,24x28,120,0.0588
22,MDP_Value,24x28,121,0.0557
22,MDP_Value,24x28,122,0.0527
22,MDP_Value,24x28,123,0.0499
22,MDP_Value,24x28,124,0.0472
22,MDP_Value,24x28,125,0.0447
22,MDP_Value,24x28,126,0.0423
22,MDP_Value,24x28,127,0.0401
22,MDP_Value,24x28,128,0.0379
22,MDP_Value,24x28,129,0.0359
22,MDP_Value,24x28,130,0.0340
22,MDP_Value,24x28,131,0.0322
22,MDP_Value,24x28,132,0.0305
22,MDP_Value,24x28,133,0.0288
22,MDP_Value,24x28,134,0.0273
22,MDP_Value,24x28,135,0.0259
22,MDP_Value,24x28,136,0.0245
22,MDP_Value,24x28,137,0.0232
22,MDP_Value,24x28,138,0.0219
22,MDP_Value,24x28,139,0.0208
22,MDP_Value,24x28,140,0.0197
22,MDP_Value,24x28,141,0.0186
22,MDP_Value,24x28,142,0.0176
22,MDP_Value,24x28,143,0.0167
22,MDP_Value,24x28,144,0.0158
22,MDP_Value,24x28,145,0.0149
22,MDP_Value,24x28,146,0.0141
22,MDP_Value,24x28,147,0.0134
22,MDP_Value,24x28,148,0.0127
22,MDP_Value,24x28,149,0.0120
22,MDP_Value,24x28,150,0.0114
22,MDP_Value,24x28,151,0.0108
22,MDP_Value,24x28,152,0.0102
22,MDP_Value,24x28,153,0.0096
22,MDP_Value,24x28,154,0.0091
22,MDP_Value,24x28,155,0.0086
22,MDP_Value,24x28,156,0.0082
22,MDP_Value,24x28,157,0.0077
23,MDP_Value,24x28,0,2.1979
23,MDP_Value,24x28,1,2.2681
23,MDP_Value,24x28,2,2.2918
23,MDP_Value,24x28,3,2.3375
23,MDP_Value,24x28,4,2.2798
23,MDP_Value,24x28,5,2.3958
23,MDP_Value,24x28,6,2.3880
23,MDP_Value,24x28,7,2.4204
23,MDP_Value,24x28,8,2.3719
23,MDP_Value,24x28,9,2.4840
23,MDP_Value,24x28,10,2.3816
23,MDP_Value,24x28,11,2.4227
23,MDP_Value,24x28,12,2.4015
23,MDP_Value,24x28,13,2.4266
23,MDP_Value,24x28,14,2.4109
23,MDP_Value,24x28,15,2.4723
23,MDP_Value,24x28,16,2.5247
23,MDP_Value,24x28,17,2.5316
23,MDP_Value,24x28,18,2.5888
23,MDP_Value,24x28,19,2.6622
23,MDP_Value,24x28,20,2.6420
23,MDP_Value,24x28,21,2.6264
23,MDP_Value,24x28,22,2.6064
23,MDP_Value,24x28,23,2.5250
23,MDP_Value,24x28,24,2.4644
23,MDP_Value,24x28,25,2.3647
23,MDP_Value,24x28,26,2.2762
23,MDP_Value,24x28,27,2.1738
23,MDP_Value,24x28,28,2.1083
23,MDP_Value,24x28,29,2.0373
23,MDP_Value,24x28,30,2.0273
23,MDP_Value,24x28,31,1.9649
23,MDP_Value,24x28,32,1.9277
23,MDP_Value,24x28,33,1.8462
23,MDP_Value,24x28,34,1.8262
23,MDP_Value,24x28,35,1.7601
23,MDP_Value,24x28,36,1.7039
23,MDP_Value,24x28,37,1.6247
23,MDP_Value,24x28,38,1.5815
23,MDP_Value,24x28,39,1.5125
23,MDP_Value,24x28,40,1.4621
23,MDP_Value,24x28,41,1.4100
23,MDP_Value,24x28,42,1.3781
23,MDP_Value,24x28,43,1.3169
23,MDP_Value,24x28,44,1.2780
23,MDP_Value,24x28,45,1.2275
23,MDP_Value,24x28,46,1.1934
23,MDP_Value,24x28,47,1.1397
23,MDP_Value,24x28,48,1.0928
23,MDP_Value,24x28,49,1.0430
23,MDP_Value,24x28,50,0.9975
23,MDP_Value,24x28,51,0.9541
23,MDP_Value,24x28,52,0.9237
23,MDP_Value,24x28,53,0.8793
23,MDP_Value,24x28,54,0.8424
23,MDP_Value,24x28,55,0.7998
23,MDP_Value,24x28,56,0.7697
23,MDP_Value,24x28,57,0.7291
23,MDP_Value,24x28,58,0.6998
23,MDP_Value,24x28,59,0.6659
23,MDP_Value,24x28,60,0.6435
23,MDP_Value,24x28,61,0.6165
23,MDP_Value,24x28,62,0.5941
23,MDP_Value,24x28,63,0.5652
23,MDP_Value,24x28,64,0.5502
23,MDP_Value,24x28,65,0.5291
23,MDP_Value,24x28,66,0.5177
23,MDP_Value,24x28,67,0.4966
23,MDP_Value,24x28,68,0.4804
23,MDP_Value,24x28,69,0.4586
23,MDP_Value,24x28,70,0.4417
23,MDP_Value,24x28,71,0.4192
23,MDP_Value,24x28,72,0.4028
23,MDP_Value,24x28,73,0.3851
23,MDP_Value,24x28,74,0.3714
23,MDP_Value,24x28,75,0.3550
23,MDP_Value,24x28,76,0.3433
23,MDP_Value,24x28,77,0.3275
23,MDP_Value,24x28,78,0.3182
23,MDP_Value,24x28,79,0.3087
23,MDP_Value,24x28,80,0.2986
23,MDP_Value,24x28,81,0.2852
23,MDP_Value,24x28,82,0.2735
23,MDP_Value,24x28,83,0.2615
23,MDP_Value,24x28,84,0.2519
23,MDP_Value,24x28,85,0.2434
23,MDP_Value,24x28,86,0.2368
23,MDP_Value,24x28,87,0.2280
23,MDP_Value,24x28,88,0.2221
23,MDP_Value,24x28,89,0.2155
23,MDP_Value,24x28,90,0.2125
23,MDP_Value,24x28,91,0.2070
23,MDP_Value,24x28,92,0.2016
23,MDP_Value,24x28,93,0.1951
23,MDP_Value,24x28,94,0.1879
23,MDP_Value,24x28,95,0.1799
23,MDP_Value,24x28,96,0.1723
23,MDP_Value,24x28,97,0.1655
23,MDP_Value,24x28,98,0.1585
23,MDP_Value,24x28,99,0.1520
23,MDP_Value,24x28,100,0.1459
23,MDP_Value,24x28,101,0.1406
23,MDP_Value,24x28,102,0.1355
23,MDP_Value,24x28,103,0.1301
23,MDP_Value,24x28,104,0.1245
23,MDP_Value,24x28,105,0.1195
23,MDP_Value,24x28,106,0.1140
23,MDP_Value,24x28,107,0.1094
23,MDP_Value,24x28,108,0.1048
23,MDP_Value,24x28,109,0.1010
23,MDP_Value,24x28,110,0.0968
23,MDP_Value,24x28,111,0.0930
23,MDP_Value,24x28,112,0.0888
23,MDP_Value,24x28,113,0.0848
23,MDP_Value,24x28,114,0.0804
23,MDP_Value,24x28,115,0.0763
23,MDP_Value,24x28,116,0.0723
23,MDP_Value,24x28,117,0.0686
23,MDP_Value,24x28,118,0.0650
23,MDP_Value,24x28,119,0.0617
23,MDP_Value,24x28,120,0.0584
23,MDP_Value,24x28,121,0.0554
23,MDP_Value,24x28,122,0.0526
23,MDP_Value,24x28,123,0.0499
23,MDP_Value,24x28,124,0.0472
23,MDP_Value,24x28,125,0.0447
23,MDP_Value,24x28,126,0.0423
23,MDP_Value,24x28,127,0.0401
23,MDP_Value,24x28,128,0.0379
23,MDP_Value,24x28,129,0.0359
23,MDP_Value,24x28,130,0.0340
23,MDP_Value,24x28,131,0.0322
23,MDP_Value,24x28,132,0.0305
23,MDP_Value,24x28,133,0.0288
23,MDP_Value,24x28,134,0.0273
23,MDP_Value,24x28,135,0.0259
23,MDP_Value,24x28,136,0.0245
23,MDP_Value,24x28,137,0.0232
23,MDP_Value,24x28,138,0.0219
23,MDP_Value,24x28,139,0.0208
23,MDP_Value,24x28,140,0.0197
23,MDP_Value,24x28,141,0.0186
23,MDP_Value,24x28,142,0.0176
23,MDP_Value,24x28,143,0.0167
23,MDP_Value,24x28,144,0.0158
23,MDP_Value,24x28,145,0.0149
23,MDP_Value,24x28,146,0.0141
23,MDP_Value,24x28,147,0.0134
23,MDP_Value,24x28,148,0.0127
23,MDP_Value,24x28,149,0.0120
23,MDP_Value,24x28,150,0.0114
23,MDP_Value,24x28,151,0.0108
23,MDP_Value,24x28,152,0.0102
23,MDP_Value,24x28,153,0.0096
23,MDP_Value,24x28,154,0.0091
23,MDP_Value,24x28,155,0.0086
23,MDP_Value,24x28,156,0.0082
23,MDP_Value,24x28,157,0.0077
24,MDP_Value,24x28,0,0.6027
24,MDP_Value,24x28,1,0.7624
24,MDP_Value,24x28,2,0.8686
24,MDP_Value,24x28,3,0.9943
24,MDP_Value,24x28,4,1.0082
24,MDP_Value,24x28,5,1.1993
24,MDP_Value,24x28,6,1.2553
24,MDP_Value,24x28,7,1.3529
24,MDP_Value,24x28,8,1.3614
24,MDP_Value,24x28,9,1.5346
24,MDP_Value,24x28,10,1.4801
24,MDP_Value,24x28,11,1.5758
24,MDP_Value,24x28,12,1.5997
24,MDP_Value,24x28,13,1.6723
24,MDP_Value,24x28,14,1.6979
24,MDP_Value,24x28,15,1.8026
24,MDP_Value,24x28,16,1.8936
24,MDP_Value,24x28,17,1.9370
24,MDP_Value,24x28,18,2.0304
24,MDP_Value,24x28,19,2.1378
24,MDP_Value,24x28,20,2.1472
24,MDP_Value,24x28,21,2.1609
24,MDP_Value,24x28,22,2.1679
24,MDP_Value,24x28,23,2.1105
24,MDP_Value,24x28,24,2.0740
24,MDP_Value,24x28,25,1.9951
24,MDP_Value,24x28,26,1.9274
24,MDP_Value,24x28,27,1.8436
24,MDP_Value,24x28,28,1.7974
24,MDP_Value,24x28,29,1.7434
24,MDP_Value,24x28,30,1.7518
24,MDP_Value,24x28,31,1.7041
24,MDP_Value,24x28,32,1.6829
24,MDP_Value,24x28,33,1.6141
24,MDP_Value,24x28,34,1.6090
24,MDP_Value,24x28,35,1.5542
24,MDP_Value,24x28,36,1.5103
24,MDP_Value,24x28,37,1.4411
24,MDP_Value,24x28,38,1.4092
24,MDP_Value,24x28,39,1.3491
24,MDP_Value,24x28,40,1.3084
24,MDP_Value,24x28,41,1.2648
24,MDP_Value,24x28,42,1.2418
24,MDP_Value,24x28,43,1.1877
24,MDP_Value,24x28,44,1.1567
24,MDP_Value,24x28,45,1.1127
24,MDP_Value,24x28,46,1.0857
24,MDP_Value,24x28,47,1.0375
24,MDP_Value,24x28,48,0.9966
24,MDP_Value,24x28,49,0.9519
24,MDP_Value,24x28,50,0.9116
24,MDP_Value,24x28,51,0.8730
24,MDP_Value,24x28,52,0.8474
24,MDP_Value,24x28,53,0.8070
24,MDP_Value,24x28,54,0.7743
24,MDP_Value,24x28,55,0.7352
24,MDP_Value,24x28,56,0.7090
24,MDP_Value,24x28,57,0.6714
24,MDP_Value,24x28,58,0.6456
24,MDP_Value,24x28,59,0.6145
24,MDP_Value,24x28,60,0.5952
24,MDP_Value,24x28,61,0.5708
24,MDP_Value,24x28,62,0.5512
24,MDP_Value,24x28,63,0.5245
24,MDP_Value,24x28,64,0.5122
24,MDP_Value,24x28,65,0.4931
24,MDP_Value,24x28,66,0.4841
24,MDP_Value,24x28,67,0.4647
24,MDP_Value,24x28,68,0.4506
24,MDP_Value,24x28,69,0.4304
24,MDP_Value,24x28,70,0.4152
24,MDP_Value,24x28,71,0.3940
24,MDP_Value,24x28,72,0.3792
24,MDP_Value,24x28,73,0.3628
24,MDP_Value,24x28,74,0.3504
24,MDP_Value,24x28,75,0.3351
24,MDP_Value,24x28,76,0.3248
24,MDP_Value,24x28,77,0.3099
24,MDP_Value,24x28,78,0.3018
24,MDP_Value,24x28,79,0.2933
24,MDP_Value,24x28,80,0.2842
24,MDP_Value,24x28,81,0.2715
24,MDP_Value,24x28,82,0.2606
24,MDP_Value,24x28,83,0.2493
24,MDP_Value,24x28,84,0.2405
24,MDP_Value,24x28,85,0.2327
24,MDP_Value,24x28,86,0.2268
24,MDP_Value,24x28,87,0.2186
24,MDP_Value,24x28,88,0.2134
24,MDP_Value,24x28,89,0.2073
24,MDP_Value,24x28,90,0.2050
24,MDP_Value,24x28,91,0.2000
24,MDP_Value,24x28,92,0.1951
24,MDP_Value,24x28,93,0.1889
24,MDP_Value,24x28,94,0.1821
24,MDP_Value,24x28,95,0.1745
24,MDP_Value,24x28,96,0.1673
24,MDP_Value,24x28,97,0.1607
24,MDP_Value,24x28,98,0.1541
24,MDP_Value,24x28,99,0.1478
24,MDP_Value,24x28,100,0.1420
24,MDP_Value,24x28,101,0.1370
24,MDP_Value,24x28,102,0.1321
24,MDP_Value,24x28,103,0.1269
24,MDP_Value,24x28,104,0.1215
24,MDP_Value,24x28,105,0.1167
24,MDP_Value,24x28,106,0.1113
24,MDP_Value,24x28,107,0.1069
24,MDP_Value,24x28,108,0.1025
24,MDP_Value,24x28,109,0.0988
24,MDP_Value,24x28,110,0.0948
24,MDP_Value,24x28,111,0.0911
24,MDP_Value,24x28,112,0.0870
24,MDP_Value,24x28,113,0.0831
24,MDP_Value,24x28,114,0.0788
24,MDP_Value,24x28,115,0.0748
24,MDP_Value,24x28,116,0.0709
24,MDP_Value,24x28,117,0.0673
24,MDP_Value,24x28,118,0.0637
24,MDP_Value,24x28,119,0.0605
24,MDP_Value,24x28,120,0.0573
24,MDP_Value,24x28,121,0.0544
24,MDP_Value,24x28,122,0.0516
24,MDP_Value,24x28,123,0.0489
24,MDP_Value,24x28,124,0.0463
24,MDP_Value,24x28,125,0.0439
24,MDP_Value,24x28,126,0.0415
24,MDP_Value,24x28,127,0.0393
24,MDP_Value,24x28,128,0.0372
24,MDP_Value,24x28,129,0.0352
24,MDP_Value,24x28,130,0.0334
24,MDP_Value,24x28,131,0.0316
24,MDP_Value,24x28,132,0.0299
24,MDP_Value,24x28,133,0.0283
24,MDP_Value,24x28,134,0.0268
24,MDP_Value,24x28,135,0.0254
24,MDP_Value,24x28,136,0.0240
24,MDP_Value,24x28,137,0.0227
24,MDP_Value,24x28,138,0.0215
24,MDP_Value,24x28,139,0.0204
24,MDP_Value,24x28,140,0.0193
24,MDP_Value,24x28,141,0.0183
24,MDP_Value,24x28,142,0.0173
24,MDP_Value,24x28,143,0.0164
24,MDP_Value,24x28,144,0.0155
24,MDP_Value,24x28,145,0.0147
24,MDP_Value,24x28,146,0.0139
24,MDP_Value,24x28,147,0.0131
24,MDP_Value,24x28,148,0.0124
24,MDP_Value,24x28,149,0.0118
24,MDP_Value,24x28,150,0.0111
24,MDP_Value,24x28,151,0.0106
24,MDP_Value,24x28,152,0.0100
24,MDP_Value,24x28,153,0.0095
24,MDP_Value,24x28,154,0.0090
24,MDP_Value,24x28,155,0.0085
24,MDP_Value,24x28,156,0.0080
24,MDP_Value,24x28,157,0.0076
25,MDP_Value,24x28,0,0.6005
25,MDP_Value,24x28,1,0.7369
25,MDP_Value,24x28,2,0.8157
25,MDP_Value,24x28,3,0.9065
25,MDP_Value,24x28,4,0.8937
25,MDP_Value,24x28,5,1.0315
25,MDP_Value,24x28,6,1.0501
25,MDP_Value,24x28,7,1.0990
25,MDP_Value,24x28,8,1.0752
25,MDP_Value,24x28,9,1.1766
25,MDP_Value,24x28,10,1.1040
25,MDP_Value,24x28,11,1.1411
25,MDP_Value,24x28,12,1.1264
25,MDP_Value,24x28,13,1.1437
25,MDP_Value,24x28,14,1.1288
25,MDP_Value,24x28,15,1.1641
25,MDP_Value,24x28,16,1.1886
25,MDP_Value,24x28,17,1.1815
25,MDP_Value,24x28,18,1.2034
25,MDP_Value,24x28,19,1.2312
25,MDP_Value,24x28,20,1.2020
25,MDP_Value,24x28,21,1.1755
25,MDP_Value,24x28,22,1.1461
25,MDP_Value,24x28,23,1.0844
25,MDP_Value,24x28,24,1.0355
25,MDP_Value,24x28,25,0.9682
25,MDP_Value,24x28,26,0.9089
25,MDP_Value,24x28,27,0.8450
25,MDP_Value,24x28,28,0.8005
25,MDP_Value,24x28,29,0.7546
25,MDP_Value,24x28,30,0.7367
25,MDP_Value,24x28,31,0.6966
25,MDP_Value,24x28,32,0.6685
25,MDP_Value,24x28,33,0.6232
25,MDP_Value,24x28,34,0.6035
25,MDP_Value,24x28,35,0.5667
25,MDP_Value,24x28,36,0.5351
25,MDP_Value,24x28,37,0.4963
25,MDP_Value,24x28,38,0.4715
25,MDP_Value,24x28,39,0.4388
25,MDP_Value,24x28,40,0.4135
25,MDP_Value,24x28,41,0.3885
25,MDP_Value,24x28,42,0.3706
25,MDP_Value,24x28,43,0.3446
25,MDP_Value,24x28,44,0.3261
25,MDP_Value,24x28,45,0.3049
25,MDP_Value,24x28,46,0.2890
25,MDP_Value,24x28,47,0.2685
25,MDP_Value,24x28,48,0.2506
25,MDP_Value,24x28,49,0.2327
25,MDP_Value,24x28,50,0.2165
25,MDP_Value,24x28,51,0.2015
25,MDP_Value,24x28,52,0.1901
25,MDP_Value,24x28,53,0.1759
25,MDP_Value,24x28,54,0.1640
25,MDP_Value,24x28,55,0.1514
25,MDP_Value,24x28,56,0.1418
25,MDP_Value,24x28,57,0.1306
25,MDP_Value,24x28,58,0.1220
25,MDP_Value,24x28,59,0.1129
25,MDP_Value,24x28,60,0.1062
25,MDP_Value,24x28,61,0.0990
25,MDP_Value,24x28,62,0.0929
25,MDP_Value,24x28,63,0.0859
25,MDP_Value,24x28,64,0.0815
25,MDP_Value,24x28,65,0.0763
25,MDP_Value,24x28,66,0.0728
25,MDP_Value,24x28,67,0.0679
25,MDP_Value,24x28,68,0.0640
25,MDP_Value,24x28,69,0.0594
25,MDP_Value,24x28,70,0.0557
25,MDP_Value,24x28,71,0.0514
25,MDP_Value,24x28,72,0.0480
25,MDP_Value,24x28,73,0.0447
25,MDP_Value,24x28,74,0.0419
25,MDP_Value,24x28,75,0.0390
25,MDP_Value,24x28,76,0.0367
25,MDP_Value,24x28,77,0.0340
25,MDP_Value,24x28,78,0.0322
25,MDP_Value,24x28,79,0.0304
25,MDP_Value,24x28,80,0.0286
25,MDP_Value,24x28,81,0.0266
25,MDP_Value,24x28,82,0.0248
25,MDP_Value,24x28,83,0.0231
25,MDP_Value,24x28,84,0.0216
25,MDP_Value,24x28,85,0.0203
25,MDP_Value,24x28,86,0.0193
25,MDP_Value,24x28,87,0.0180
25,MDP_Value,24x28,88,0.0171
25,MDP_Value,24x28,89,0.0162
25,MDP_Value,24x28,90,0.0155
25,MDP_Value,24x28,91,0.0147
25,MDP_Value,24x28,92,0.0140
25,MDP_Value,24x28,93,0.0131
25,MDP_Value,24x28,94,0.0123
25,MDP_Value,24x28,95,0.0115
25,MDP_Value,24x28,96,0.0107
25,MDP_Value,24x28,97,0.0100
25,MDP_Value,24x28,98,0.0093
25,MDP_Value,24x28,99,0.0087
25,MDP_Value,24x28,100,0.0081
25,MDP_Value,24x28,101,0.0076
25,MDP_Value,24x28,102,0.0071
25,MDP_Value,24x28,103,0.0066
25,MDP_Value,24x28,104,0.0062
26,MDP_Value,24x28,0,2.1131
26,MDP_Value,24x28,1,0.0000
27,MDP_Value,24x28,0,2.1298
27,MDP_Value,24x28,1,0.4519
27,MDP_Value,24x28,2,0.0951
27,MDP_Value,24x28,3,0.0201
27,MDP_Value,24x28,4,0.0041
27,MDP_Value,24x28,5,0.0009
27,MDP_Value,24x28,6,0.0002
28,MDP_Value,24x28,0,0.1956
28,MDP_Value,24x28,1,0.3311
28,MDP_Value,24x28,2,0.3953
28,MDP_Value,24x28,3,0.4533
28,MDP_Value,24x28,4,0.4267
28,MDP_Value,24x28,5,0.4951
28,MDP_Value,24x28,6,0.4806
28,MDP_Value,24x28,7,0.4789
28,MDP_Value,24x28,8,0.4385
28,MDP_Value,24x28,9,0.4573
28,MDP_Value,24x28,10,0.3975
28,MDP_Value,24x28,11,0.3848
28,MDP_Value,24x28,12,0.3541
28,MDP_Value,24x28,13,0.3351
28,MDP_Value,24x28,14,0.3075
28,MDP_Value,24x28,15,0.2954
28,MDP_Value,24x28,16,0.2807
28,MDP_Value,24x28,17,0.2587
28,MDP_Value,24x28,18,0.2445
28,MDP_Value,24x28,19,0.2321
28,MDP_Value,24x28,20,0.2095
28,MDP_Value,24x28,21,0.1892
28,MDP_Value,24x28,22,0.1704
28,MDP_Value,24x28,23,0.1487
28,MDP_Value,24x28,24,0.1309
28,MDP_Value,24x28,25,0.1128
28,MDP_Value,24x28,26,0.0975
28,MDP_Value,24x28,27,0.0835
28,MDP_Value,24x28,28,0.0729
28,MDP_Value,24x28,29,0.0633
28,MDP_Value,24x28,30,0.0570
28,MDP_Value,24x28,31,0.0497
28,MDP_Value,24x28,32,0.0440
28,MDP_Value,24x28,33,0.0378
28,MDP_Value,24x28,34,0.0337
28,MDP_Value,24x28,35,0.0292
28,MDP_Value,24x28,36,0.0254
28,MDP_Value,24x28,37,0.0217
28,MDP_Value,24x28,38,0.0190
28,MDP_Value,24x28,39,0.0162
28,MDP_Value,24x28,40,0.0141
28,MDP_Value,24x28,41,0.0122
28,MDP_Value,24x28,42,0.0107
28,MDP_Value,24x28,43,0.0092
28,MDP_Value,24x28,44,0.0080
28,MDP_Value,24x28,45,0.0069
28,MDP_Value,24x28,46,0.0060
28,MDP_Value,24x28,47,0.0051
28,MDP_Value,24x28,48,0.0044
28,MDP_Value,24x28,49,0.0038
28,MDP_Value,24x28,50,0.0032
28,MDP_Value,24x28,51,0.0028
28,MDP_Value,24x28,52,0.0024
29,MDP_Value,24x28,0,0.2017
29,MDP_Value,24x28,1,0.3711
29,MDP_Value,24x28,2,0.4796
29,MDP_Value,24x28,3,0.5983
29,MDP_Value,24x28,4,0.6101
29,MDP_Value,24x28,5,0.7722
29,MDP_Value,24x28,6,0.8115
29,MDP_Value,24x28,7,0.8805
29,MDP_Value,24x28,8,0.8742
29,MDP_Value,24x28,9,0.9931
29,MDP_Value,24x28,10,0.9347
29,MDP_Value,24x28,11,0.9864
29,MDP_Value,24x28,12,0.9841
29,MDP_Value,24x28,13,1.0136
29,MDP_Value,24x28,14,1.0093
29,MDP_Value,24x28,15,1.0550
29,MDP_Value,24x28,16,1.0887
29,MDP_Value,24x28,17,1.0900
29,MDP_Value,24x28,18,1.1199
29,MDP_Value,24x28,19,1.1551
29,MDP_Value,24x28,20,1.1322
29,MDP_Value,24x28,21,1.1116
29,MDP_Value,24x28,22,1.0876
29,MDP_Value,24x28,23,1.0307
29,MDP_Value,24x28,24,0.9864
29,MDP_Value,24x28,25,0.9230
29,MDP_Value,24x28,26,0.8675
29,MDP_Value,24x28,27,0.8068
29,MDP_Value,24x28,28,0.7655
29,MDP_Value,24x28,29,0.7225
29,MDP_Value,24x28,30,0.7075
29,MDP_Value,24x28,31,0.6698
29,MDP_Value,24x28,32,0.6439
29,MDP_Value,24x28,33,0.6006
29,MDP_Value,24x28,34,0.5830
29,MDP_Value,24x28,35,0.5478
29,MDP_Value,24x28,36,0.5178
29,MDP_Value,24x28,37,0.4803
29,MDP_Value,24x28,38,0.4570
29,MDP_Value,24x28,39,0.4254
29,MDP_Value,24x28,40,0.4013
29,MDP_Value,24x28,41,0.3772
29,MDP_Value,24x28,42,0.3604
29,MDP_Value,24x28,43,0.3351
29,MDP_Value,24x28,44,0.3174
29,MDP_Value,24x28,45,0.2969
29,MDP_Value,24x28,46,0.2818
29,MDP_Value,24x28,47,0.2618
29,MDP_Value,24x28,48,0.2445
29,MDP_Value,24x28,49,0.2270
29,MDP_Value,24x28,50,0.2113
29,MDP_Value,24x28,51,0.1968
29,MDP_Value,24x28,52,0.1858
29,MDP_Value,24x28,53,0.1719
29,MDP_Value,24x28,54,0.1604
29,MDP_Value,24x28,55,0.1480
29,MDP_Value,24x28,56,0.1388
29,MDP_Value,24x28,57,0.1277
29,MDP_Value,24x28,58,0.1194
29,MDP_Value,24x28,59,0.1105
29,MDP_Value,24x28,60,0.1040
29,MDP_Value,24x28,61,0.0970
29,MDP_Value,24x28,62,0.0911
29,MDP_Value,24x28,63,0.0842
29,MDP_Value,24x28,64,0.0800
29,MDP_Value,24x28,65,0.0749
29,MDP_Value,24x28,66,0.0715
29,MDP_Value,24x28,67,0.0667
29,MDP_Value,24x28,68,0.0629
29,MDP_Value,24x28,69,0.0584
29,MDP_Value,24x28,70,0.0548
29,MDP_Value,24x28,71,0.0505
29,MDP_Value,24x28,72,0.0473
29,MDP_Value,24x28,73,0.0440
29,MDP_Value,24x28,74,0.0413
29,MDP_Value,24x28,75,0.0384
29,MDP_Value,24x28,76,0.0362
29,MDP_Value,24x28,77,0.0335
29,MDP_Value,24x28,78,0.0318
29,MDP_Value,24x28,79,0.0300
29,MDP_Value,24x28,80,0.0283
29,MDP_Value,24x28,81,0.0263
29,MDP_Value,24x28,82,0.0245
29,MDP_Value,24x28,83,0.0228
29,MDP_Value,24x28,84,0.0214
29,MDP_Value,24x28,85,0.0201
29,MDP_Value,24x28,86,0.0190
29,MDP_Value,24x28,87,0.0178
29,MDP_Value,24x28,88,0.0169
29,MDP_Value,24x28,89,0.0160
29,MDP_Value,24x28,90,0.0154
29,MDP_Value,24x28,91,0.0146
29,MDP_Value,24x28,92,0.0138
29,MDP_Value,24x28,93,0.0130
29,MDP_Value,24x28,94,0.0122
29,MDP_Value,24x28,95,0.0114
29,MDP_Value,24x28,96,0.0106
29,MDP_Value,24x28,97,0.0099
29,MDP_Value,24x28,98,0.0092
29,MDP_Value,24x28,99,0.0086
29,MDP_Value,24x28,100,0.0080
29,MDP_Value,24x28,101,0.0075
29,MDP_Value,24x28,102,0.0071
29,MDP_Value,24x28,103,0.0066
29,MDP_Value,24x28,104,0.0061
30,MDP_Value,24x28,0,0.2017
30,MDP_Value,24x28,1,0.3711
30,MDP_Value,24x28,2,0.4796
30,MDP_Value,24x28,3,0.5983
30,MDP_Value,24x28,4,0.6101
30,MDP_Value,24x28,5,0.7722
30,MDP_Value,24x28,6,0.8115
30,MDP_Value,24x28,7,0.8805
30,MDP_Value,24x28,8,0.8742
30,MDP_Value,24x28,9,0.9931
30,MDP_Value,24x28,10,0.9347
30,MDP_Value,24x28,11,0.9864
30,MDP_Value,24x28,12,0.9841
30,MDP_Value,24x28,13,1.0136
30,MDP_Value,24x28,14,1.0093
30,MDP_Value,24x28,15,1.0550
30,MDP_Value,24x28,16,1.0887
30,MDP_Value,24x28,17,1.0900
30,MDP_Value,24x28,18,1.1199
30,MDP_Value,24x28,19,1.1551
30,MDP_Value,24x28,20,1.1322
30,MDP_Value,24x28,21,1.1116
30,MDP_Value,24x28,22,1.0876
30,MDP_Value,24x28,23,1.0307
30,MDP_Value,24x28,24,0.9864
30,MDP_Value,24x28,25,0.9230
30,MDP_Value,24x28,26,0.8675
30,MDP_Value,24x28,27,0.8068
30,MDP_Value,24x28,28,0.7655
30,MDP_Value,24x28,29,0.7225
30,MDP_Value,24x28,30,0.7075
30,MDP_Value,24x28,31,0.6698
30,MDP_Value,24x28,32,0.6439
30,MDP_Value,24x28,33,0.6006
30,MDP_Value,24x28,34,0.5830
30,MDP_Value,24x28,35,0.5478
30,MDP_Value,24x28,36,0.5178
30,MDP_Value,24x28,37,0.4803
30,MDP_Value,24x28,38,0.4570
30,MDP_Value,24x28,39,0.4254
30,MDP_Value,24x28,40,0.4013
30,MDP_Value,24x28,41,0.3772
30,MDP_Value,24x28,42,0.3604
30,MDP_Value,24x28,43,0.3351
30,MDP_Value,24x28,44,0.3174
30,MDP_Value,24x28,45,0.2969
30,MDP_Value,24x28,46,0.2818
30,MDP_Value,24x28,47,0.2618
30,MDP_Value,24x28,48,0.2445
30,MDP_Value,24x28,49,0.2270
30,MDP_Value,24x28,50,0.2113
30,MDP_Value,24x28,51,0.1968
30,MDP_Value,24x28,52,0.1858
30,MDP_Value,24x28,53,0.1719
30,MDP_Value,24x28,54,0.1604
30,MDP_Value,24x28,55,0.1480
30,MDP_Value,24x28,56,0.1388
30,MDP_Value,24x28,57,0.1277
30,MDP_Value,24x28,58,0.1194
30,MDP_Value,24x28,59,0.1105
30,MDP_Value,24x28,60,0.1040
30,MDP_Value,24x28,61,0.0970
30,MDP_Value,24x28,62,0.0911
30,MDP_Value,24x28,63,0.0842
30,MDP_Value,24x28,64,0.0800
30,MDP_Value,24x28,65,0.0749
30,MDP_Value,24x28,66,0.0715
30,MDP_Value,24x28,67,0.0667
30,MDP_Value,24x28,68,0.0629
30,MDP_Value,24x28,69,0.0584
30,MDP_Value,24x28,70,0.0548
30,MDP_Value,24x28,71,0.0505
30,MDP_Value,24x28,72,0.0473
30,MDP_Value,24x28,73,0.0440
30,MDP_Value,24x28,74,0.0413
30,MDP_Value,24x28,75,0.0384
30,MDP_Value,24x28,76,0.0362
30,MDP_Value,24x28,77,0.0335
30,MDP_Value,24x28,78,0.0318
30,MDP_Value,24x28,79,0.0300
30,MDP_Value,24x28,80,0.0283
30,MDP_Value,24x28,81,0.0263
30,MDP_Value,24x28,82,0.0245
30,MDP_Value,24x28,83,0.0228
30,MDP_Value,24x28,84,0.0214
30,MDP_Value,24x28,85,0.0201
30,MDP_Value,24x28,86,0.0190
30,MDP_Value,24x28,87,0.0178
30,MDP_Value,24x28,88,0.0169
30,MDP_Value,24x28,89,0.0160
30,MDP_Value,24x28,90,0.0154
30,MDP_Value,24x28,91,0.0146
30,MDP_Value,24x28,92,0.0138
30,MDP_Value,24x28,93,0.0130
30,MDP_Value,24x28,94,0.0122
30,MDP_Value,24x28,95,0.0114
30,MDP_Value,24x28,96,0.0106
30,MDP_Value,24x28,97,0.0099
30,MDP_Value,24x28,98,0.0092
30,MDP_Value,24x28,99,0.0086
30,MDP_Value,24x28,100,0.0080
30,MDP_Value,24x28,101,0.0075
30,MDP_Value,24x28,102,0.0071
30,MDP_Value,24x28,103,0.0066
30,MDP_Value,24x28,104,0.0061
31,MDP_Value,24x28,0,0.2017
31,MDP_Value,24x28,1,0.3711
31,MDP_Value,24x28,2,0.4796
31,MDP_Value,24x28,3,0.5983
31,MDP_Value,24x28,4,0.6101
31,MDP_Value,24x28,5,0.7722
31,MDP_Value,24x28,6,0.8115
31,MDP_Value,24x28,7,0.8805
31,MDP_Value,24x28,8,0.8742
31,MDP_Value,24x28,9,0.9931
31,MDP_Value,24x28,10,0.9347
31,MDP_Value,24x28,11,0.9864
31,MDP_Value,24x28,12,0.9841
31,MDP_Value,24x28,13,1.0136
31,MDP_Value,24x28,14,1.0093
31,MDP_Value,24x28,15,1.0550
31,MDP_Value,24x28,16,1.0887
31,MDP_Value,24x28,17,1.0900
31,MDP_Value,24x28,18,1.1199
31,MDP_Value,24x28,19,1.1551
31,MDP_Value,24x28,20,1.1322
31,MDP_Value,24x28,21,1.1116
31,MDP_Value,24x28,22,1.0876
31,MDP_Value,24x28,23,1.0307
31,MDP_Value,24x28,24,0.9864
31,MDP_Value,24x28,25,0.9230
31,MDP_Value,24x28,26,0.8675
31,MDP_Value,24x28,27,0.8068
31,MDP_Value,24x28,28,0.7655
31,MDP_Value,24x28,29,0.7225
31,MDP_Value,24x28,30,0.7075
31,MDP_Value,24x28,31,0.6698
31,MDP_Value,24x28,32,0.6439
31,MDP_Value,24x28,33,0.6006
31,MDP_Value,24x28,34,0.5830
31,MDP_Value,24x28,35,0.5478
31,MDP_Value,24x28,36,0.5178
31,MDP_Value,24x28,37,0.4803
31,MDP_Value,24x28,38,0.4570
31,MDP_Value,24x28,39,0.4254
31,MDP_Value,24x28,40,0.4013
31,MDP_Value,24x28,41,0.3772
31,MDP_Value,24x28,42,0.3604
31,MDP_Value,24x28,43,0.3351
31,MDP_Value,24x28,44,0.3174
31,MDP_Value,24x28,45,0.2969
31,MDP_Value,24x28,46,0.2818
31,MDP_Value,24x28,47,0.2618
31,MDP_Value,24x28,48,0.2445
31,MDP_Value,24x28,49,0.2270
31,MDP_Value,24x28,50,0.2113
31,MDP_Value,24x28,51,0.1968
31,MDP_Value,24x28,52,0.1858
31,MDP_Value,24x28,53,0.1719
31,MDP_Value,24x28,54,0.1604
31,MDP_Value,24x28,55,0.1480
31,MDP_Value,24x28,56,0.1388
31,MDP_Value,24x28,57,0.1277
31,MDP_Value,24x28,58,0.1194
31,MDP_Value,24x28,59,0.1105
31,MDP_Value,24x28,60,0.1040
31,MDP_Value,24x28,61,0.0970
31,MDP_Value,24x28,62,0.0911
31,MDP_Value,24x28,63,0.0842
31,MDP_Value,24x28,64,0.0800
31,MDP_Value,24x28,65,0.0749
31,MDP_Value,24x28,66,0.0715
31,MDP_Value,24x28,67,0.0667
31,MDP_Value,24x28,68,0.0629
31,MDP_Value,24x28,69,0.0584
31,MDP_Value,24x28,70,0.0548
31,MDP_Value,24x28,71,0.0505
31,MDP_Value,24x28,72,0.0473
31,MDP_Value,24x28,73,0.0440
31,MDP_Value,24x28,74,0.0413
31,MDP_Value,24x28,75,0.0384
31,MDP_Value,24x28,76,0.0362
31,MDP_Value,24x28,77,0.0335
31,MDP_Value,24x28,78,0.0318
31,MDP_Value,24x28,79,0.0300
31,MDP_Value,24x28,80,0.0283
31,MDP_Value,24x28,81,0.0263
31,MDP_Value,24x28,82,0.0245
31,MDP_Value,24x28,83,0.0228
31,MDP_Value,24x28,84,0.0214
31,MDP_Value,24x28,85,0.0201
31,MDP_Value,24x28,86,0.0190
31,MDP_Value,24x28,87,0.0178
31,MDP_Value,24x28,88,0.0169
31,MDP_Value,24x28,89,0.0160
31,MDP_Value,24x28,90,0.0154
31,MDP_Value,24x28,91,0.0146
31,MDP_Value,24x28,92,0.0138
31,MDP_Value,24x28,93,0.0130
31,MDP_Value,24x28,94,0.0122
31,MDP_Value,24x28,95,0.0114
31,MDP_Value,24x28,96,0.0106
31,MDP_Value,24x28,97,0.0099
31,MDP_Value,24x28,98,0.0092
31,MDP_Value,24x28,99,0.0086
31,MDP_Value,24x28,100,0.0080
31,MDP_Value,24x28,101,0.0075
31,MDP_Value,24x28,102,0.0071
31,MDP_Value,24x28,103,0.0066
31,MDP_Value,24x28,104,0.0061
31,MDP_Value,24x28,105,0.0057
31,MDP_Value,24x28,106,0.0053
31,MDP_Value,24x28,107,0.0050
31,MDP_Value,24x28,108,0.0046
31,MDP_Value,24x28,109,0.0043
31,MDP_Value,24x28,110,0.0040
31,MDP_Value,24x28,111,0.0038
31,MDP_Value,24x28,112,0.0035
31,MDP_Value,24x28,113,0.0032
31,MDP_Value,24x28,114,0.0030
31,MDP_Value,24x28,115,0.0028
31,MDP_Value,24x28,116,0.0025
31,MDP_Value,24x28,117,0.0023
31,MDP_Value,24x28,118,0.0022
31,MDP_Value,24x28,119,0.0020
31,MDP_Value,24x28,120,0.0018
31,MDP_Value,24x28,121,0.0017
31,MDP_Value,24x28,122,0.0016
31,MDP_Value,24x28,123,0.0014
31,MDP_Value,24x28,124,0.0013
31,MDP_Value,24x28,125,0.0012
31,MDP_Value,24x28,126,0.0011
31,MDP_Value,24x28,127,0.0010
31,MDP_Value,24x28,128,0.0009
31,MDP_Value,24x28,129,0.0009
31,MDP_Value,24x28,130,0.0008
31,MDP_Value,24x28,131,0.0007
31,MDP_Value,24x28,132,0.0007
31,MDP_Value,24x28,133,0.0006
31,MDP_Value,24x28,134,0.0006
31,MDP_Value,24x28,135,0.0005
31,MDP_Value,24x28,136,0.0005
31,MDP_Value,24x28,137,0.0004
31,MDP_Value,24x28,138,0.0004
31,MDP_Value,24x28,139,0.0004
31,MDP_Value,24x28,140,0.0003
31,MDP_Value,24x28,141,0.0003
31,MDP_Value,24x28,142,0.0003
31,MDP_Value,24x28,143,0.0003
31,MDP_Value,24x28,144,0.0002
31,MDP_Value,24x28,145,0.0002
31,MDP_Value,24x28,146,0.0002
31,MDP_Value,24x28,147,0.0002
31,MDP_Value,24x28,148,0.0002
31,MDP_Value,24x28,149,0.0002
31,MDP_Value,24x28,150,0.0002
31,MDP_Value,24x28,151,0.0001
31,MDP_Value,24x28,152,0.0001
31,MDP_Value,24x28,153,0.0001
31,MDP_Value,24x28,154,0.0001
31,MDP_Value,24x28,155,0.0001
31,MDP_Value,24x28,156,0.0001
31,MDP_Value,24x28,157,0.0001
31,MDP_Value,24x28,158,0.0001
31,MDP_Value,24x28,159,0.0001
31,MDP_Value,24x28,160,0.0001
31,MDP_Value,24x28,161,0.0001
31,MDP_Value,24x28,162,0.0001
31,MDP_Value,24x28,163,0.0001
31,MDP_Value,24x28,164,0.0000
31,MDP_Value,24x28,165,0.0000
31,MDP_Value,24x28,166,0.0000
31,MDP_Value,24x28,167,0.0000
31,MDP_Value,24x28,168,0.0000
31,MDP_Value,24x28,169,0.0000
31,MDP_Value,24x28,170,0.0000
31,MDP_Value,24x28,171,0.0000
31,MDP_Value,24x28,172,0.0000
31,MDP_Value,24x28,173,0.0000
31,MDP_Value,24x28,174,0.0000
31,MDP_Value,24x28,175,0.0000
31,MDP_Value,24x28,176,0.0000
31,MDP_Value,24x28,177,0.0000
31,MDP_Value,24x28,178,0.0000
31,MDP_Value,24x28,179,0.0000
31,MDP_Value,24x28,180,0.0000
31,MDP_Value,24x28,181,0.0000
31,MDP_Value,24x28,182,0.0000
31,MDP_Value,24x28,183,0.0000
31,MDP_Value,24x28,184,0.0000
31,MDP_Value,24x28,185,0.0000
31,MDP_Value,24x28,186,0.0000
31,MDP_Value,24x28,187,0.0000
31,MDP_Value,24x28,188,0.0000
31,MDP_Value,24x28,189,0.0000
31,MDP_Value,24x28,190,0.0000
31,MDP_Value,24x28,191,0.0000
31,MDP_Value,24x28,192,0.0000
31,MDP_Value,24x28,193,0.0000
31,MDP_Value,24x28,194,0.0000
31,MDP_Value,24x28,195,0.0000
31,MDP_Value,24x28,196,0.0000
31,MDP_Value,24x28,197,0.0000
31,MDP_Value,24x28,198,0.0000
31,MDP_Value,24x28,199,0.0000
31,MDP_Value,24x28,200,0.0000
31,MDP_Value,24x28,201,0.0000
31,MDP_Value,24x28,202,0.0000
31,MDP_Value,24x28,203,0.0000
31,MDP_Value,24x28,204,0.0000
31,MDP_Value,24x28,205,0.0000
31,MDP_Value,24x28,206,0.0000
31,MDP_Value,24x28,207,0.0000
31,MDP_Value,24x28,208,0.0000
31,MDP_Value,24x28,209,0.0000
31,MDP_Value,24x28,210,0.0000
31,MDP_Value,24x28,211,0.0000
31,MDP_Value,24x28,212,0.0000
31,MDP_Value,24x28,213,0.0000
31,MDP_Value,24x28,214,0.0000
31,MDP_Value,24x28,215,0.0000
31,MDP_Value,24x28,216,0.0000
31,MDP_Value,24x28,217,0.0000
31,MDP_Value,24x28,218,0.0000
31,MDP_Value,24x28,219,0.0000
31,MDP_Value,24x28,220,0.0000
31,MDP_Value,24x28,221,0.0000
31,MDP_Value,24x28,222,0.0000
31,MDP_Value,24x28,223,0.0000
31,MDP_Value,24x28,224,0.0000
31,MDP_Value,24x28,225,0.0000
31,MDP_Value,24x28,226,0.0000
31,MDP_Value,24x28,227,0.0000
31,MDP_Value,24x28,228,0.0000
31,MDP_Value,24x28,229,0.0000
31,MDP_Value,24x28,230,0.0000
31,MDP_Value,24x28,231,0.0000
31,MDP_Value,24x28,232,0.0000
31,MDP_Value,24x28,233,0.0000
31,MDP_Value,24x28,234,0.0000
31,MDP_Value,24x28,235,0.0000
31,MDP_Value,24x28,236,0.0000
31,MDP_Value,24x28,237,0.0000
31,MDP_Value,24x28,238,0.0000
31,MDP_Value,24x28,239,0.0000
31,MDP_Value,24x28,240,0.0000
31,MDP_Value,24x28,241,0.0000
31,MDP_Value,24x28,242,0.0000
31,MDP_Value,24x28,243,0.0000
31,MDP_Value,24x28,244,0.0000
31,MDP_Value,24x28,245,0.0000
31,MDP_Value,24x28,246,0.0000
31,MDP_Value,24x28,247,0.0000
31,MDP_Value,24x28,248,0.0000
31,MDP_Value,24x28,249,0.0000
31,MDP_Value,24x28,250,0.0000
31,MDP_Value,24x28,251,0.0000
31,MDP_Value,24x28,252,0.0000
31,MDP_Value,24x28,253,0.0000
31,MDP_Value,24x28,254,0.0000
31,MDP_Value,24x28,255,0.0000
31,MDP_Value,24x28,256,0.0000
31,MDP_Value,24x28,257,0.0000
31,MDP_Value,24x28,258,0.0000
31,MDP_Value,24x28,259,0.0000
31,MDP_Value,24x28,260,0.0000
31,MDP_Value,24x28,261,0.0000
31,MDP_Value,24x28,262,0.0000
31,MDP_Value,24x28,263,0.0000
31,MDP_Value,24x28,264,0.0000
31,MDP_Value,24x28,265,0.0000
31,MDP_Value,24x28,266,0.0000
31,MDP_Value,24x28,267,0.0000
31,MDP_Value,24x28,268,0.0000
31,MDP_Value,24x28,269,0.0000
31,MDP_Value,24x28,270,0.0000
31,MDP_Value,24x28,271,0.0000
31,MDP_Value,24x28,272,0.0000
31,MDP_Value,24x28,273,0.0000
31,MDP_Value,24x28,274,0.0000
31,MDP_Value,24x28,275,0.0000
31,MDP_Value,24x28,276,0.0000
31,MDP_Value,24x28,277,0.0000
31,MDP_Value,24x28,278,0.0000
31,MDP_Value,24x28,279,0.0000
31,MDP_Value,24x28,280,0.0000
31,MDP_Value,24x28,281,0.0000
31,MDP_Value,24x28,282,0.0000
31,MDP_Value,24x28,283,0.0000
31,MDP_Value,24x28,284,0.0000
31,MDP_Value,24x28,285,0.0000
31,MDP_Value,24x28,286,0.0000
31,MDP_Value,24x28,287,0.0000
31,MDP_Value,24x28,288,0.0000
31,MDP_Value,24x28,289,0.0000
31,MDP_Value,24x28,290,0.0000
31,MDP_Value,24x28,291,0.0000
31,MDP_Value,24x28,292,0.0000
31,MDP_Value,24x28,293,0.0000
31,MDP_Value,24x28,294,0.0000
31,MDP_Value,24x28,295,0.0000
31,MDP_Value,24x28,296,0.0000
31,MDP_Value,24x28,297,0.0000
31,MDP_Value,24x28,298,0.0000
31,MDP_Value,24x28,299,0.0000
31,MDP_Value,24x28,300,0.0000
31,MDP_Value,24x28,301,0.0000
31,MDP_Value,24x28,302,0.0000
31,MDP_Value,24x28,303,0.0000
31,MDP_Value,24x28,304,0.0000
31,MDP_Value,24x28,305,0.0000
31,MDP_Value,24x28,306,0.0000
31,MDP_Value,24x28,307,0.0000
31,MDP_Value,24x28,308,0.0000
31,MDP_Value,24x28,309,0.0000
31,MDP_Value,24x28,310,0.0000
31,MDP_Value,24x28,311,0.0000
31,MDP_Value,24x28,312,0.0000
31,MDP_Value,24x28,313,0.0000
31,MDP_Value,24x28,314,0.0000
31,MDP_Value,24x28,315,0.0000
31,MDP_Value,24x28,316,0.0000
31,MDP_Value,24x28,317,0.0000
31,MDP_Value,24x28,318,0.0000
31,MDP_Value,24x28,319,0.0000
31,MDP_Value,24x28,320,0.0000
31,MDP_Value,24x28,321,0.0000
31,MDP_Value,24x28,322,0.0000
31,MDP_Value,24x28,323,0.0000
31,MDP_Value,24x28,324,0.0000
31,MDP_Value,24x28,325,0.0000
31,MDP_Value,24x28,326,0.0000
31,MDP_Value,24x28,327,0.0000
31,MDP_Value,24x28,328,0.0000
31,MDP_Value,24x28,329,0.0000
31,MDP_Value,24x28,330,0.0000
31,MDP_Value,24x28,331,0.0000
31,MDP_Value,24x28,332,0.0000
31,MDP_Value,24x28,333,0.0000
31,MDP_Value,24x28,334,0.0000
31,MDP_Value,24x28,335,0.0000
31,MDP_Value,24x28,336,0.0000
31,MDP_Value,24x28,337,0.0000
31,MDP_Value,24x28,338,0.0000
31,MDP_Value,24x28,339,0.0000
31,MDP_Value,24x28,340,0.0000
31,MDP_Value,24x28,341,0.0000
31,MDP_Value,24x28,342,0.0000
31,MDP_Value,24x28,343,0.0000
31,MDP_Value,24x28,344,0.0000
31,MDP_Value,24x28,345,0.0000
31,MDP_Value,24x28,346,0.0000
31,MDP_Value,24x28,347,0.0000
31,MDP_Value,24x28,348,0.0000
31,MDP_Value,24x28,349,0.0000
31,MDP_Value,24x28,350,0.0000
31,MDP_Value,24x28,351,0.0000
31,MDP_Value,24x28,352,0.0000
31,MDP_Value,24x28,353,0.0000
31,MDP_Value,24x28,354,0.0000
31,MDP_Value,24x28,355,0.0000
31,MDP_Value,24x28,356,0.0000
31,MDP_Value,24x28,357,0.0000
31,MDP_Value,24x28,358,0.0000
31,MDP_Value,24x28,359,0.0000
31,MDP_Value,24x28,360,0.0000
31,MDP_Value,24x28,361,0.0000
31,MDP_Value,24x28,362,0.0000
31,MDP_Value,24x28,363,0.0000
31,MDP_Value,24x28,364,0.0000
31,MDP_Value,24x28,365,0.0000
31,MDP_Value,24x28,366,0.0000
31,MDP_Value,24x28,367,0.0000
31,MDP_Value,24x28,368,0.0000
31,MDP_Value,24x28,369,0.0000
31,MDP_Value,24x28,370,0.0000
31,MDP_Value,24x28,371,0.0000
31,MDP_Value,24x28,372,0.0000
31,MDP_Value,24x28,373,0.0000
31,MDP_Value,24x28,374,0.0000
31,MDP_Value,24x28,375,0.0000
31,MDP_Value,24x28,376,0.0000
31,MDP_Value,24x28,377,0.0000
31,MDP_Value,24x28,378,0.0000
31,MDP_Value,24x28,379,0.0000
31,MDP_Value,24x28,380,0.0000
31,MDP_Value,24x28,381,0.0000
31,MDP_Value,24x28,382,0.0000
31,MDP_Value,24x28,383,0.0000
31,MDP_Value,24x28,384,0.0000
31,MDP_Value,24x28,385,0.0000
31,MDP_Value,24x28,386,0.0000
31,MDP_Value,24x28,387,0.0000
31,MDP_Value,24x28,388,0.0000
31,MDP_Value,24x28,389,0.0000
31,MDP_Value,24x28,390,0.0000
31,MDP_Value,24x28,391,0.0000
31,MDP_Value,24x28,392,0.0000
31,MDP_Value,24x28,393,0.0000
31,MDP_Value,24x28,394,0.0000
31,MDP_Value,24x28,395,0.0000
31,MDP_Value,24x28,396,0.0000
31,MDP_Value,24x28,397,0.0000
31,MDP_Value,24x28,398,0.0000
31,MDP_Value,24x28,399,0.0000
31,MDP_Value,24x28,400,0.0000
31,MDP_Value,24x28,401,0.0000
31,MDP_Value,24x28,402,0.0000
31,MDP_Value,24x28,403,0.0000
31,MDP_Value,24x28,404,0.0000
31,MDP_Value,24x28,405,0.0000
31,MDP_Value,24x28,406,0.0000
31,MDP_Value,24x28,407,0.0000
31,MDP_Value,24x28,408,0.0000
31,MDP_Value,24x28,409,0.0000
31,MDP_Value,24x28,410,0.0000
31,MDP_Value,24x28,411,0.0000
31,MDP_Value,24x28,412,0.0000
31,MDP_Value,24x28,413,0.0000
31,MDP_Value,24x28,414,0.0000
31,MDP_Value,24x28,415,0.0000
31,MDP_Value,24x28,416,0.0000
31,MDP_Value,24x28,417,0.0000
31,MDP_Value,24x28,418,0.0000
31,MDP_Value,24x28,419,0.0000
31,MDP_Value,24x28,420,0.0000
31,MDP_Value,24x28,421,0.0000
31,MDP_Value,24x28,422,0.0000
31,MDP_Value,24x28,423,0.0000
31,MDP_Value,24x28,424,0.0000
31,MDP_Value,24x28,425,0.0000
31,MDP_Value,24x28,426,0.0000
31,MDP_Value,24x28,427,0.0000
31,MDP_Value,24x28,428,0.0000
31,MDP_Value,24x28,429,0.0000
31,MDP_Value,24x28,430,0.0000
31,MDP_Value,24x28,431,0.0000
31,MDP_Value,24x28,432,0.0000
31,MDP_Value,24x28,433,0.0000
31,MDP_Value,24x28,434,0.0000
31,MDP_Value,24x28,435,0.0000
31,MDP_Value,24x28,436,0.0000
31,MDP_Value,24x28,437,0.0000
31,MDP_Value,24x28,438,0.0000
31,MDP_Value,24x28,439,0.0000
31,MDP_Value,24x28,440,0.0000
31,MDP_Value,24x28,441,0.0000
31,MDP_Value,24x28,442,0.0000
31,MDP_Value,24x28,443,0.0000
31,MDP_Value,24x28,444,0.0000
31,MDP_Value,24x28,445,0.0000
31,MDP_Value,24x28,446,0.0000
31,MDP_Value,24x28,447,0.0000
31,MDP_Value,24x28,448,0.0000
31,MDP_Value,24x28,449,0.0000
31,MDP_Value,24x28,450,0.0000
31,MDP_Value,24x28,451,0.0000
31,MDP_Value,24x28,452,0.0000
31,MDP_Value,24x28,453,0.0000
31,MDP_Value,24x28,454,0.0000
31,MDP_Value,24x28,455,0.0000
31,MDP_Value,24x28,456,0.0000
31,MDP_Value,24x28,457,0.0000
31,MDP_Value,24x28,458,0.0000
31,MDP_Value,24x28,459,0.0000
31,MDP_Value,24x28,460,0.0000
31,MDP_Value,24x28,461,0.0000
31,MDP_Value,24x28,462,0.0000
31,MDP_Value,24x28,463,0.0000
31,MDP_Value,24x28,464,0.0000
31,MDP_Value,24x28,465,0.0000
31,MDP_Value,24x28,466,0.0000
31,MDP_Value,24x28,467,0.0000
31,MDP_Value,24x28,468,0.0000
31,MDP_Value,24x28,469,0.0000
31,MDP_Value,24x28,470,0.0000
31,MDP_Value,24x28,471,0.0000
31,MDP_Value,24x28,472,0.0000
31,MDP_Value,24x28,473,0.0000
31,MDP_Value,24x28,474,0.0000
31,MDP_Value,24x28,475,0.0000
31,MDP_Value,24x28,476,0.0000
31,MDP_Value,24x28,477,0.0000
31,MDP_Value,24x28,478,0.0000
31,MDP_Value,24x28,479,0.0000
31,MDP_Value,24x28,480,0.0000
31,MDP_Value,24x28,481,0.0000
31,MDP_Value,24x28,482,0.0000
31,MDP_Value,24x28,483,0.0000
31,MDP_Value,24x28,484,0.0000
31,MDP_Value,24x28,485,0.0000
31,MDP_Value,24x28,486,0.0000
31,MDP_Value,24x28,487,0.0000
31,MDP_Value,24x28,488,0.0000
31,MDP_Value,24x28,489,0.0000
31,MDP_Value,24x28,490,0.0000
31,MDP_Value,24x28,491,0.0000
31,MDP_Value,24x28,492,0.0000
31,MDP_Value,24x28,493,0.0000
31,MDP_Value,24x28,494,0.0000
31,MDP_Value,24x28,495,0.0000
31,MDP_Value,24x28,496,0.0000
31,MDP_Value,24x28,497,0.0000
31,MDP_Value,24x28,498,0.0000
31,MDP_Value,24x28,499,0.0000
32,MDP_Value,24x28,0,0.2022
32,MDP_Value,24x28,1,0.3748
32,MDP_Value,24x28,2,0.4878
32,MDP_Value,24x28,3,0.6129
32,MDP_Value,24x28,4,0.6294
32,MDP_Value,24x28,5,0.8027
32,MDP_Value,24x28,6,0.8494
32,MDP_Value,24x28,7,0.9284
32,MDP_Value,24x28,8,0.9283
32,MDP_Value,24x28,9,1.0624
32,MDP_Value,24x28,10,1.0068
32,MDP_Value,24x28,11,1.0706
32,MDP_Value,24x28,12,1.0756
32,MDP_Value,24x28,13,1.1161
32,MDP_Value,24x28,14,1.1192
32,MDP_Value,24x28,15,1.1785
32,MDP_Value,24x28,16,1.2249
32,MDP_Value,24x28,17,1.2353
32,MDP_Value,24x28,18,1.2783
32,MDP_Value,24x28,19,1.3280
32,MDP_Value,24x28,20,1.3111
32,MDP_Value,24x28,21,1.2966
32,MDP_Value,24x28,22,1.2778
32,MDP_Value,24x28,23,1.2197
32,MDP_Value,24x28,24,1.1757
32,MDP_Value,24x28,25,1.1081
32,MDP_Value,24x28,26,1.0490
32,MDP_Value,24x28,27,0.9827
32,MDP_Value,24x28,28,0.9392
32,MDP_Value,24x28,29,0.8929
32,MDP_Value,24x28,30,0.8807
32,MDP_Value,24x28,31,0.8397
32,MDP_Value,24x28,32,0.8132
32,MDP_Value,24x28,33,0.7639
32,MDP_Value,24x28,34,0.7470
32,MDP_Value,24x28,35,0.7069
32,MDP_Value,24x28,36,0.6731
32,MDP_Value,24x28,37,0.6289
32,MDP_Value,24x28,38,0.6027
32,MDP_Value,24x28,39,0.5650
32,MDP_Value,24x28,40,0.5369
32,MDP_Value,24x28,41,0.5084
32,MDP_Value,24x28,42,0.4892
32,MDP_Value,24x28,43,0.4581
32,MDP_Value,24x28,44,0.4372
32,MDP_Value,24x28,45,0.4119
32,MDP_Value,24x28,46,0.3937
32,MDP_Value,24x28,47,0.3684
32,MDP_Value,24x28,48,0.3466
32,MDP_Value,24x28,49,0.3241
32,MDP_Value,24x28,50,0.3039
32,MDP_Value,24x28,51,0.2850
32,MDP_Value,24x28,52,0.2710
32,MDP_Value,24x28,53,0.2527
32,MDP_Value,24x28,54,0.2374
32,MDP_Value,24x28,55,0.2207
32,MDP_Value,24x28,56,0.2084
32,MDP_Value,24x28,57,0.1932
32,MDP_Value,24x28,58,0.1819
32,MDP_Value,24x28,59,0.1695
32,MDP_Value,24x28,60,0.1608
32,MDP_Value,24x28,61,0.1510
32,MDP_Value,24x28,62,0.1428
32,MDP_Value,24x28,63,0.1331
32,MDP_Value,24x28,64,0.1273
32,MDP_Value,24x28,65,0.1200
32,MDP_Value,24x28,66,0.1154
32,MDP_Value,24x28,67,0.1085
32,MDP_Value,24x28,68,0.1030
32,MDP_Value,24x28,69,0.0963
32,MDP_Value,24x28,70,0.0910
32,MDP_Value,24x28,71,0.0846
32,MDP_Value,24x28,72,0.0797
32,MDP_Value,24x28,73,0.0746
32,MDP_Value,24x28,74,0.0706
32,MDP_Value,24x28,75,0.0661
32,MDP_Value,24x28,76,0.0627
32,MDP_Value,24x28,77,0.0586
32,MDP_Value,24x28,78,0.0559
32,MDP_Value,24x28,79,0.0532
32,MDP_Value,24x28,80,0.0505
32,MDP_Value,24x28,81,0.0472
32,MDP_Value,24x28,82,0.0444
32,MDP_Value,24x28,83,0.0416
32,MDP_Value,24x28,84,0.0393
32,MDP_Value,24x28,85,0.0372
32,MDP_Value,24x28,86,0.0355
32,MDP_Value,24x28,87,0.0335
32,MDP_Value,24x28,88,0.0320
32,MDP_Value,24x28,89,0.0305
32,MDP_Value,24x28,90,0.0295
32,MDP_Value,24x28,91,0.0282
32,MDP_Value,24x28,92,0.0269
32,MDP_Value,24x28,93,0.0255
32,MDP_Value,24x28,94,0.0241
32,MDP_Value,24x28,95,0.0226
32,MDP_Value,24x28,96,0.0212
32,MDP_Value,24x28,97,0.0200
32,MDP_Value,24x28,98,0.0187
32,MDP_Value,24x28,99,0.0176
32,MDP_Value,24x28,100,0.0166
32,MDP_Value,24x28,101,0.0156
32,MDP_Value,24x28,102,0.0148
32,MDP_Value,24x28,103,0.0139
32,MDP_Value,24x28,104,0.0130
32,MDP_Value,24x28,105,0.0122
32,MDP_Value,24x28,106,0.0114
32,MDP_Value,24x28,107,0.0107
32,MDP_Value,24x28,108,0.0101
32,MDP_Value,24x28,109,0.0095
32,MDP_Value,24x28,110,0.0089
32,MDP_Value,24x28,111,0.0084
32,MDP_Value,24x28,112,0.0079
32,MDP_Value,24x28,113,0.0074
32,MDP_Value,24x28,114,0.0068
32,MDP_Value,24x28,115,0.0063
32,MDP_Value,24x28,116,0.0059
32,MDP_Value,24x28,117,0.0055
32,MDP_Value,24x28,118,0.0051
32,MDP_Value,24x28,119,0.0047
32,MDP_Value,24x28,120,0.0044
32,MDP_Value,24x28,121,0.0041
32,MDP_Value,24x28,122,0.0038
32,MDP_Value,24x28,123,0.0035
32,MDP_Value,24x28,124,0.0032
32,MDP_Value,24x28,125,0.0030
32,MDP_Value,24x28,126,0.0028
32,MDP_Value,24x28,127,0.0026
32,MDP_Value,24x28,128,0.0024
32,MDP_Value,24x28,129,0.0022
32,MDP_Value,24x28,130,0.0021
32,MDP_Value,24x28,131,0.0019
32,MDP_Value,24x28,132,0.0018
32,MDP_Value,24x28,133,0.0016
32,MDP_Value,24x28,134,0.0015
32,MDP_Value,24x28,135,0.0014
32,MDP_Value,24x28,136,0.0013
32,MDP_Value,24x28,137,0.0012
32,MDP_Value,24x28,138,0.0011
32,MDP_Value,24x28,139,0.0010
32,MDP_Value,24x28,140,0.0010
32,MDP_Value,24x28,141,0.0009
32,MDP_Value,24x28,142,0.0008
32,MDP_Value,24x28,143,0.0008
32,MDP_Value,24x28,144,0.0007
32,MDP_Value,24x28,145,0.0007
32,MDP_Value,24x28,146,0.0006
32,MDP_Value,24x28,147,0.0006
32,MDP_Value,24x28,148,0.0005
32,MDP_Value,24x28,149,0.0005
32,MDP_Value,24x28,150,0.0004
32,MDP_Value,24x28,151,0.0004
32,MDP_Value,24x28,152,0.0004
32,MDP_Value,24x28,153,0.0004
32,MDP_Value,24x28,154,0.0003
32,MDP_Value,24x28,155,0.0003
32,MDP_Value,24x28,156,0.0003
32,MDP_Value,24x28,157,0.0003
32,MDP_Value,24x28,158,0.0002
32,MDP_Value,24x28,159,0.0002
32,MDP_Value,24x28,160,0.0002
32,MDP_Value,24x28,161,0.0002
32,MDP_Value,24x28,162,0.0002
32,MDP_Value,24x28,163,0.0002
32,MDP_Value,24x28,164,0.0002
32,MDP_Value,24x28,165,0.0001
32,MDP_Value,24x28,166,0.0001
32,MDP_Value,24x28,167,0.0001
32,MDP_Value,24x28,168,0.0001
32,MDP_Value,24x28,169,0.0001
32,MDP_Value,24x28,170,0.0001
32,MDP_Value,24x28,171,0.0001
32,MDP_Value,24x28,172,0.0001
32,MDP_Value,24x28,173,0.0001
32,MDP_Value,24x28,174,0.0001
32,MDP_Value,24x28,175,0.0001
32,MDP_Value,24x28,176,0.0001
32,MDP_Value,24x28,177,0.0001
32,MDP_Value,24x28,178,0.0001
32,MDP_Value,24x28,179,0.0000
32,MDP_Value,24x28,180,0.0000
32,MDP_Value,24x28,181,0.0000
32,MDP_Value,24x28,182,0.0000
32,MDP_Value,24x28,183,0.0000
32,MDP_Value,24x28,184,0.0000
32,MDP_Value,24x28,185,0.0000
32,MDP_Value,24x28,186,0.0000
32,MDP_Value,24x28,187,0.0000
32,MDP_Value,24x28,188,0.0000
32,MDP_Value,24x28,189,0.0000
32,MDP_Value,24x28,190,0.0000
32,MDP_Value,24x28,191,0.0000
32,MDP_Value,24x28,192,0.0000
32,MDP_Value,24x28,193,0.0000
32,MDP_Value,24x28,194,0.0000
32,MDP_Value,24x28,195,0.0000
32,MDP_Value,24x28,196,0.0000
32,MDP_Value,24x28,197,0.0000
32,MDP_Value,24x28,198,0.0000
32,MDP_Value,24x28,199,0.0000
32,MDP_Value,24x28,200,0.0000
32,MDP_Value,24x28,201,0.0000
32,MDP_Value,24x28,202,0.0000
32,MDP_Value,24x28,203,0.0000
32,MDP_Value,24x28,204,0.0000
32,MDP_Value,24x28,205,0.0000
32,MDP_Value,24x28,206,0.0000
32,MDP_Value,24x28,207,0.0000
32,MDP_Value,24x28,208,0.0000
32,MDP_Value,24x28,209,0.0000
32,MDP_Value,24x28,210,0.0000
32,MDP_Value,24x28,211,0.0000
32,MDP_Value,24x28,212,0.0000
32,MDP_Value,24x28,213,0.0000
32,MDP_Value,24x28,214,0.0000
32,MDP_Value,24x28,215,0.0000
32,MDP_Value,24x28,216,0.0000
32,MDP_Value,24x28,217,0.0000
32,MDP_Value,24x28,218,0.0000
32,MDP_Value,24x28,219,0.0000
32,MDP_Value,24x28,220,0.0000
32,MDP_Value,24x28,221,0.0000
32,MDP_Value,24x28,222,0.0000
32,MDP_Value,24x28,223,0.0000
32,MDP_Value,24x28,224,0.0000
32,MDP_Value,24x28,225,0.0000
32,MDP_Value,24x28,226,0.0000
32,MDP_Value,24x28,227,0.0000
32,MDP_Value,24x28,228,0.0000
32,MDP_Value,24x28,229,0.0000
32,MDP_Value,24x28,230,0.0000
32,MDP_Value,24x28,231,0.0000
32,MDP_Value,24x28,232,0.0000
32,MDP_Value,24x28,233,0.0000
32,MDP_Value,24x28,234,0.0000
32,MDP_Value,24x28,235,0.0000
32,MDP_Value,24x28,236,0.0000
32,MDP_Value,24x28,237,0.0000
32,MDP_Value,24x28,238,0.0000
32,MDP_Value,24x28,239,0.0000
32,MDP_Value,24x28,240,0.0000
32,MDP_Value,24x28,241,0.0000
32,MDP_Value,24x28,242,0.0000
32,MDP_Value,24x28,243,0.0000
32,MDP_Value,24x28,244,0.0000
32,MDP_Value,24x28,245,0.0000
32,MDP_Value,24x28,246,0.0000
32,MDP_Value,24x28,247,0.0000
32,MDP_Value,24x28,248,0.0000
32,MDP_Value,24x28,249,0.0000
32,MDP_Value,24x28,250,0.0000
32,MDP_Value,24x28,251,0.0000
32,MDP_Value,24x28,252,0.0000
32,MDP_Value,24x28,253,0.0000
32,MDP_Value,24x28,254,0.0000
32,MDP_Value,24x28,255,0.0000
32,MDP_Value,24x28,256,0.0000
32,MDP_Value,24x28,257,0.0000
32,MDP_Value,24x28,258,0.0000
32,MDP_Value,24x28,259,0.0000
32,MDP_Value,24x28,260,0.0000
32,MDP_Value,24x28,261,0.0000
32,MDP_Value,24x28,262,0.0000
32,MDP_Value,24x28,263,0.0000
32,MDP_Value,24x28,264,0.0000
32,MDP_Value,24x28,265,0.0000
32,MDP_Value,24x28,266,0.0000
32,MDP_Value,24x28,267,0.0000
32,MDP_Value,24x28,268,0.0000
32,MDP_Value,24x28,269,0.0000
32,MDP_Value,24x28,270,0.0000
32,MDP_Value,24x28,271,0.0000
32,MDP_Value,24x28,272,0.0000
32,MDP_Value,24x28,273,0.0000
32,MDP_Value,24x28,274,0.0000
32,MDP_Value,24x28,275,0.0000
32,MDP_Value,24x28,276,0.0000
32,MDP_Value,24x28,277,0.0000
32,MDP_Value,24x28,278,0.0000
32,MDP_Value,24x28,279,0.0000
32,MDP_Value,24x28,280,0.0000
32,MDP_Value,24x28,281,0.0000
32,MDP_Value,24x28,282,0.0000
32,MDP_Value,24x28,283,0.0000
32,MDP_Value,24x28,284,0.0000
32,MDP_Value,24x28,285,0.0000
32,MDP_Value,24x28,286,0.0000
32,MDP_Value,24x28,287,0.0000
32,MDP_Value,24x28,288,0.0000
32,MDP_Value,24x28,289,0.0000
32,MDP_Value,24x28,290,0.0000
32,MDP_Value,24x28,291,0.0000
32,MDP_Value,24x28,292,0.0000
32,MDP_Value,24x28,293,0.0000
32,MDP_Value,24x28,294,0.0000
32,MDP_Value,24x28,295,0.0000
32,MDP_Value,24x28,296,0.0000
32,MDP_Value,24x28,297,0.0000
32,MDP_Value,24x28,298,0.0000
32,MDP_Value,24x28,299,0.0000
32,MDP_Value,24x28,300,0.0000
32,MDP_Value,24x28,301,0.0000
32,MDP_Value,24x28,302,0.0000
32,MDP_Value,24x28,303,0.0000
32,MDP_Value,24x28,304,0.0000
32,MDP_Value,24x28,305,0.0000
32,MDP_Value,24x28,306,0.0000
32,MDP_Value,24x28,307,0.0000
32,MDP_Value,24x28,308,0.0000
32,MDP_Value,24x28,309,0.0000
32,MDP_Value,24x28,310,0.0000
32,MDP_Value,24x28,311,0.0000
32,MDP_Value,24x28,312,0.0000
32,MDP_Value,24x28,313,0.0000
32,MDP_Value,24x28,314,0.0000
32,MDP_Value,24x28,315,0.0000
32,MDP_Value,24x28,316,0.0000
32,MDP_Value,24x28,317,0.0000
32,MDP_Value,24x28,318,0.0000
32,MDP_Value,24x28,319,0.0000
32,MDP_Value,24x28,320,0.0000
32,MDP_Value,24x28,321,0.0000
32,MDP_Value,24x28,322,0.0000
32,MDP_Value,24x28,323,0.0000
32,MDP_Value,24x28,324,0.0000
32,MDP_Value,24x28,325,0.0000
32,MDP_Value,24x28,326,0.0000
32,MDP_Value,24x28,327,0.0000
32,MDP_Value,24x28,328,0.0000
32,MDP_Value,24x28,329,0.0000
32,MDP_Value,24x28,330,0.0000
32,MDP_Value,24x28,331,0.0000
32,MDP_Value,24x28,332,0.0000
32,MDP_Value,24x28,333,0.0000
32,MDP_Value,24x28,334,0.0000
32,MDP_Value,24x28,335,0.0000
32,MDP_Value,24x28,336,0.0000
32,MDP_Value,24x28,337,0.0000
32,MDP_Value,24x28,338,0.0000
32,MDP_Value,24x28,339,0.0000
32,MDP_Value,24x28,340,0.0000
32,MDP_Value,24x28,341,0.0000
32,MDP_Value,24x28,342,0.0000
32,MDP_Value,24x28,343,0.0000
32,MDP_Value,24x28,344,0.0000
32,MDP_Value,24x28,345,0.0000
32,MDP_Value,24x28,346,0.0000
32,MDP_Value,24x28,347,0.0000
32,MDP_Value,24x28,348,0.0000
32,MDP_Value,24x28,349,0.0000
32,MDP_Value,24x28,350,0.0000
32,MDP_Value,24x28,351,0.0000
32,MDP_Value,24x28,352,0.0000
32,MDP_Value,24x28,353,0.0000
32,MDP_Value,24x28,354,0.0000
32,MDP_Value,24x28,355,0.0000
32,MDP_Value,24x28,356,0.0000
32,MDP_Value,24x28,357,0.0000
32,MDP_Value,24x28,358,0.0000
32,MDP_Value,24x28,359,0.0000
32,MDP_Value,24x28,360,0.0000
32,MDP_Value,24x28,361,0.0000
32,MDP_Value,24x28,362,0.0000
32,MDP_Value,24x28,363,0.0000
32,MDP_Value,24x28,364,0.0000
32,MDP_Value,24x28,365,0.0000
32,MDP_Value,24x28,366,0.0000
32,MDP_Value,24x28,367,0.0000
32,MDP_Value,24x28,368,0.0000
32,MDP_Value,24x28,369,0.0000
32,MDP_Value,24x28,370,0.0000
32,MDP_Value,24x28,371,0.0000
32,MDP_Value,24x28,372,0.0000
32,MDP_Value,24x28,373,0.0000
32,MDP_Value,24x28,374,0.0000
32,MDP_Value,24x28,375,0.0000
32,MDP_Value,24x28,376,0.0000
32,MDP_Value,24x28,377,0.0000
32,MDP_Value,24x28,378,0.0000
32,MDP_Value,24x28,379,0.0000
32,MDP_Value,24x28,380,0.0000
32,MDP_Value,24x28,381,0.0000
32,MDP_Value,24x28,382,0.0000
32,MDP_Value,24x28,383,0.0000
32,MDP_Value,24x28,384,0.0000
32,MDP_Value,24x28,385,0.0000
32,MDP_Value,24x28,386,0.0000
32,MDP_Value,24x28,387,0.0000
32,MDP_Value,24x28,388,0.0000
32,MDP_Value,24x28,389,0.0000
32,MDP_Value,24x28,390,0.0000
32,MDP_Value,24x28,391,0.0000
32,MDP_Value,24x28,392,0.0000
32,MDP_Value,24x28,393,0.0000
32,MDP_Value,24x28,394,0.0000
32,MDP_Value,24x28,395,0.0000
32,MDP_Value,24x28,396,0.0000
32,MDP_Value,24x28,397,0.0000
32,MDP_Value,24x28,398,0.0000
32,MDP_Value,24x28,399,0.0000
32,MDP_Value,24x28,400,0.0000
32,MDP_Value,24x28,401,0.0000
32,MDP_Value,24x28,402,0.0000
32,MDP_Value,24x28,403,0.0000
32,MDP_Value,24x28,404,0.0000
32,MDP_Value,24x28,405,0.0000
32,MDP_Value,24x28,406,0.0000
32,MDP_Value,24x28,407,0.0000
32,MDP_Value,24x28,408,0.0000
32,MDP_Value,24x28,409,0.0000
32,MDP_Value,24x28,410,0.0000
32,MDP_Value,24x28,411,0.0000
32,MDP_Value,24x28,412,0.0000
32,MDP_Value,24x28,413,0.0000
32,MDP_Value,24x28,414,0.0000
32,MDP_Value,24x28,415,0.0000
32,MDP_Value,24x28,416,0.0000
32,MDP_Value,24x28,417,0.0000
32,MDP_Value,24x28,418,0.0000
32,MDP_Value,24x28,419,0.0000
32,MDP_Value,24x28,420,0.0000
32,MDP_Value,24x28,421,0.0000
32,MDP_Value,24x28,422,0.0000
32,MDP_Value,24x28,423,0.0000
32,MDP_Value,24x28,424,0.0000
32,MDP_Value,24x28,425,0.0000
32,MDP_Value,24x28,426,0.0000
32,MDP_Value,24x28,427,0.0000
32,MDP_Value,24x28,428,0.0000
32,MDP_Value,24x28,429,0.0000
32,MDP_Value,24x28,430,0.0000
32,MDP_Value,24x28,431,0.0000
32,MDP_Value,24x28,432,0.0000
32,MDP_Value,24x28,433,0.0000
32,MDP_Value,24x28,434,0.0000
32,MDP_Value,24x28,435,0.0000
32,MDP_Value,24x28,436,0.0000
32,MDP_Value,24x28,437,0.0000
32,MDP_Value,24x28,438,0.0000
32,MDP_Value,24x28,439,0.0000
32,MDP_Value,24x28,440,0.0000
32,MDP_Value,24x28,441,0.0000
32,MDP_Value,24x28,442,0.0000
32,MDP_Value,24x28,443,0.0000
32,MDP_Value,24x28,444,0.0000
32,MDP_Value,24x28,445,0.0000
32,MDP_Value,24x28,446,0.0000
32,MDP_Value,24x28,447,0.0000
32,MDP_Value,24x28,448,0.0000
32,MDP_Value,24x28,449,0.0000
32,MDP_Value,24x28,450,0.0000
32,MDP_Value,24x28,451,0.0000
32,MDP_Value,24x28,452,0.0000
32,MDP_Value,24x28,453,0.0000
32,MDP_Value,24x28,454,0.0000
32,MDP_Value,24x28,455,0.0000
32,MDP_Value,24x28,456,0.0000
32,MDP_Value,24x28,457,0.0000
32,MDP_Value,24x28,458,0.0000
32,MDP_Value,24x28,459,0.0000
32,MDP_Value,24x28,460,0.0000
32,MDP_Value,24x28,461,0.0000
32,MDP_Value,24x28,462,0.0000
32,MDP_Value,24x28,463,0.0000
32,MDP_Value,24x28,464,0.0000
32,MDP_Value,24x28,465,0.0000
32,MDP_Value,24x28,466,0.0000
32,MDP_Value,24x28,467,0.0000
32,MDP_Value,24x28,468,0.0000
32,MDP_Value,24x28,469,0.0000
32,MDP_Value,24x28,470,0.0000
32,MDP_Value,24x28,471,0.0000
32,MDP_Value,24x28,472,0.0000
32,MDP_Value,24x28,473,0.0000
32,MDP_Value,24x28,474,0.0000
32,MDP_Value,24x28,475,0.0000
32,MDP_Value,24x28,476,0.0000
32,MDP_Value,24x28,477,0.0000
32,MDP_Value,24x28,478,0.0000
32,MDP_Value,24x28,479,0.0000
32,MDP_Value,24x28,480,0.0000
32,MDP_Value,24x28,481,0.0000
32,MDP_Value,24x28,482,0.0000
32,MDP_Value,24x28,483,0.0000
32,MDP_Value,24x28,484,0.0000
32,MDP_Value,24x28,485,0.0000
32,MDP_Value,24x28,486,0.0000
32,MDP_Value,24x28,487,0.0000
32,MDP_Value,24x28,488,0.0000
32,MDP_Value,24x28,489,0.0000
32,MDP_Value,24x28,490,0.0000
32,MDP_Value,24x28,491,0.0000
32,MDP_Value,24x28,492,0.0000
32,MDP_Value,24x28,493,0.0000
32,MDP_Value,24x28,494,0.0000
32,MDP_Value,24x28,495,0.0000
32,MDP_Value,24x28,496,0.0000
32,MDP_Value,24x28,497,0.0000
32,MDP_Value,24x28,498,0.0000
32,MDP_Value,24x28,499,0.0000
33,MDP_Value,24x28,0,0.2000
33,MDP_Value,24x28,1,0.3600
33,MDP_Value,24x28,2,0.4556
33,MDP_Value,24x28,3,0.5559
33,MDP_Value,24x28,4,0.5550
33,MDP_Value,24x28,5,0.6864
33,MDP_Value,24x28,6,0.7064
33,MDP_Value,24x28,7,0.7493
33,MDP_Value,24x28,8,0.7282
33,MDP_Value,24x28,9,0.8087
33,MDP_Value,24x28,10,0.7453
33,MDP_Value,24x28,11,0.7688
33,MDP_Value,24x28,12,0.7508
33,MDP_Value,24x28,13,0.7562
33,MDP_Value,24x28,14,0.7368
33,MDP_Value,24x28,15,0.7532
33,MDP_Value,24x28,16,0.7605
33,MDP_Value,24x28,17,0.7449
33,MDP_Value,24x28,18,0.7486
33,MDP_Value,24x28,19,0.7554
33,MDP_Value,24x28,20,0.7244
33,MDP_Value,24x28,21,0.6957
33,MDP_Value,24x28,22,0.6660
33,MDP_Value,24x28,23,0.6175
33,MDP_Value,24x28,24,0.5780
33,MDP_Value,24x28,25,0.5292
33,MDP_Value,24x28,26,0.4865
33,MDP_Value,24x28,27,0.4427
33,MDP_Value,24x28,28,0.4108
33,MDP_Value,24x28,29,0.3794
33,MDP_Value,24x28,30,0.3633
33,MDP_Value,24x28,31,0.3365
33,MDP_Value,24x28,32,0.3165
33,MDP_Value,24x28,33,0.2888
33,MDP_Value,24x28,34,0.2742
33,MDP_Value,24x28,35,0.2521
33,MDP_Value,24x28,36,0.2331
33,MDP_Value,24x28,37,0.2115
33,MDP_Value,24x28,38,0.1969
33,MDP_Value,24x28,39,0.1793
33,MDP_Value,24x28,40,0.1654
33,MDP_Value,24x28,41,0.1522
33,MDP_Value,24x28,42,0.1422
33,MDP_Value,24x28,43,0.1293
33,MDP_Value,24x28,44,0.1198
33,MDP_Value,24x28,45,0.1097
33,MDP_Value,24x28,46,0.1018
33,MDP_Value,24x28,47,0.0926
33,MDP_Value,24x28,48,0.0845
33,MDP_Value,24x28,49,0.0768
33,MDP_Value,24x28,50,0.0699
33,MDP_Value,24x28,51,0.0637
33,MDP_Value,24x28,52,0.0588
33,MDP_Value,24x28,53,0.0533
33,MDP_Value,24x28,54,0.0486
33,MDP_Value,24x28,55,0.0439
33,MDP_Value,24x28,56,0.0403
33,MDP_Value,24x28,57,0.0362
33,MDP_Value,24x28,58,0.0331
33,MDP_Value,24x28,59,0.0300
33,MDP_Value,24x28,60,0.0276
33,MDP_Value,24x28,61,0.0252
33,MDP_Value,24x28,62,0.0231
33,MDP_Value,24x28,63,0.0209
33,MDP_Value,24x28,64,0.0195
33,MDP_Value,24x28,65,0.0178
33,MDP_Value,24x28,66,0.0166
33,MDP_Value,24x28,67,0.0152
33,MDP_Value,24x28,68,0.0140
33,MDP_Value,24x28,69,0.0127
33,MDP_Value,24x28,70,0.0117
33,MDP_Value,24x28,71,0.0105
33,MDP_Value,24x28,72,0.0096
33,MDP_Value,24x28,73,0.0088
33,MDP_Value,24x28,74,0.0081
33,MDP_Value,24x28,75,0.0073
33,MDP_Value,24x28,76,0.0068
33,MDP_Value,24x28,77,0.0061
33,MDP_Value,24x28,78,0.0057
33,MDP_Value,24x28,79,0.0052
33,MDP_Value,24x28,80,0.0048
33,MDP_Value,24x28,81,0.0044
33,MDP_Value,24x28,82,0.0040
33,MDP_Value,24x28,83,0.0036
33,MDP_Value,24x28,84,0.0033
33,MDP_Value,24x28,85,0.0031
33,MDP_Value,24x28,86,0.0029
33,MDP_Value,24x28,87,0.0026
33,MDP_Value,24x28,88,0.0024
33,MDP_Value,24x28,89,0.0022
33,MDP_Value,24x28,90,0.0021
33,MDP_Value,24x28,91,0.0020
33,MDP_Value,24x28,92,0.0018
33,MDP_Value,24x28,93,0.0017
33,MDP_Value,24x28,94,0.0015
33,MDP_Value,24x28,95,0.0014
33,MDP_Value,24x28,96,0.0013
33,MDP_Value,24x28,97,0.0012
33,MDP_Value,24x28,98,0.0011
33,MDP_Value,24x28,99,0.0010
33,MDP_Value,24x28,100,0.0009
33,MDP_Value,24x28,101,0.0008
33,MDP_Value,24x28,102,0.0007
33,MDP_Value,24x28,103,0.0007
33,MDP_Value,24x28,104,0.0006
33,MDP_Value,24x28,105,0.0006
33,MDP_Value,24x28,106,0.0005
33,MDP_Value,24x28,107,0.0005
33,MDP_Value,24x28,108,0.0004
33,MDP_Value,24x28,109,0.0004
33,MDP_Value,24x28,110,0.0004
33,MDP_Value,24x28,111,0.0003
33,MDP_Value,24x28,112,0.0003
33,MDP_Value,24x28,113,0.0003
33,MDP_Value,24x28,114,0.0002
33,MDP_Value,24x28,115,0.0002
33,MDP_Value,24x28,116,0.0002
33,MDP_Value,24x28,117,0.0002
33,MDP_Value,24x28,118,0.0002
33,MDP_Value,24x28,119,0.0001
33,MDP_Value,24x28,120,0.0001
33,MDP_Value,24x28,121,0.0001
33,MDP_Value,24x28,122,0.0001
33,MDP_Value,24x28,123,0.0001
33,MDP_Value,24x28,124,0.0001
33,MDP_Value,24x28,125,0.0001
33,MDP_Value,24x28,126,0.0001
33,MDP_Value,24x28,127,0.0001
33,MDP_Value,24x28,128,0.0001
33,MDP_Value,24x28,129,0.0001
33,MDP_Value,24x28,130,0.0000
33,MDP_Value,24x28,131,0.0000
33,MDP_Value,24x28,132,0.0000
33,MDP_Value,24x28,133,0.0000
33,MDP_Value,24x28,134,0.0000
33,MDP_Value,24x28,135,0.0000
33,MDP_Value,24x28,136,0.0000
33,MDP_Value,24x28,137,0.0000
33,MDP_Value,24x28,138,0.0000
33,MDP_Value,24x28,139,0.0000
33,MDP_Value,24x28,140,0.0000
33,MDP_Value,24x28,141,0.0000
33,MDP_Value,24x28,142,0.0000
33,MDP_Value,24x28,143,0.0000
33,MDP_Value,24x28,144,0.0000
33,MDP_Value,24x28,145,0.0000
33,MDP_Value,24x28,146,0.0000
33,MDP_Value,24x28,147,0.0000
33,MDP_Value,24x28,148,0.0000
33,MDP_Value,24x28,149,0.0000
33,MDP_Value,24x28,150,0.0000
33,MDP_Value,24x28,151,0.0000
33,MDP_Value,24x28,152,0.0000
33,MDP_Value,24x28,153,0.0000
33,MDP_Value,24x28,154,0.0000
33,MDP_Value,24x28,155,0.0000
33,MDP_Value,24x28,156,0.0000
33,MDP_Value,24x28,157,0.0000
33,MDP_Value,24x28,158,0.0000
33,MDP_Value,24x28,159,0.0000
33,MDP_Value,24x28,160,0.0000
33,MDP_Value,24x28,161,0.0000
33,MDP_Value,24x28,162,0.0000
33,MDP_Value,24x28,163,0.0000
33,MDP_Value,24x28,164,0.0000
33,MDP_Value,24x28,165,0.0000
33,MDP_Value,24x28,166,0.0000
33,MDP_Value,24x28,167,0.0000
33,MDP_Value,24x28,168,0.0000
33,MDP_Value,24x28,169,0.0000
33,MDP_Value,24x28,170,0.0000
33,MDP_Value,24x28,171,0.0000
33,MDP_Value,24x28,172,0.0000
33,MDP_Value,24x28,173,0.0000
33,MDP_Value,24x28,174,0.0000
33,MDP_Value,24x28,175,0.0000
33,MDP_Value,24x28,176,0.0000
33,MDP_Value,24x28,177,0.0000
33,MDP_Value,24x28,178,0.0000
33,MDP_Value,24x28,179,0.0000
33,MDP_Value,24x28,180,0.0000
33,MDP_Value,24x28,181,0.0000
33,MDP_Value,24x28,182,0.0000
33,MDP_Value,24x28,183,0.0000
33,MDP_Value,24x28,184,0.0000
33,MDP_Value,24x28,185,0.0000
33,MDP_Value,24x28,186,0.0000
33,MDP_Value,24x28,187,0.0000
33,MDP_Value,24x28,188,0.0000
33,MDP_Value,24x28,189,0.0000
33,MDP_Value,24x28,190,0.0000
33,MDP_Value,24x28,191,0.0000
33,MDP_Value,24x28,192,0.0000
33,MDP_Value,24x28,193,0.0000
33,MDP_Value,24x28,194,0.0000
33,MDP_Value,24x28,195,0.0000
33,MDP_Value,24x28,196,0.0000
33,MDP_Value,24x28,197,0.0000
33,MDP_Value,24x28,198,0.0000
33,MDP_Value,24x28,199,0.0000
33,MDP_Value,24x28,200,0.0000
33,MDP_Value,24x28,201,0.0000
33,MDP_Value,24x28,202,0.0000
33,MDP_Value,24x28,203,0.0000
33,MDP_Value,24x28,204,0.0000
33,MDP_Value,24x28,205,0.0000
33,MDP_Value,24x28,206,0.0000
33,MDP_Value,24x28,207,0.0000
33,MDP_Value,24x28,208,0.0000
33,MDP_Value,24x28,209,0.0000
33,MDP_Value,24x28,210,0.0000
33,MDP_Value,24x28,211,0.0000
33,MDP_Value,24x28,212,0.0000
33,MDP_Value,24x28,213,0.0000
33,MDP_Value,24x28,214,0.0000
33,MDP_Value,24x28,215,0.0000
33,MDP_Value,24x28,216,0.0000
33,MDP_Value,24x28,217,0.0000
33,MDP_Value,24x28,218,0.0000
33,MDP_Value,24x28,219,0.0000
33,MDP_Value,24x28,220,0.0000
33,MDP_Value,24x28,221,0.0000
33,MDP_Value,24x28,222,0.0000
33,MDP_Value,24x28,223,0.0000
33,MDP_Value,24x28,224,0.0000
33,MDP_Value,24x28,225,0.0000
33,MDP_Value,24x28,226,0.0000
33,MDP_Value,24x28,227,0.0000
33,MDP_Value,24x28,228,0.0000
33,MDP_Value,24x28,229,0.0000
33,MDP_Value,24x28,230,0.0000
33,MDP_Value,24x28,231,0.0000
33,MDP_Value,24x28,232,0.0000
33,MDP_Value,24x28,233,0.0000
33,MDP_Value,24x28,234,0.0000
33,MDP_Value,24x28,235,0.0000
33,MDP_Value,24x28,236,0.0000
33,MDP_Value,24x28,237,0.0000
33,MDP_Value,24x28,238,0.0000
33,MDP_Value,24x28,239,0.0000
33,MDP_Value,24x28,240,0.0000
33,MDP_Value,24x28,241,0.0000
33,MDP_Value,24x28,242,0.0000
33,MDP_Value,24x28,243,0.0000
33,MDP_Value,24x28,244,0.0000
33,MDP_Value,24x28,245,0.0000
33,MDP_Value,24x28,246,0.0000
33,MDP_Value,24x28,247,0.0000
33,MDP_Value,24x28,248,0.0000
33,MDP_Value,24x28,249,0.0000
33,MDP_Value,24x28,250,0.0000
33,MDP_Value,24x28,251,0.0000
33,MDP_Value,24x28,252,0.0000
33,MDP_Value,24x28,253,0.0000
33,MDP_Value,24x28,254,0.0000
33,MDP_Value,24x28,255,0.0000
33,MDP_Value,24x28,256,0.0000
33,MDP_Value,24x28,257,0.0000
33,MDP_Value,24x28,258,0.0000
33,MDP_Value,24x28,259,0.0000
33,MDP_Value,24x28,260,0.0000
33,MDP_Value,24x28,261,0.0000
33,MDP_Value,24x28,262,0.0000
33,MDP_Value,24x28,263,0.0000
33,MDP_Value,24x28,264,0.0000
33,MDP_Value,24x28,265,0.0000
33,MDP_Value,24x28,266,0.0000
33,MDP_Value,24x28,267,0.0000
33,MDP_Value,24x28,268,0.0000
33,MDP_Value,24x28,269,0.0000
33,MDP_Value,24x28,270,0.0000
33,MDP_Value,24x28,271,0.0000
33,MDP_Value,24x28,272,0.0000
33,MDP_Value,24x28,273,0.0000
33,MDP_Value,24x28,274,0.0000
33,MDP_Value,24x28,275,0.0000
33,MDP_Value,24x28,276,0.0000
33,MDP_Value,24x28,277,0.0000
33,MDP_Value,24x28,278,0.0000
33,MDP_Value,24x28,279,0.0000
33,MDP_Value,24x28,280,0.0000
33,MDP_Value,24x28,281,0.0000
33,MDP_Value,24x28,282,0.0000
33,MDP_Value,24x28,283,0.0000
33,MDP_Value,24x28,284,0.0000
33,MDP_Value,24x28,285,0.0000
33,MDP_Value,24x28,286,0.0000
33,MDP_Value,24x28,287,0.0000
33,MDP_Value,24x28,288,0.0000
33,MDP_Value,24x28,289,0.0000
33,MDP_Value,24x28,290,0.0000
33,MDP_Value,24x28,291,0.0000
33,MDP_Value,24x28,292,0.0000
33,MDP_Value,24x28,293,0.0000
33,MDP_Value,24x28,294,0.0000
33,MDP_Value,24x28,295,0.0000
33,MDP_Value,24x28,296,0.0000
33,MDP_Value,24x28,297,0.0000
33,MDP_Value,24x28,298,0.0000
33,MDP_Value,24x28,299,0.0000
33,MDP_Value,24x28,300,0.0000
33,MDP_Value,24x28,301,0.0000
33,MDP_Value,24x28,302,0.0000
33,MDP_Value,24x28,303,0.0000
33,MDP_Value,24x28,304,0.0000
33,MDP_Value,24x28,305,0.0000
33,MDP_Value,24x28,306,0.0000
33,MDP_Value,24x28,307,0.0000
33,MDP_Value,24x28,308,0.0000
33,MDP_Value,24x28,309,0.0000
33,MDP_Value,24x28,310,0.0000
33,MDP_Value,24x28,311,0.0000
33,MDP_Value,24x28,312,0.0000
33,MDP_Value,24x28,313,0.0000
33,MDP_Value,24x28,314,0.0000
33,MDP_Value,24x28,315,0.0000
33,MDP_Value,24x28,316,0.0000
33,MDP_Value,24x28,317,0.0000
33,MDP_Value,24x28,318,0.0000
33,MDP_Value,24x28,319,0.0000
33,MDP_Value,24x28,320,0.0000
33,MDP_Value,24x28,321,0.0000
33,MDP_Value,24x28,322,0.0000
33,MDP_Value,24x28,323,0.0000
33,MDP_Value,24x28,324,0.0000
33,MDP_Value,24x28,325,0.0000
33,MDP_Value,24x28,326,0.0000
33,MDP_Value,24x28,327,0.0000
33,MDP_Value,24x28,328,0.0000
33,MDP_Value,24x28,329,0.0000
33,MDP_Value,24x28,330,0.0000
33,MDP_Value,24x28,331,0.0000
33,MDP_Value,24x28,332,0.0000
33,MDP_Value,24x28,333,0.0000
33,MDP_Value,24x28,334,0.0000
33,MDP_Value,24x28,335,0.0000
33,MDP_Value,24x28,336,0.0000
33,MDP_Value,24x28,337,0.0000
33,MDP_Value,24x28,338,0.0000
33,MDP_Value,24x28,339,0.0000
33,MDP_Value,24x28,340,0.0000
33,MDP_Value,24x28,341,0.0000
33,MDP_Value,24x28,342,0.0000
33,MDP_Value,24x28,343,0.0000
33,MDP_Value,24x28,344,0.0000
33,MDP_Value,24x28,345,0.0000
33,MDP_Value,24x28,346,0.0000
33,MDP_Value,24x28,347,0.0000
33,MDP_Value,24x28,348,0.0000
33,MDP_Value,24x28,349,0.0000
33,MDP_Value,24x28,350,0.0000
33,MDP_Value,24x28,351,0.0000
33,MDP_Value,24x28,352,0.0000
33,MDP_Value,24x28,353,0.0000
33,MDP_Value,24x28,354,0.0000
33,MDP_Value,24x28,355,0.0000
33,MDP_Value,24x28,356,0.0000
33,MDP_Value,24x28,357,0.0000
33,MDP_Value,24x28,358,0.0000
33,MDP_Value,24x28,359,0.0000
33,MDP_Value,24x28,360,0.0000
33,MDP_Value,24x28,361,0.0000
33,MDP_Value,24x28,362,0.0000
33,MDP_Value,24x28,363,0.0000
33,MDP_Value,24x28,364,0.0000
33,MDP_Value,24x28,365,0.0000
33,MDP_Value,24x28,366,0.0000
33,MDP_Value,24x28,367,0.0000
33,MDP_Value,24x28,368,0.0000
33,MDP_Value,24x28,369,0.0000
33,MDP_Value,24x28,370,0.0000
33,MDP_Value,24x28,371,0.0000
33,MDP_Value,24x28,372,0.0000
33,MDP_Value,24x28,373,0.0000
33,MDP_Value,24x28,374,0.0000
33,MDP_Value,24x28,375,0.0000
33,MDP_Value,24x28,376,0.0000
33,MDP_Value,24x28,377,0.0000
33,MDP_Value,24x28,378,0.0000
33,MDP_Value,24x28,379,0.0000
33,MDP_Value,24x28,380,0.0000
33,MDP_Value,24x28,381,0.0000
33,MDP_Value,24x28,382,0.0000
33,MDP_Value,24x28,383,0.0000
33,MDP_Value,24x28,384,0.0000
33,MDP_Value,24x28,385,0.0000
33,MDP_Value,24x28,386,0.0000
33,MDP_Value,24x28,387,0.0000
33,MDP_Value,24x28,388,0.0000
33,MDP_Value,24x28,389,0.0000
33,MDP_Value,24x28,390,0.0000
33,MDP_Value,24x28,391,0.0000
33,MDP_Value,24x28,392,0.0000
33,MDP_Value,24x28,393,0.0000
33,MDP_Value,24x28,394,0.0000
33,MDP_Value,24x28,395,0.0000
33,MDP_Value,24x28,396,0.0000
33,MDP_Value,24x28,397,0.0000
33,MDP_Value,24x28,398,0.0000
33,MDP_Value,24x28,399,0.0000
33,MDP_Value,24x28,400,0.0000
33,MDP_Value,24x28,401,0.0000
33,MDP_Value,24x28,402,0.0000
33,MDP_Value,24x28,403,0.0000
33,MDP_Value,24x28,404,0.0000
33,MDP_Value,24x28,405,0.0000
33,MDP_Value,24x28,406,0.0000
33,MDP_Value,24x28,407,0.0000
33,MDP_Value,24x28,408,0.0000
33,MDP_Value,24x28,409,0.0000
33,MDP_Value,24x28,410,0.0000
33,MDP_Value,24x28,411,0.0000
33,MDP_Value,24x28,412,0.0000
33,MDP_Value,24x28,413,0.0000
33,MDP_Value,24x28,414,0.0000
33,MDP_Value,24x28,415,0.0000
33,MDP_Value,24x28,416,0.0000
33,MDP_Value,24x28,417,0.0000
33,MDP_Value,24x28,418,0.0000
33,MDP_Value,24x28,419,0.0000
33,MDP_Value,24x28,420,0.0000
33,MDP_Value,24x28,421,0.0000
33,MDP_Value,24x28,422,0.0000
33,MDP_Value,24x28,423,0.0000
33,MDP_Value,24x28,424,0.0000
33,MDP_Value,24x28,425,0.0000
33,MDP_Value,24x28,426,0.0000
33,MDP_Value,24x28,427,0.0000
33,MDP_Value,24x28,428,0.0000
33,MDP_Value,24x28,429,0.0000
33,MDP_Value,24x28,430,0.0000
33,MDP_Value,24x28,431,0.0000
33,MDP_Value,24x28,432,0.0000
33,MDP_Value,24x28,433,0.0000
33,MDP_Value,24x28,434,0.0000
33,MDP_Value,24x28,435,0.0000
33,MDP_Value,24x28,436,0.0000
33,MDP_Value,24x28,437,0.0000
33,MDP_Value,24x28,438,0.0000
33,MDP_Value,24x28,439,0.0000
33,MDP_Value,24x28,440,0.0000
33,MDP_Value,24x28,441,0.0000
33,MDP_Value,24x28,442,0.0000
33,MDP_Value,24x28,443,0.0000
33,MDP_Value,24x28,444,0.0000
33,MDP_Value,24x28,445,0.0000
33,MDP_Value,24x28,446,0.0000
33,MDP_Value,24x28,447,0.0000
33,MDP_Value,24x28,448,0.0000
33,MDP_Value,24x28,449,0.0000
33,MDP_Value,24x28,450,0.0000
33,MDP_Value,24x28,451,0.0000
33,MDP_Value,24x28,452,0.0000
33,MDP_Value,24x28,453,0.0000
33,MDP_Value,24x28,454,0.0000
33,MDP_Value,24x28,455,0.0000
33,MDP_Value,24x28,456,0.0000
33,MDP_Value,24x28,457,0.0000
33,MDP_Value,24x28,458,0.0000
33,MDP_Value,24x28,459,0.0000
33,MDP_Value,24x28,460,0.0000
33,MDP_Value,24x28,461,0.0000
33,MDP_Value,24x28,462,0.0000
33,MDP_Value,24x28,463,0.0000
33,MDP_Value,24x28,464,0.0000
33,MDP_Value,24x28,465,0.0000
33,MDP_Value,24x28,466,0.0000
33,MDP_Value,24x28,467,0.0000
33,MDP_Value,24x28,468,0.0000
33,MDP_Value,24x28,469,0.0000
33,MDP_Value,24x28,470,0.0000
33,MDP_Value,24x28,471,0.0000
33,MDP_Value,24x28,472,0.0000
33,MDP_Value,24x28,473,0.0000
33,MDP_Value,24x28,474,0.0000
33,MDP_Value,24x28,475,0.0000
33,MDP_Value,24x28,476,0.0000
33,MDP_Value,24x28,477,0.0000
33,MDP_Value,24x28,478,0.0000
33,MDP_Value,24x28,479,0.0000
33,MDP_Value,24x28,480,0.0000
33,MDP_Value,24x28,481,0.0000
33,MDP_Value,24x28,482,0.0000
33,MDP_Value,24x28,483,0.0000
33,MDP_Value,24x28,484,0.0000
33,MDP_Value,24x28,485,0.0000
33,MDP_Value,24x28,486,0.0000
33,MDP_Value,24x28,487,0.0000
33,MDP_Value,24x28,488,0.0000
33,MDP_Value,24x28,489,0.0000
33,MDP_Value,24x28,490,0.0000
33,MDP_Value,24x28,491,0.0000
33,MDP_Value,24x28,492,0.0000
33,MDP_Value,24x28,493,0.0000
33,MDP_Value,24x28,494,0.0000
33,MDP_Value,24x28,495,0.0000
33,MDP_Value,24x28,496,0.0000
33,MDP_Value,24x28,497,0.0000
33,MDP_Value,24x28,498,0.0000
33,MDP_Value,24x28,499,0.0000
34,MDP_Value,24x28,0,0.2017
34,MDP_Value,24x28,1,0.3711
34,MDP_Value,24x28,2,0.4796
34,MDP_Value,24x28,3,0.5983
34,MDP_Value,24x28,4,0.6101
34,MDP_Value,24x28,5,0.7722
34,MDP_Value,24x28,6,0.8115
34,MDP_Value,24x28,7,0.8805
34,MDP_Value,24x28,8,0.8742
34,MDP_Value,24x28,9,0.9931
34,MDP_Value,24x28,10,0.9347
34,MDP_Value,24x28,11,0.9864
34,MDP_Value,24x28,12,0.9841
34,MDP_Value,24x28,13,1.0136
34,MDP_Value,24x28,14,1.0093
34,MDP_Value,24x28,15,1.0550
34,MDP_Value,24x28,16,1.0887
34,MDP_Value,24x28,17,1.0900
34,MDP_Value,24x28,18,1.1199
34,MDP_Value,24x28,19,1.1551
34,MDP_Value,24x28,20,1.1322
34,MDP_Value,24x28,21,1.1116
34,MDP_Value,24x28,22,1.0876
34,MDP_Value,24x28,23,1.0307
34,MDP_Value,24x28,24,0.9864
34,MDP_Value,24x28,25,0.9230
34,MDP_Value,24x28,26,0.8675
34,MDP_Value,24x28,27,0.8068
34,MDP_Value,24x28,28,0.7655
34,MDP_Value,24x28,29,0.7225
34,MDP_Value,24x28,30,0.7075
34,MDP_Value,24x28,31,0.6698
34,MDP_Value,24x28,32,0.6439
34,MDP_Value,24x28,33,0.6006
34,MDP_Value,24x28,34,0.5830
34,MDP_Value,24x28,35,0.5478
34,MDP_Value,24x28,36,0.5178
34,MDP_Value,24x28,37,0.4803
34,MDP_Value,24x28,38,0.4570
34,MDP_Value,24x28,39,0.4254
34,MDP_Value,24x28,40,0.4013
34,MDP_Value,24x28,41,0.3772
34,MDP_Value,24x28,42,0.3604
34,MDP_Value,24x28,43,0.3351
34,MDP_Value,24x28,44,0.3174
34,MDP_Value,24x28,45,0.2969
34,MDP_Value,24x28,46,0.2818
34,MDP_Value,24x28,47,0.2618
34,MDP_Value,24x28,48,0.2445
34,MDP_Value,24x28,49,0.2270
34,MDP_Value,24x28,50,0.2113
34,MDP_Value,24x28,51,0.1968
34,MDP_Value,24x28,52,0.1858
34,MDP_Value,24x28,53,0.1719
34,MDP_Value,24x28,54,0.1604
34,MDP_Value,24x28,55,0.1480
34,MDP_Value,24x28,56,0.1388
34,MDP_Value,24x28,57,0.1277
34,MDP_Value,24x28,58,0.1194
34,MDP_Value,24x28,59,0.1105
34,MDP_Value,24x28,60,0.1040
34,MDP_Value,24x28,61,0.0970
34,MDP_Value,24x28,62,0.0911
34,MDP_Value,24x28,63,0.0842
34,MDP_Value,24x28,64,0.0800
34,MDP_Value,24x28,65,0.0749
34,MDP_Value,24x28,66,0.0715
34,MDP_Value,24x28,67,0.0667
34,MDP_Value,24x28,68,0.0629
34,MDP_Value,24x28,69,0.0584
34,MDP_Value,24x28,70,0.0548
34,MDP_Value,24x28,71,0.0505
34,MDP_Value,24x28,72,0.0473
34,MDP_Value,24x28,73,0.0440
34,MDP_Value,24x28,74,0.0413
34,MDP_Value,24x28,75,0.0384
34,MDP_Value,24x28,76,0.0362
34,MDP_Value,24x28,77,0.0335
34,MDP_Value,24x28,78,0.0318
34,MDP_Value,24x28,79,0.0300
34,MDP_Value,24x28,80,0.0283
34,MDP_Value,24x28,81,0.0263
34,MDP_Value,24x28,82,0.0245
34,MDP_Value,24x28,83,0.0228
34,MDP_Value,24x28,84,0.0214
34,MDP_Value,24x28,85,0.0201
34,MDP_Value,24x28,86,0.0190
34,MDP_Value,24x28,87,0.0178
34,MDP_Value,24x28,88,0.0169
34,MDP_Value,24x28,89,0.0160
34,MDP_Value,24x28,90,0.0154
34,MDP_Value,24x28,91,0.0146
34,MDP_Value,24x28,92,0.0138
34,MDP_Value,24x28,93,0.0130
34,MDP_Value,24x28,94,0.0122
34,MDP_Value,24x28,95,0.0114
34,MDP_Value,24x28,96,0.0106
34,MDP_Value,24x28,97,0.0099
34,MDP_Value,24x28,98,0.0092
34,MDP_Value,24x28,99,0.0086
34,MDP_Value,24x28,100,0.0080
34,MDP_Value,24x28,101,0.0075
34,MDP_Value,24x28,102,0.0071
34,MDP_Value,24x28,103,0.0066
34,MDP_Value,24x28,104,0.0061
34,MDP_Value,24x28,105,0.0057
34,MDP_Value,24x28,106,0.0053
34,MDP_Value,24x28,107,0.0050
34,MDP_Value,24x28,108,0.0046
34,MDP_Value,24x28,109,0.0043
34,MDP_Value,24x28,110,0.0040
34,MDP_Value,24x28,111,0.0038
34,MDP_Value,24x28,112,0.0035
34,MDP_Value,24x28,113,0.0032
34,MDP_Value,24x28,114,0.0030
34,MDP_Value,24x28,115,0.0028
34,MDP_Value,24x28,116,0.0025
34,MDP_Value,24x28,117,0.0023
34,MDP_Value,24x28,118,0.0022
34,MDP_Value,24x28,119,0.0020
34,MDP_Value,24x28,120,0.0018
34,MDP_Value,24x28,121,0.0017
34,MDP_Value,24x28,122,0.0016
34,MDP_Value,24x28,123,0.0014
34,MDP_Value,24x28,124,0.0013
34,MDP_Value,24x28,125,0.0012
34,MDP_Value,24x28,126,0.0011
34,MDP_Value,24x28,127,0.0010
34,MDP_Value,24x28,128,0.0009
34,MDP_Value,24x28,129,0.0009
34,MDP_Value,24x28,130,0.0008
34,MDP_Value,24x28,131,0.0007
34,MDP_Value,24x28,132,0.0007
34,MDP_Value,24x28,133,0.0006
34,MDP_Value,24x28,134,0.0006
34,MDP_Value,24x28,135,0.0005
34,MDP_Value,24x28,136,0.0005
34,MDP_Value,24x28,137,0.0004
34,MDP_Value,24x28,138,0.0004
34,MDP_Value,24x28,139,0.0004
34,MDP_Value,24x28,140,0.0003
34,MDP_Value,24x28,141,0.0003
34,MDP_Value,24x28,142,0.0003
34,MDP_Value,24x28,143,0.0003
34,MDP_Value,24x28,144,0.0002
34,MDP_Value,24x28,145,0.0002
34,MDP_Value,24x28,146,0.0002
34,MDP_Value,24x28,147,0.0002
34,MDP_Value,24x28,148,0.0002
34,MDP_Value,24x28,149,0.0002
34,MDP_Value,24x28,150,0.0002
34,MDP_Value,24x28,151,0.0001
34,MDP_Value,24x28,152,0.0001
34,MDP_Value,24x28,153,0.0001
34,MDP_Value,24x28,154,0.0001
34,MDP_Value,24x28,155,0.0001
34,MDP_Value,24x28,156,0.0001
34,MDP_Value,24x28,157,0.0001
34,MDP_Value,24x28,158,0.0001
34,MDP_Value,24x28,159,0.0001
34,MDP_Value,24x28,160,0.0001
34,MDP_Value,24x28,161,0.0001
34,MDP_Value,24x28,162,0.0001
34,MDP_Value,24x28,163,0.0001
34,MDP_Value,24x28,164,0.0000
34,MDP_Value,24x28,165,0.0000
34,MDP_Value,24x28,166,0.0000
34,MDP_Value,24x28,167,0.0000
34,MDP_Value,24x28,168,0.0000
34,MDP_Value,24x28,169,0.0000
34,MDP_Value,24x28,170,0.0000
34,MDP_Value,24x28,171,0.0000
34,MDP_Value,24x28,172,0.0000
34,MDP_Value,24x28,173,0.0000
34,MDP_Value,24x28,174,0.0000
34,MDP_Value,24x28,175,0.0000
34,MDP_Value,24x28,176,0.0000
34,MDP_Value,24x28,177,0.0000
34,MDP_Value,24x28,178,0.0000
34,MDP_Value,24x28,179,0.0000
34,MDP_Value,24x28,180,0.0000
34,MDP_Value,24x28,181,0.0000
34,MDP_Value,24x28,182,0.0000
34,MDP_Value,24x28,183,0.0000
34,MDP_Value,24x28,184,0.0000
34,MDP_Value,24x28,185,0.0000
34,MDP_Value,24x28,186,0.0000
34,MDP_Value,24x28,187,0.0000
34,MDP_Value,24x28,188,0.0000
34,MDP_Value,24x28,189,0.0000
34,MDP_Value,24x28,190,0.0000
34,MDP_Value,24x28,191,0.0000
34,MDP_Value,24x28,192,0.0000
34,MDP_Value,24x28,193,0.0000
34,MDP_Value,24x28,194,0.0000
34,MDP_Value,24x28,195,0.0000
34,MDP_Value,24x28,196,0.0000
34,MDP_Value,24x28,197,0.0000
34,MDP_Value,24x28,198,0.0000
34,MDP_Value,24x28,199,0.0000
34,MDP_Value,24x28,200,0.0000
34,MDP_Value,24x28,201,0.0000
34,MDP_Value,24x28,202,0.0000
34,MDP_Value,24x28,203,0.0000
34,MDP_Value,24x28,204,0.0000
34,MDP_Value,24x28,205,0.0000
34,MDP_Value,24x28,206,0.0000
34,MDP_Value,24x28,207,0.0000
34,MDP_Value,24x28,208,0.0000
34,MDP_Value,24x28,209,0.0000
34,MDP_Value,24x28,210,0.0000
34,MDP_Value,24x28,211,0.0000
34,MDP_Value,24x28,212,0.0000
34,MDP_Value,24x28,213,0.0000
34,MDP_Value,24x28,214,0.0000
34,MDP_Value,24x28,215,0.0000
34,MDP_Value,24x28,216,0.0000
34,MDP_Value,24x28,217,0.0000
34,MDP_Value,24x28,218,0.0000
34,MDP_Value,24x28,219,0.0000
34,MDP_Value,24x28,220,0.0000
34,MDP_Value,24x28,221,0.0000
34,MDP_Value,24x28,222,0.0000
34,MDP_Value,24x28,223,0.0000
34,MDP_Value,24x28,224,0.0000
34,MDP_Value,24x28,225,0.0000
34,MDP_Value,24x28,226,0.0000
34,MDP_Value,24x28,227,0.0000
34,MDP_Value,24x28,228,0.0000
34,MDP_Value,24x28,229,0.0000
34,MDP_Value,24x28,230,0.0000
34,MDP_Value,24x28,231,0.0000
34,MDP_Value,24x28,232,0.0000
34,MDP_Value,24x28,233,0.0000
34,MDP_Value,24x28,234,0.0000
34,MDP_Value,24x28,235,0.0000
34,MDP_Value,24x28,236,0.0000
34,MDP_Value,24x28,237,0.0000
34,MDP_Value,24x28,238,0.0000
34,MDP_Value,24x28,239,0.0000
34,MDP_Value,24x28,240,0.0000
34,MDP_Value,24x28,241,0.0000
34,MDP_Value,24x28,242,0.0000
34,MDP_Value,24x28,243,0.0000
34,MDP_Value,24x28,244,0.0000
34,MDP_Value,24x28,245,0.0000
34,MDP_Value,24x28,246,0.0000
34,MDP_Value,24x28,247,0.0000
34,MDP_Value,24x28,248,0.0000
34,MDP_Value,24x28,249,0.0000
34,MDP_Value,24x28,250,0.0000
34,MDP_Value,24x28,251,0.0000
34,MDP_Value,24x28,252,0.0000
34,MDP_Value,24x28,253,0.0000
34,MDP_Value,24x28,254,0.0000
34,MDP_Value,24x28,255,0.0000
34,MDP_Value,24x28,256,0.0000
34,MDP_Value,24x28,257,0.0000
34,MDP_Value,24x28,258,0.0000
34,MDP_Value,24x28,259,0.0000
34,MDP_Value,24x28,260,0.0000
34,MDP_Value,24x28,261,0.0000
34,MDP_Value,24x28,262,0.0000
34,MDP_Value,24x28,263,0.0000
34,MDP_Value,24x28,264,0.0000
34,MDP_Value,24x28,265,0.0000
34,MDP_Value,24x28,266,0.0000
34,MDP_Value,24x28,267,0.0000
34,MDP_Value,24x28,268,0.0000
34,MDP_Value,24x28,269,0.0000
34,MDP_Value,24x28,270,0.0000
34,MDP_Value,24x28,271,0.0000
34,MDP_Value,24x28,272,0.0000
34,MDP_Value,24x28,273,0.0000
34,MDP_Value,24x28,274,0.0000
34,MDP_Value,24x28,275,0.0000
34,MDP_Value,24x28,276,0.0000
34,MDP_Value,24x28,277,0.0000
34,MDP_Value,24x28,278,0.0000
34,MDP_Value,24x28,279,0.0000
34,MDP_Value,24x28,280,0.0000
34,MDP_Value,24x28,281,0.0000
34,MDP_Value,24x28,282,0.0000
34,MDP_Value,24x28,283,0.0000
34,MDP_Value,24x28,284,0.0000
34,MDP_Value,24x28,285,0.0000
34,MDP_Value,24x28,286,0.0000
34,MDP_Value,24x28,287,0.0000
34,MDP_Value,24x28,288,0.0000
34,MDP_Value,24x28,289,0.0000
34,MDP_Value,24x28,290,0.0000
34,MDP_Value,24x28,291,0.0000
34,MDP_Value,24x28,292,0.0000
34,MDP_Value,24x28,293,0.0000
34,MDP_Value,24x28,294,0.0000
34,MDP_Value,24x28,295,0.0000
34,MDP_Value,24x28,296,0.0000
34,MDP_Value,24x28,297,0.0000
34,MDP_Value,24x28,298,0.0000
34,MDP_Value,24x28,299,0.0000
34,MDP_Value,24x28,300,0.0000
34,MDP_Value,24x28,301,0.0000
34,MDP_Value,24x28,302,0.0000
34,MDP_Value,24x28,303,0.0000
34,MDP_Value,24x28,304,0.0000
34,MDP_Value,24x28,305,0.0000
34,MDP_Value,24x28,306,0.0000
34,MDP_Value,24x28,307,0.0000
34,MDP_Value,24x28,308,0.0000
34,MDP_Value,24x28,309,0.0000
34,MDP_Value,24x28,310,0.0000
34,MDP_Value,24x28,311,0.0000
34,MDP_Value,24x28,312,0.0000
34,MDP_Value,24x28,313,0.0000
34,MDP_Value,24x28,314,0.0000
34,MDP_Value,24x28,315,0.0000
34,MDP_Value,24x28,316,0.0000
34,MDP_Value,24x28,317,0.0000
34,MDP_Value,24x28,318,0.0000
34,MDP_Value,24x28,319,0.0000
34,MDP_Value,24x28,320,0.0000
34,MDP_Value,24x28,321,0.0000
34,MDP_Value,24x28,322,0.0000
34,MDP_Value,24x28,323,0.0000
34,MDP_Value,24x28,324,0.0000
34,MDP_Value,24x28,325,0.0000
34,MDP_Value,24x28,326,0.0000
34,MDP_Value,24x28,327,0.0000
34,MDP_Value,24x28,328,0.0000
34,MDP_Value,24x28,329,0.0000
34,MDP_Value,24x28,330,0.0000
34,MDP_Value,24x28,331,0.0000
34,MDP_Value,24x28,332,0.0000
34,MDP_Value,24x28,333,0.0000
34,MDP_Value,24x28,334,0.0000
34,MDP_Value,24x28,335,0.0000
34,MDP_Value,24x28,336,0.0000
34,MDP_Value,24x28,337,0.0000
34,MDP_Value,24x28,338,0.0000
34,MDP_Value,24x28,339,0.0000
34,MDP_Value,24x28,340,0.0000
34,MDP_Value,24x28,341,0.0000
34,MDP_Value,24x28,342,0.0000
34,MDP_Value,24x28,343,0.0000
34,MDP_Value,24x28,344,0.0000
34,MDP_Value,24x28,345,0.0000
34,MDP_Value,24x28,346,0.0000
34,MDP_Value,24x28,347,0.0000
34,MDP_Value,24x28,348,0.0000
34,MDP_Value,24x28,349,0.0000
34,MDP_Value,24x28,350,0.0000
34,MDP_Value,24x28,351,0.0000
34,MDP_Value,24x28,352,0.0000
34,MDP_Value,24x28,353,0.0000
34,MDP_Value,24x28,354,0.0000
34,MDP_Value,24x28,355,0.0000
34,MDP_Value,24x28,356,0.0000
34,MDP_Value,24x28,357,0.0000
34,MDP_Value,24x28,358,0.0000
34,MDP_Value,24x28,359,0.0000
34,MDP_Value,24x28,360,0.0000
34,MDP_Value,24x28,361,0.0000
34,MDP_Value,24x28,362,0.0000
34,MDP_Value,24x28,363,0.0000
34,MDP_Value,24x28,364,0.0000
34,MDP_Value,24x28,365,0.0000
34,MDP_Value,24x28,366,0.0000
34,MDP_Value,24x28,367,0.0000
34,MDP_Value,24x28,368,0.0000
34,MDP_Value,24x28,369,0.0000
34,MDP_Value,24x28,370,0.0000
34,MDP_Value,24x28,371,0.0000
34,MDP_Value,24x28,372,0.0000
34,MDP_Value,24x28,373,0.0000
34,MDP_Value,24x28,374,0.0000
34,MDP_Value,24x28,375,0.0000
34,MDP_Value,24x28,376,0.0000
34,MDP_Value,24x28,377,0.0000
34,MDP_Value,24x28,378,0.0000
34,MDP_Value,24x28,379,0.0000
34,MDP_Value,24x28,380,0.0000
34,MDP_Value,24x28,381,0.0000
34,MDP_Value,24x28,382,0.0000
34,MDP_Value,24x28,383,0.0000
34,MDP_Value,24x28,384,0.0000
34,MDP_Value,24x28,385,0.0000
34,MDP_Value,24x28,386,0.0000
34,MDP_Value,24x28,387,0.0000
34,MDP_Value,24x28,388,0.0000
34,MDP_Value,24x28,389,0.0000
34,MDP_Value,24x28,390,0.0000
34,MDP_Value,24x28,391,0.0000
34,MDP_Value,24x28,392,0.0000
34,MDP_Value,24x28,393,0.0000
34,MDP_Value,24x28,394,0.0000
34,MDP_Value,24x28,395,0.0000
34,MDP_Value,24x28,396,0.0000
34,MDP_Value,24x28,397,0.0000
34,MDP_Value,24x28,398,0.0000
34,MDP_Value,24x28,399,0.0000
34,MDP_Value,24x28,400,0.0000
34,MDP_Value,24x28,401,0.0000
34,MDP_Value,24x28,402,0.0000
34,MDP_Value,24x28,403,0.0000
34,MDP_Value,24x28,404,0.0000
34,MDP_Value,24x28,405,0.0000
34,MDP_Value,24x28,406,0.0000
34,MDP_Value,24x28,407,0.0000
34,MDP_Value,24x28,408,0.0000
34,MDP_Value,24x28,409,0.0000
34,MDP_Value,24x28,410,0.0000
34,MDP_Value,24x28,411,0.0000
34,MDP_Value,24x28,412,0.0000
34,MDP_Value,24x28,413,0.0000
34,MDP_Value,24x28,414,0.0000
34,MDP_Value,24x28,415,0.0000
34,MDP_Value,24x28,416,0.0000
34,MDP_Value,24x28,417,0.0000
34,MDP_Value,24x28,418,0.0000
34,MDP_Value,24x28,419,0.0000
34,MDP_Value,24x28,420,0.0000
34,MDP_Value,24x28,421,0.0000
34,MDP_Value,24x28,422,0.0000
34,MDP_Value,24x28,423,0.0000
34,MDP_Value,24x28,424,0.0000
34,MDP_Value,24x28,425,0.0000
34,MDP_Value,24x28,426,0.0000
34,MDP_Value,24x28,427,0.0000
34,MDP_Value,24x28,428,0.0000
34,MDP_Value,24x28,429,0.0000
34,MDP_Value,24x28,430,0.0000
34,MDP_Value,24x28,431,0.0000
34,MDP_Value,24x28,432,0.0000
34,MDP_Value,24x28,433,0.0000
34,MDP_Value,24x28,434,0.0000
34,MDP_Value,24x28,435,0.0000
34,MDP_Value,24x28,436,0.0000
34,MDP_Value,24x28,437,0.0000
34,MDP_Value,24x28,438,0.0000
34,MDP_Value,24x28,439,0.0000
34,MDP_Value,24x28,440,0.0000
34,MDP_Value,24x28,441,0.0000
34,MDP_Value,24x28,442,0.0000
34,MDP_Value,24x28,443,0.0000
34,MDP_Value,24x28,444,0.0000
34,MDP_Value,24x28,445,0.0000
34,MDP_Value,24x28,446,0.0000
34,MDP_Value,24x28,447,0.0000
34,MDP_Value,24x28,448,0.0000
34,MDP_Value,24x28,449,0.0000
34,MDP_Value,24x28,450,0.0000
34,MDP_Value,24x28,451,0.0000
34,MDP_Value,24x28,452,0.0000
34,MDP_Value,24x28,453,0.0000
34,MDP_Value,24x28,454,0.0000
34,MDP_Value,24x28,455,0.0000
34,MDP_Value,24x28,456,0.0000
34,MDP_Value,24x28,457,0.0000
34,MDP_Value,24x28,458,0.0000
34,MDP_Value,24x28,459,0.0000
34,MDP_Value,24x28,460,0.0000
34,MDP_Value,24x28,461,0.0000
34,MDP_Value,24x28,462,0.0000
34,MDP_Value,24x28,463,0.0000
34,MDP_Value,24x28,464,0.0000
34,MDP_Value,24x28,465,0.0000
34,MDP_Value,24x28,466,0.0000
34,MDP_Value,24x28,467,0.0000
34,MDP_Value,24x28,468,0.0000
34,MDP_Value,24x28,469,0.0000
34,MDP_Value,24x28,470,0.0000
34,MDP_Value,24x28,471,0.0000
34,MDP_Value,24x28,472,0.0000
34,MDP_Value,24x28,473,0.0000
34,MDP_Value,24x28,474,0.0000
34,MDP_Value,24x28,475,0.0000
34,MDP_Value,24x28,476,0.0000
34,MDP_Value,24x28,477,0.0000
34,MDP_Value,24x28,478,0.0000
34,MDP_Value,24x28,479,0.0000
34,MDP_Value,24x28,480,0.0000
34,MDP_Value,24x28,481,0.0000
34,MDP_Value,24x28,482,0.0000
34,MDP_Value,24x28,483,0.0000
34,MDP_Value,24x28,484,0.0000
34,MDP_Value,24x28,485,0.0000
34,MDP_Value,24x28,486,0.0000
34,MDP_Value,24x28,487,0.0000
34,MDP_Value,24x28,488,0.0000
34,MDP_Value,24x28,489,0.0000
34,MDP_Value,24x28,490,0.0000
34,MDP_Value,24x28,491,0.0000
34,MDP_Value,24x28,492,0.0000
34,MDP_Value,24x28,493,0.0000
34,MDP_Value,24x28,494,0.0000
34,MDP_Value,24x28,495,0.0000
34,MDP_Value,24x28,496,0.0000
34,MDP_Value,24x28,497,0.0000
34,MDP_Value,24x28,498,0.0000
34,MDP_Value,24x28,499,0.0000
35,MDP_Value,24x28,0,0.2039
35,MDP_Value,24x28,1,0.3860
35,MDP_Value,24x28,2,0.5128
35,MDP_Value,24x28,3,0.6584
35,MDP_Value,24x28,4,0.6902
35,MDP_Value,24x28,5,0.9001
35,MDP_Value,24x28,6,0.9721
35,MDP_Value,24x28,7,1.0860
35,MDP_Value,24x28,8,1.1087
35,MDP_Value,24x28,9,1.2972
35,MDP_Value,24x28,10,1.2547
35,MDP_Value,24x28,11,1.3641
35,MDP_Value,24x28,12,1.3993
35,MDP_Value,24x28,13,1.4838
35,MDP_Value,24x28,14,1.5197
35,MDP_Value,24x28,15,1.6352
35,MDP_Value,24x28,16,1.7359
35,MDP_Value,24x28,17,1.7884
35,MDP_Value,24x28,18,1.8908
35,MDP_Value,24x28,19,2.0067
35,MDP_Value,24x28,20,2.0235
35,MDP_Value,24x28,21,2.0445
35,MDP_Value,24x28,22,2.0583
35,MDP_Value,24x28,23,2.0069
35,MDP_Value,24x28,24,1.9764
35,MDP_Value,24x28,25,1.9027
35,MDP_Value,24x28,26,1.8403
35,MDP_Value,24x28,27,1.7611
35,MDP_Value,24x28,28,1.7196
35,MDP_Value,24x28,29,1.6700
35,MDP_Value,24x28,30,1.6829
35,MDP_Value,24x28,31,1.6389
35,MDP_Value,24x28,32,1.6217
35,MDP_Value,24x28,33,1.5561
35,MDP_Value,24x28,34,1.5547
35,MDP_Value,24x28,35,1.5027
35,MDP_Value,24x28,36,1.4619
35,MDP_Value,24x28,37,1.3951
35,MDP_Value,24x28,38,1.3661
35,MDP_Value,24x28,39,1.3082
35,MDP_Value,24x28,40,1.2700
35,MDP_Value,24x28,41,1.2285
35,MDP_Value,24x28,42,1.2077
35,MDP_Value,24x28,43,1.1554
35,MDP_Value,24x28,44,1.1264
35,MDP_Value,24x28,45,1.0840
35,MDP_Value,24x28,46,1.0588
35,MDP_Value,24x28,47,1.0120
35,MDP_Value,24x28,48,0.9725
35,MDP_Value,24x28,49,0.9292
35,MDP_Value,24x28,50,0.8901
35,MDP_Value,24x28,51,0.8527
35,MDP_Value,24x28,52,0.8284
35,MDP_Value,24x28,53,0.7889
35,MDP_Value,24x28,54,0.7573
35,MDP_Value,24x28,55,0.7190
35,MDP_Value,24x28,56,0.6938
35,MDP_Value,24x28,57,0.6570
35,MDP_Value,24x28,58,0.6320
35,MDP_Value,24x28,59,0.6017
35,MDP_Value,24x28,60,0.5832
35,MDP_Value,24x28,61,0.5594
35,MDP_Value,24x28,62,0.5404
35,MDP_Value,24x28,63,0.5143
35,MDP_Value,24x28,64,0.5026
35,MDP_Value,24x28,65,0.4841
35,MDP_Value,24x28,66,0.4757
35,MDP_Value,24x28,67,0.4568
35,MDP_Value,24x28,68,0.4431
35,MDP_Value,24x28,69,0.4233
35,MDP_Value,24x28,70,0.4086
35,MDP_Value,24x28,71,0.3877
35,MDP_Value,24x28,72,0.3733
35,MDP_Value,24x28,73,0.3572
35,MDP_Value,24x28,74,0.3452
35,MDP_Value,24x28,75,0.3302
35,MDP_Value,24x28,76,0.3201
35,MDP_Value,24x28,77,0.3055
35,MDP_Value,24x28,78,0.2977
35,MDP_Value,24x28,79,0.2894
35,MDP_Value,24x28,80,0.2806
35,MDP_Value,24x28,81,0.2681
35,MDP_Value,24x28,82,0.2574
35,MDP_Value,24x28,83,0.2463
35,MDP_Value,24x28,84,0.2376
35,MDP_Value,24x28,85,0.2300
35,MDP_Value,24x28,86,0.2243
35,MDP_Value,24x28,87,0.2162
35,MDP_Value,24x28,88,0.2112
35,MDP_Value,24x28,89,0.2053
35,MDP_Value,24x28,90,0.2031
35,MDP_Value,24x28,91,0.1982
35,MDP_Value,24x28,92,0.1934
35,MDP_Value,24x28,93,0.1874
35,MDP_Value,24x28,94,0.1807
35,MDP_Value,24x28,95,0.1731
35,MDP_Value,24x28,96,0.1660
35,MDP_Value,24x28,97,0.1595
35,MDP_Value,24x28,98,0.1529
35,MDP_Value,24x28,99,0.1468
35,MDP_Value,24x28,100,0.1410
35,MDP_Value,24x28,101,0.1360
35,MDP_Value,24x28,102,0.1312
35,MDP_Value,24x28,103,0.1261
35,MDP_Value,24x28,104,0.1208
35,MDP_Value,24x28,105,0.1160
35,MDP_Value,24x28,106,0.1107
35,MDP_Value,24x28,107,0.1063
35,MDP_Value,24x28,108,0.1019
35,MDP_Value,24x28,109,0.0983
35,MDP_Value,24x28,110,0.0943
35,MDP_Value,24x28,111,0.0907
35,MDP_Value,24x28,112,0.0866
35,MDP_Value,24x28,113,0.0827
35,MDP_Value,24x28,114,0.0784
35,MDP_Value,24x28,115,0.0745
35,MDP_Value,24x28,116,0.0705
35,MDP_Value,24x28,117,0.0669
35,MDP_Value,24x28,118,0.0634
35,MDP_Value,24x28,119,0.0602
35,MDP_Value,24x28,120,0.0570
35,MDP_Value,24x28,121,0.0541
35,MDP_Value,24x28,122,0.0513
35,MDP_Value,24x28,123,0.0487
35,MDP_Value,24x28,124,0.0461
35,MDP_Value,24x28,125,0.0437
35,MDP_Value,24x28,126,0.0413
35,MDP_Value,24x28,127,0.0391
35,MDP_Value,24x28,128,0.0370
35,MDP_Value,24x28,129,0.0351
35,MDP_Value,24x28,130,0.0332
35,MDP_Value,24x28,131,0.0314
35,MDP_Value,24x28,132,0.0297
35,MDP_Value,24x28,133,0.0282
35,MDP_Value,24x28,134,0.0267
35,MDP_Value,24x28,135,0.0252
35,MDP_Value,24x28,136,0.0239
35,MDP_Value,24x28,137,0.0226
35,MDP_Value,24x28,138,0.0214
35,MDP_Value,24x28,139,0.0203
35,MDP_Value,24x28,140,0.0192
35,MDP_Value,24x28,141,0.0182
35,MDP_Value,24x28,142,0.0172
35,MDP_Value,24x28,143,0.0163
35,MDP_Value,24x28,144,0.0154
35,MDP_Value,24x28,145,0.0146
35,MDP_Value,24x28,146,0.0138
35,MDP_Value,24x28,147,0.0131
35,MDP_Value,24x28,148,0.0124
35,MDP_Value,24x28,149,0.0117
35,MDP_Value,24x28,150,0.0111
35,MDP_Value,24x28,151,0.0105
35,MDP_Value,24x28,152,0.0099
35,MDP_Value,24x28,153,0.0094
35,MDP_Value,24x28,154,0.0089
35,MDP_Value,24x28,155,0.0084
35,MDP_Value,24x28,156,0.0080
35,MDP_Value,24x28,157,0.0076
35,MDP_Value,24x28,158,0.0072
35,MDP_Value,24x28,159,0.0068
35,MDP_Value,24x28,160,0.0064
35,MDP_Value,24x28,161,0.0061
35,MDP_Value,24x28,162,0.0057
35,MDP_Value,24x28,163,0.0054
35,MDP_Value,24x28,164,0.0051
35,MDP_Value,24x28,165,0.0049
35,MDP_Value,24x28,166,0.0046
35,MDP_Value,24x28,167,0.0044
35,MDP_Value,24x28,168,0.0041
35,MDP_Value,24x28,169,0.0039
35,MDP_Value,24x28,170,0.0037
35,MDP_Value,24x28,171,0.0035
35,MDP_Value,24x28,172,0.0033
35,MDP_Value,24x28,173,0.0031
35,MDP_Value,24x28,174,0.0030
35,MDP_Value,24x28,175,0.0028
35,MDP_Value,24x28,176,0.0027
35,MDP_Value,24x28,177,0.0025
35,MDP_Value,24x28,178,0.0024
35,MDP_Value,24x28,179,0.0023
35,MDP_Value,24x28,180,0.0021
35,MDP_Value,24x28,181,0.0020
35,MDP_Value,24x28,182,0.0019
35,MDP_Value,24x28,183,0.0018
35,MDP_Value,24x28,184,0.0017
35,MDP_Value,24x28,185,0.0016
35,MDP_Value,24x28,186,0.0015
35,MDP_Value,24x28,187,0.0015
35,MDP_Value,24x28,188,0.0014
35,MDP_Value,24x28,189,0.0013
35,MDP_Value,24x28,190,0.0012
35,MDP_Value,24x28,191,0.0012
35,MDP_Value,24x28,192,0.0011
35,MDP_Value,24x28,193,0.0011
35,MDP_Value,24x28,194,0.0010
35,MDP_Value,24x28,195,0.0009
35,MDP_Value,24x28,196,0.0009
35,MDP_Value,24x28,197,0.0008
35,MDP_Value,24x28,198,0.0008
35,MDP_Value,24x28,199,0.0008
35,MDP_Value,24x28,200,0.0007
35,MDP_Value,24x28,201,0.0007
35,MDP_Value,24x28,202,0.0006
35,MDP_Value,24x28,203,0.0006
35,MDP_Value,24x28,204,0.0006
35,MDP_Value,24x28,205,0.0005
35,MDP_Value,24x28,206,0.0005
35,MDP_Value,24x28,207,0.0005
35,MDP_Value,24x28,208,0.0005
35,MDP_Value,24x28,209,0.0004
35,MDP_Value,24x28,210,0.0004
35,MDP_Value,24x28,211,0.0004
35,MDP_Value,24x28,212,0.0004
35,MDP_Value,24x28,213,0.0004
35,MDP_Value,24x28,214,0.0003
35,MDP_Value,24x28,215,0.0003
35,MDP_Value,24x28,216,0.0003
35,MDP_Value,24x28,217,0.0003
35,MDP_Value,24x28,218,0.0003
35,MDP_Value,24x28,219,0.0003
35,MDP_Value,24x28,220,0.0002
35,MDP_Value,24x28,221,0.0002
35,MDP_Value,24x28,222,0.0002
35,MDP_Value,24x28,223,0.0002
35,MDP_Value,24x28,224,0.0002
35,MDP_Value,24x28,225,0.0002
35,MDP_Value,24x28,226,0.0002
35,MDP_Value,24x28,227,0.0002
35,MDP_Value,24x28,228,0.0002
35,MDP_Value,24x28,229,0.0001
35,MDP_Value,24x28,230,0.0001
35,MDP_Value,24x28,231,0.0001
35,MDP_Value,24x28,232,0.0001
35,MDP_Value,24x28,233,0.0001
35,MDP_Value,24x28,234,0.0001
35,MDP_Value,24x28,235,0.0001
35,MDP_Value,24x28,236,0.0001
35,MDP_Value,24x28,237,0.0001
35,MDP_Value,24x28,238,0.0001
35,MDP_Value,24x28,239,0.0001
35,MDP_Value,24x28,240,0.0001
35,MDP_Value,24x28,241,0.0001
35,MDP_Value,24x28,242,0.0001
35,MDP_Value,24x28,243,0.0001
35,MDP_Value,24x28,244,0.0001
35,MDP_Value,24x28,245,0.0001
35,MDP_Value,24x28,246,0.0001
35,MDP_Value,24x28,247,0.0001
35,MDP_Value,24x28,248,0.0001
35,MDP_Value,24x28,249,0.0000
35,MDP_Value,24x28,250,0.0000
35,MDP_Value,24x28,251,0.0000
35,MDP_Value,24x28,252,0.0000
35,MDP_Value,24x28,253,0.0000
35,MDP_Value,24x28,254,0.0000
35,MDP_Value,24x28,255,0.0000
35,MDP_Value,24x28,256,0.0000
35,MDP_Value,24x28,257,0.0000
35,MDP_Value,24x28,258,0.0000
35,MDP_Value,24x28,259,0.0000
35,MDP_Value,24x28,260,0.0000
35,MDP_Value,24x28,261,0.0000
35,MDP_Value,24x28,262,0.0000
35,MDP_Value,24x28,263,0.0000
35,MDP_Value,24x28,264,0.0000
35,MDP_Value,24x28,265,0.0000
35,MDP_Value,24x28,266,0.0000
35,MDP_Value,24x28,267,0.0000
35,MDP_Value,24x28,268,0.0000
35,MDP_Value,24x28,269,0.0000
35,MDP_Value,24x28,270,0.0000
35,MDP_Value,24x28,271,0.0000
35,MDP_Value,24x28,272,0.0000
35,MDP_Value,24x28,273,0.0000
35,MDP_Value,24x28,274,0.0000
35,MDP_Value,24x28,275,0.0000
35,MDP_Value,24x28,276,0.0000
35,MDP_Value,24x28,277,0.0000
35,MDP_Value,24x28,278,0.0000
35,MDP_Value,24x28,279,0.0000
35,MDP_Value,24x28,280,0.0000
35,MDP_Value,24x28,281,0.0000
35,MDP_Value,24x28,282,0.0000
35,MDP_Value,24x28,283,0.0000
35,MDP_Value,24x28,284,0.0000
35,MDP_Value,24x28,285,0.0000
35,MDP_Value,24x28,286,0.0000
35,MDP_Value,24x28,287,0.0000
35,MDP_Value,24x28,288,0.0000
35,MDP_Value,24x28,289,0.0000
35,MDP_Value,24x28,290,0.0000
35,MDP_Value,24x28,291,0.0000
35,MDP_Value,24x28,292,0.0000
35,MDP_Value,24x28,293,0.0000
35,MDP_Value,24x28,294,0.0000
35,MDP_Value,24x28,295,0.0000
35,MDP_Value,24x28,296,0.0000
35,MDP_Value,24x28,297,0.0000
35,MDP_Value,24x28,298,0.0000
35,MDP_Value,24x28,299,0.0000
35,MDP_Value,24x28,300,0.0000
35,MDP_Value,24x28,301,0.0000
35,MDP_Value,24x28,302,0.0000
35,MDP_Value,24x28,303,0.0000
35,MDP_Value,24x28,304,0.0000
35,MDP_Value,24x28,305,0.0000
35,MDP_Value,24x28,306,0.0000
35,MDP_Value,24x28,307,0.0000
35,MDP_Value,24x28,308,0.0000
35,MDP_Value,24x28,309,0.0000
35,MDP_Value,24x28,310,0.0000
35,MDP_Value,24x28,311,0.0000
35,MDP_Value,24x28,312,0.0000
35,MDP_Value,24x28,313,0.0000
35,MDP_Value,24x28,314,0.0000
35,MDP_Value,24x28,315,0.0000
35,MDP_Value,24x28,316,0.0000
35,MDP_Value,24x28,317,0.0000
35,MDP_Value,24x28,318,0.0000
35,MDP_Value,24x28,319,0.0000
35,MDP_Value,24x28,320,0.0000
35,MDP_Value,24x28,321,0.0000
35,MDP_Value,24x28,322,0.0000
35,MDP_Value,24x28,323,0.0000
35,MDP_Value,24x28,324,0.0000
35,MDP_Value,24x28,325,0.0000
35,MDP_Value,24x28,326,0.0000
35,MDP_Value,24x28,327,0.0000
35,MDP_Value,24x28,328,0.0000
35,MDP_Value,24x28,329,0.0000
35,MDP_Value,24x28,330,0.0000
35,MDP_Value,24x28,331,0.0000
35,MDP_Value,24x28,332,0.0000
35,MDP_Value,24x28,333,0.0000
35,MDP_Value,24x28,334,0.0000
35,MDP_Value,24x28,335,0.0000
35,MDP_Value,24x28,336,0.0000
35,MDP_Value,24x28,337,0.0000
35,MDP_Value,24x28,338,0.0000
35,MDP_Value,24x28,339,0.0000
35,MDP_Value,24x28,340,0.0000
35,MDP_Value,24x28,341,0.0000
35,MDP_Value,24x28,342,0.0000
35,MDP_Value,24x28,343,0.0000
35,MDP_Value,24x28,344,0.0000
35,MDP_Value,24x28,345,0.0000
35,MDP_Value,24x28,346,0.0000
35,MDP_Value,24x28,347,0.0000
35,MDP_Value,24x28,348,0.0000
35,MDP_Value,24x28,349,0.0000
35,MDP_Value,24x28,350,0.0000
35,MDP_Value,24x28,351,0.0000
35,MDP_Value,24x28,352,0.0000
35,MDP_Value,24x28,353,0.0000
35,MDP_Value,24x28,354,0.0000
35,MDP_Value,24x28,355,0.0000
35,MDP_Value,24x28,356,0.0000
35,MDP_Value,24x28,357,0.0000
35,MDP_Value,24x28,358,0.0000
35,MDP_Value,24x28,359,0.0000
35,MDP_Value,24x28,360,0.0000
35,MDP_Value,24x28,361,0.0000
35,MDP_Value,24x28,362,0.0000
35,MDP_Value,24x28,363,0.0000
35,MDP_Value,24x28,364,0.0000
35,MDP_Value,24x28,365,0.0000
35,MDP_Value,24x28,366,0.0000
35,MDP_Value,24x28,367,0.0000
35,MDP_Value,24x28,368,0.0000
35,MDP_Value,24x28,369,0.0000
35,MDP_Value,24x28,370,0.0000
35,MDP_Value,24x28,371,0.0000
35,MDP_Value,24x28,372,0.0000
35,MDP_Value,24x28,373,0.0000
35,MDP_Value,24x28,374,0.0000
35,MDP_Value,24x28,375,0.0000
35,MDP_Value,24x28,376,0.0000
35,MDP_Value,24x28,377,0.0000
35,MDP_Value,24x28,378,0.0000
35,MDP_Value,24x28,379,0.0000
35,MDP_Value,24x28,380,0.0000
35,MDP_Value,24x28,381,0.0000
35,MDP_Value,24x28,382,0.0000
35,MDP_Value,24x28,383,0.0000
35,MDP_Value,24x28,384,0.0000
35,MDP_Value,24x28,385,0.0000
35,MDP_Value,24x28,386,0.0000
35,MDP_Value,24x28,387,0.0000
35,MDP_Value,24x28,388,0.0000
35,MDP_Value,24x28,389,0.0000
35,MDP_Value,24x28,390,0.0000
35,MDP_Value,24x28,391,0.0000
35,MDP_Value,24x28,392,0.0000
35,MDP_Value,24x28,393,0.0000
35,MDP_Value,24x28,394,0.0000
35,MDP_Value,24x28,395,0.0000
35,MDP_Value,24x28,396,0.0000
35,MDP_Value,24x28,397,0.0000
35,MDP_Value,24x28,398,0.0000
35,MDP_Value,24x28,399,0.0000
35,MDP_Value,24x28,400,0.0000
35,MDP_Value,24x28,401,0.0000
35,MDP_Value,24x28,402,0.0000
35,MDP_Value,24x28,403,0.0000
35,MDP_Value,24x28,404,0.0000
35,MDP_Value,24x28,405,0.0000
35,MDP_Value,24x28,406,0.0000
35,MDP_Value,24x28,407,0.0000
35,MDP_Value,24x28,408,0.0000
35,MDP_Value,24x28,409,0.0000
35,MDP_Value,24x28,410,0.0000
35,MDP_Value,24x28,411,0.0000
35,MDP_Value,24x28,412,0.0000
35,MDP_Value,24x28,413,0.0000
35,MDP_Value,24x28,414,0.0000
35,MDP_Value,24x28,415,0.0000
35,MDP_Value,24x28,416,0.0000
35,MDP_Value,24x28,417,0.0000
35,MDP_Value,24x28,418,0.0000
35,MDP_Value,24x28,419,0.0000
35,MDP_Value,24x28,420,0.0000
35,MDP_Value,24x28,421,0.0000
35,MDP_Value,24x28,422,0.0000
35,MDP_Value,24x28,423,0.0000
35,MDP_Value,24x28,424,0.0000
35,MDP_Value,24x28,425,0.0000
35,MDP_Value,24x28,426,0.0000
35,MDP_Value,24x28,427,0.0000
35,MDP_Value,24x28,428,0.0000
35,MDP_Value,24x28,429,0.0000
35,MDP_Value,24x28,430,0.0000
35,MDP_Value,24x28,431,0.0000
35,MDP_Value,24x28,432,0.0000
35,MDP_Value,24x28,433,0.0000
35,MDP_Value,24x28,434,0.0000
35,MDP_Value,24x28,435,0.0000
35,MDP_Value,24x28,436,0.0000
35,MDP_Value,24x28,437,0.0000
35,MDP_Value,24x28,438,0.0000
35,MDP_Value,24x28,439,0.0000
35,MDP_Value,24x28,440,0.0000
35,MDP_Value,24x28,441,0.0000
35,MDP_Value,24x28,442,0.0000
35,MDP_Value,24x28,443,0.0000
35,MDP_Value,24x28,444,0.0000
35,MDP_Value,24x28,445,0.0000
35,MDP_Value,24x28,446,0.0000
35,MDP_Value,24x28,447,0.0000
35,MDP_Value,24x28,448,0.0000
35,MDP_Value,24x28,449,0.0000
35,MDP_Value,24x28,450,0.0000
35,MDP_Value,24x28,451,0.0000
35,MDP_Value,24x28,452,0.0000
35,MDP_Value,24x28,453,0.0000
35,MDP_Value,24x28,454,0.0000
35,MDP_Value,24x28,455,0.0000
35,MDP_Value,24x28,456,0.0000
35,MDP_Value,24x28,457,0.0000
35,MDP_Value,24x28,458,0.0000
35,MDP_Value,24x28,459,0.0000
35,MDP_Value,24x28,460,0.0000
35,MDP_Value,24x28,461,0.0000
35,MDP_Value,24x28,462,0.0000
35,MDP_Value,24x28,463,0.0000
35,MDP_Value,24x28,464,0.0000
35,MDP_Value,24x28,465,0.0000
35,MDP_Value,24x28,466,0.0000
35,MDP_Value,24x28,467,0.0000
35,MDP_Value,24x28,468,0.0000
35,MDP_Value,24x28,469,0.0000
35,MDP_Value,24x28,470,0.0000
35,MDP_Value,24x28,471,0.0000
35,MDP_Value,24x28,472,0.0000
35,MDP_Value,24x28,473,0.0000
35,MDP_Value,24x28,474,0.0000
35,MDP_Value,24x28,475,0.0000
35,MDP_Value,24x28,476,0.0000
35,MDP_Value,24x28,477,0.0000
35,MDP_Value,24x28,478,0.0000
35,MDP_Value,24x28,479,0.0000
35,MDP_Value,24x28,480,0.0000
35,MDP_Value,24x28,481,0.0000
35,MDP_Value,24x28,482,0.0000
35,MDP_Value,24x28,483,0.0000
35,MDP_Value,24x28,484,0.0000
35,MDP_Value,24x28,485,0.0000
35,MDP_Value,24x28,486,0.0000
35,MDP_Value,24x28,487,0.0000
35,MDP_Value,24x28,488,0.0000
35,MDP_Value,24x28,489,0.0000
35,MDP_Value,24x28,490,0.0000
35,MDP_Value,24x28,491,0.0000
35,MDP_Value,24x28,492,0.0000
35,MDP_Value,24x28,493,0.0000
35,MDP_Value,24x28,494,0.0000
35,MDP_Value,24x28,495,0.0000
35,MDP_Value,24x28,496,0.0000
35,MDP_Value,24x28,497,0.0000
35,MDP_Value,24x28,498,0.0000
35,MDP_Value,24x28,499,0.0000
36,MDP_Value,24x28,0,0.2067
36,MDP_Value,24x28,1,0.4051
36,MDP_Value,24x28,2,0.5562
36,MDP_Value,24x28,3,0.7396
36,MDP_Value,24x28,4,0.8017
36,MDP_Value,24x28,5,1.0840
36,MDP_Value,24x28,6,1.2099
36,MDP_Value,24x28,7,1.4006
36,MDP_Value,24x28,8,1.4789
36,MDP_Value,24x28,9,1.7933
36,MDP_Value,24x28,10,1.7928
36,MDP_Value,24x28,11,2.0205
36,MDP_Value,24x28,12,2.1436
36,MDP_Value,24x28,13,2.3545
36,MDP_Value,24x28,14,2.4952
36,MDP_Value,24x28,15,2.7807
36,MDP_Value,24x28,16,3.0550
36,MDP_Value,24x28,17,3.2582
36,MDP_Value,24x28,18,3.5666
36,MDP_Value,24x28,19,3.9182
36,MDP_Value,24x28,20,4.0891
36,MDP_Value,24x28,21,4.2777
36,MDP_Value,24x28,22,4.4577
36,MDP_Value,24x28,23,4.4990
36,MDP_Value,24x28,24,4.5871
36,MDP_Value,24x28,25,4.5707
36,MDP_Value,24x28,26,4.5769
36,MDP_Value,24x28,27,4.5337
36,MDP_Value,24x28,28,4.5836
36,MDP_Value,24x28,29,4.6074
36,MDP_Value,24x28,30,4.8080
36,MDP_Value,24x28,31,4.8455
36,MDP_Value,24x28,32,4.9647
36,MDP_Value,24x28,33,4.9300
36,MDP_Value,24x28,34,5.1010
36,MDP_Value,24x28,35,5.1021
36,MDP_Value,24x28,36,5.1394
36,MDP_Value,24x28,37,5.0764
36,MDP_Value,24x28,38,5.1470
36,MDP_Value,24x28,39,5.1013
36,MDP_Value,24x28,40,5.1278
36,MDP_Value,24x28,41,5.1341
36,MDP_Value,24x28,42,5.2258
36,MDP_Value,24x28,43,5.1741
36,MDP_Value,24x28,44,5.2230
36,MDP_Value,24x28,45,5.2025
36,MDP_Value,24x28,46,5.2613
36,MDP_Value,24x28,47,5.2048
36,MDP_Value,24x28,48,5.1787
36,MDP_Value,24x28,49,5.1216
36,MDP_Value,24x28,50,5.0793
36,MDP_Value,24x28,51,5.0369
36,MDP_Value,24x28,52,5.0661
36,MDP_Value,24x28,53,4.9936
36,MDP_Value,24x28,54,4.9629
36,MDP_Value,24x28,55,4.8776
36,MDP_Value,24x28,56,4.8731
36,MDP_Value,24x28,57,4.7762
36,MDP_Value,24x28,58,4.7571
36,MDP_Value,24x28,59,4.6875
36,MDP_Value,24x28,60,4.7041
36,MDP_Value,24x28,61,4.6707
36,MDP_Value,24x28,62,4.6716
36,MDP_Value,24x28,63,4.6018
36,MDP_Value,24x28,64,4.6568
36,MDP_Value,24x28,65,4.6421
36,MDP_Value,24x28,66,4.7232
36,MDP_Value,24x28,67,4.6936
36,MDP_Value,24x28,68,4.7144
36,MDP_Value,24x28,69,4.6617
36,MDP_Value,24x28,70,4.6586
36,MDP_Value,24x28,71,4.5758
36,MDP_Value,24x28,72,4.5611
36,MDP_Value,24x28,73,4.5176
36,MDP_Value,24x28,74,4.5197
36,MDP_Value,24x28,75,4.4751
36,MDP_Value,24x28,76,4.4922
36,MDP_Value,24x28,77,4.4377
36,MDP_Value,24x28,78,4.4769
36,MDP_Value,24x28,79,4.5051
36,MDP_Value,24x28,80,4.5217
36,MDP_Value,24x28,81,4.4719
36,MDP_Value,24x28,82,4.4454
36,MDP_Value,24x28,83,4.4031
36,MDP_Value,24x28,84,4.3982
36,MDP_Value,24x28,85,4.4069
36,MDP_Value,24x28,86,4.4497
36,MDP_Value,24x28,87,4.4395
36,MDP_Value,24x28,88,4.4903
36,MDP_Value,24x28,89,4.5172
36,MDP_Value,24x28,90,4.6280
36,MDP_Value,24x28,91,4.6741
36,MDP_Value,24x28,92,4.7223
36,MDP_Value,24x28,93,4.7356
36,MDP_Value,24x28,94,4.7276
36,MDP_Value,24x28,95,4.6878
36,MDP_Value,24x28,96,4.6535
36,MDP_Value,24x28,97,4.6304
36,MDP_Value,24x28,98,4.5950
36,MDP_Value,24x28,99,4.5647
36,MDP_Value,24x28,100,4.5392
36,MDP_Value,24x28,101,4.5344
36,MDP_Value,24x28,102,4.5281
36,MDP_Value,24x28,103,4.5048
36,MDP_Value,24x28,104,4.4653
36,MDP_Value,24x28,105,4.4405
36,MDP_Value,24x28,106,4.3858
36,MDP_Value,24x28,107,4.3599
36,MDP_Value,24x28,108,4.3288
36,MDP_Value,24x28,109,4.3199
36,MDP_Value,24x28,110,4.2920
36,MDP_Value,24x28,111,4.2720
36,MDP_Value,24x28,112,4.2211
36,MDP_Value,24x28,113,4.1746
36,MDP_Value,24x28,114,4.0995
36,MDP_Value,24x28,115,4.0296
36,MDP_Value,24x28,116,3.9491
36,MDP_Value,24x28,117,3.8817
36,MDP_Value,24x28,118,3.8042
36,MDP_Value,24x28,119,3.7392
36,MDP_Value,24x28,120,3.6645
36,MDP_Value,24x28,121,3.6019
36,MDP_Value,24x28,122,3.5370
36,MDP_Value,24x28,123,3.4731
36,MDP_Value,24x28,124,3.4070
36,MDP_Value,24x28,125,3.3389
36,MDP_Value,24x28,126,3.2721
36,MDP_Value,24x28,127,3.2067
36,MDP_Value,24x28,128,3.1425
36,MDP_Value,24x28,129,3.0797
36,MDP_Value,24x28,130,3.0181
36,MDP_Value,24x28,131,2.9577
36,MDP_Value,24x28,132,2.8986
36,MDP_Value,24x28,133,2.8406
36,MDP_Value,24x28,134,2.7838
36,MDP_Value,24x28,135,2.7281
36,MDP_Value,24x28,136,2.6736
36,MDP_Value,24x28,137,2.6201
36,MDP_Value,24x28,138,2.5677
36,MDP_Value,24x28,139,2.5163
36,MDP_Value,24x28,140,2.4660
36,MDP_Value,24x28,141,2.4167
36,MDP_Value,24x28,142,2.3684
36,MDP_Value,24x28,143,2.3210
36,MDP_Value,24x28,144,2.2746
36,MDP_Value,24x28,145,2.2291
36,MDP_Value,24x28,146,2.1845
36,MDP_Value,24x28,147,2.1408
36,MDP_Value,24x28,148,2.0980
36,MDP_Value,24x28,149,2.0560
36,MDP_Value,24x28,150,2.0149
36,MDP_Value,24x28,151,1.9746
36,MDP_Value,24x28,152,1.9351
36,MDP_Value,24x28,153,1.8964
36,MDP_Value,24x28,154,1.8585
36,MDP_Value,24x28,155,1.8213
36,MDP_Value,24x28,156,1.7849
36,MDP_Value,24x28,157,1.7492
36,MDP_Value,24x28,158,1.7142
36,MDP_Value,24x28,159,1.6799
36,MDP_Value,24x28,160,1.6463
36,MDP_Value,24x28,161,1.6134
36,MDP_Value,24x28,162,1.5811
36,MDP_Value,24x28,163,1.5495
36,MDP_Value,24x28,164,1.5185
36,MDP_Value,24x28,165,1.4882
36,MDP_Value,24x28,166,1.4584
36,MDP_Value,24x28,167,1.4292
36,MDP_Value,24x28,168,1.4006
36,MDP_Value,24x28,169,1.3726
36,MDP_Value,24x28,170,1.3452
36,MDP_Value,24x28,171,1.3183
36,MDP_Value,24x28,172,1.2919
36,MDP_Value,24x28,173,1.2661
36,MDP_Value,24x28,174,1.2407
36,MDP_Value,24x28,175,1.2159
36,MDP_Value,24x28,176,1.1916
36,MDP_Value,24x28,177,1.1678
36,MDP_Value,24x28,178,1.1444
36,MDP_Value,24x28,179,1.1215
36,MDP_Value,24x28,180,1.0991
36,MDP_Value,24x28,181,1.0771
36,MDP_Value,24x28,182,1.0556
36,MDP_Value,24x28,183,1.0345
36,MDP_Value,24x28,184,1.0138
36,MDP_Value,24x28,185,0.9935
36,MDP_Value,24x28,186,0.9736
36,MDP_Value,24x28,187,0.9542
36,MDP_Value,24x28,188,0.9351
36,MDP_Value,24x28,189,0.9164
36,MDP_Value,24x28,190,0.8980
36,MDP_Value,24x28,191,0.8801
36,MDP_Value,24x28,192,0.8625
36,MDP_Value,24x28,193,0.8452
36,MDP_Value,24x28,194,0.8283
36,MDP_Value,24x28,195,0.8118
36,MDP_Value,24x28,196,0.7955
36,MDP_Value,24x28,197,0.7796
36,MDP_Value,24x28,198,0.7640
36,MDP_Value,24x28,199,0.7487
36,MDP_Value,24x28,200,0.7338
36,MDP_Value,24x28,201,0.7191
36,MDP_Value,24x28,202,0.7047
36,MDP_Value,24x28,203,0.6906
36,MDP_Value,24x28,204,0.6768
36,MDP_Value,24x28,205,0.6633
36,MDP_Value,24x28,206,0.6500
36,MDP_Value,24x28,207,0.6370
36,MDP_Value,24x28,208,0.6243
36,MDP_Value,24x28,209,0.6118
36,MDP_Value,24x28,210,0.5995
36,MDP_Value,24x28,211,0.5876
36,MDP_Value,24x28,212,0.5758
36,MDP_Value,24x28,213,0.5643
36,MDP_Value,24x28,214,0.5530
36,MDP_Value,24x28,215,0.5419
36,MDP_Value,24x28,216,0.5311
36,MDP_Value,24x28,217,0.5205
36,MDP_Value,24x28,218,0.5101
36,MDP_Value,24x28,219,0.4999
36,MDP_Value,24x28,220,0.4899
36,MDP_Value,24x28,221,0.4801
36,MDP_Value,24x28,222,0.4705
36,MDP_Value,24x28,223,0.4611
36,MDP_Value,24x28,224,0.4518
36,MDP_Value,24x28,225,0.4428
36,MDP_Value,24x28,226,0.4339
36,MDP_Value,24x28,227,0.4253
36,MDP_Value,24x28,228,0.4168
36,MDP_Value,24x28,229,0.4084
36,MDP_Value,24x28,230,0.4003
36,MDP_Value,24x28,231,0.3923
36,MDP_Value,24x28,232,0.3844
36,MDP_Value,24x28,233,0.3767
36,MDP_Value,24x28,234,0.3692
36,MDP_Value,24x28,235,0.3618
36,MDP_Value,24x28,236,0.3546
36,MDP_Value,24x28,237,0.3475
36,MDP_Value,24x28,238,0.3405
36,MDP_Value,24x28,239,0.3337
36,MDP_Value,24x28,240,0.3270
36,MDP_Value,24x28,241,0.3205
36,MDP_Value,24x28,242,0.3141
36,MDP_Value,24x28,243,0.3078
36,MDP_Value,24x28,244,0.3017
36,MDP_Value,24x28,245,0.2956
36,MDP_Value,24x28,246,0.2897
36,MDP_Value,24x28,247,0.2839
36,MDP_Value,24x28,248,0.2782
36,MDP_Value,24x28,249,0.2727
36,MDP_Value,24x28,250,0.2672
36,MDP_Value,24x28,251,0.2619
36,MDP_Value,24x28,252,0.2566
36,MDP_Value,24x28,253,0.2515
36,MDP_Value,24x28,254,0.2465
36,MDP_Value,24x28,255,0.2415
36,MDP_Value,24x28,256,0.2367
36,MDP_Value,24x28,257,0.2320
36,MDP_Value,24x28,258,0.2273
36,MDP_Value,24x28,259,0.2228
36,MDP_Value,24x28,260,0.2183
36,MDP_Value,24x28,261,0.2140
36,MDP_Value,24x28,262,0.2097
36,MDP_Value,24x28,263,0.2055
36,MDP_Value,24x28,264,0.2014
36,MDP_Value,24x28,265,0.1974
36,MDP_Value,24x28,266,0.1934
36,MDP_Value,24x28,267,0.1895
36,MDP_Value,24x28,268,0.1858
36,MDP_Value,24x28,269,0.1820
36,MDP_Value,24x28,270,0.1784
36,MDP_Value,24x28,271,0.1748
36,MDP_Value,24x28,272,0.1713
36,MDP_Value,24x28,273,0.1679
36,MDP_Value,24x28,274,0.1645
36,MDP_Value,24x28,275,0.1613
36,MDP_Value,24x28,276,0.1580
36,MDP_Value,24x28,277,0.1549
36,MDP_Value,24x28,278,0.1518
36,MDP_Value,24x28,279,0.1487
36,MDP_Value,24x28,280,0.1458
36,MDP_Value,24x28,281,0.1428
36,MDP_Value,24x28,282,0.1400
36,MDP_Value,24x28,283,0.1372
36,MDP_Value,24x28,284,0.1344
36,MDP_Value,24x28,285,0.1318
36,MDP_Value,24x28,286,0.1291
36,MDP_Value,24x28,287,0.1265
36,MDP_Value,24x28,288,0.1240
36,MDP_Value,24x28,289,0.1215
36,MDP_Value,24x28,290,0.1191
36,MDP_Value,24x28,291,0.1167
36,MDP_Value,24x28,292,0.1144
36,MDP_Value,24x28,293,0.1121
36,MDP_Value,24x28,294,0.1099
36,MDP_Value,24x28,295,0.1077
36,MDP_Value,24x28,296,0.1055
36,MDP_Value,24x28,297,0.1034
36,MDP_Value,24x28,298,0.1013
36,MDP_Value,24x28,299,0.0993
36,MDP_Value,24x28,300,0.0973
36,MDP_Value,24x28,301,0.0954
36,MDP_Value,24x28,302,0.0935
36,MDP_Value,24x28,303,0.0916
36,MDP_Value,24x28,304,0.0898
36,MDP_Value,24x28,305,0.0880
36,MDP_Value,24x28,306,0.0862
36,MDP_Value,24x28,307,0.0845
36,MDP_Value,24x28,308,0.0828
36,MDP_Value,24x28,309,0.0811
36,MDP_Value,24x28,310,0.0795
36,MDP_Value,24x28,311,0.0779
36,MDP_Value,24x28,312,0.0764
36,MDP_Value,24x28,313,0.0748
36,MDP_Value,24x28,314,0.0733
36,MDP_Value,24x28,315,0.0719
36,MDP_Value,24x28,316,0.0704
36,MDP_Value,24x28,317,0.0690
36,MDP_Value,24x28,318,0.0676
36,MDP_Value,24x28,319,0.0663
36,MDP_Value,24x28,320,0.0650
36,MDP_Value,24x28,321,0.0637
36,MDP_Value,24x28,322,0.0624
36,MDP_Value,24x28,323,0.0611
36,MDP_Value,24x28,324,0.0599
36,MDP_Value,24x28,325,0.0587
36,MDP_Value,24x28,326,0.0575
36,MDP_Value,24x28,327,0.0564
36,MDP_Value,24x28,328,0.0553
36,MDP_Value,24x28,329,0.0542
36,MDP_Value,24x28,330,0.0531
36,MDP_Value,24x28,331,0.0520
36,MDP_Value,24x28,332,0.0510
36,MDP_Value,24x28,333,0.0500
36,MDP_Value,24x28,334,0.0490
36,MDP_Value,24x28,335,0.0480
36,MDP_Value,24x28,336,0.0470
36,MDP_Value,24x28,337,0.0461
36,MDP_Value,24x28,338,0.0452
36,MDP_Value,24x28,339,0.0443
36,MDP_Value,24x28,340,0.0434
36,MDP_Value,24x28,341,0.0425
36,MDP_Value,24x28,342,0.0417
36,MDP_Value,24x28,343,0.0408
36,MDP_Value,24x28,344,0.0400
36,MDP_Value,24x28,345,0.0392
36,MDP_Value,24x28,346,0.0384
36,MDP_Value,24x28,347,0.0377
36,MDP_Value,24x28,348,0.0369
36,MDP_Value,24x28,349,0.0362
36,MDP_Value,24x28,350,0.0354
36,MDP_Value,24x28,351,0.0347
36,MDP_Value,24x28,352,0.0340
36,MDP_Value,24x28,353,0.0334
36,MDP_Value,24x28,354,0.0327
36,MDP_Value,24x28,355,0.0320
36,MDP_Value,24x28,356,0.0314
36,MDP_Value,24x28,357,0.0308
36,MDP_Value,24x28,358,0.0301
36,MDP_Value,24x28,359,0.0295
36,MDP_Value,24x28,360,0.0290
36,MDP_Value,24x28,361,0.0284
36,MDP_Value,24x28,362,0.0278
36,MDP_Value,24x28,363,0.0273
36,MDP_Value,24x28,364,0.0267
36,MDP_Value,24x28,365,0.0262
36,MDP_Value,24x28,366,0.0257
36,MDP_Value,24x28,367,0.0251
36,MDP_Value,24x28,368,0.0246
36,MDP_Value,24x28,369,0.0241
36,MDP_Value,24x28,370,0.0237
36,MDP_Value,24x28,371,0.0232
36,MDP_Value,24x28,372,0.0227
36,MDP_Value,24x28,373,0.0223
36,MDP_Value,24x28,374,0.0218
36,MDP_Value,24x28,375,0.0214
36,MDP_Value,24x28,376,0.0210
36,MDP_Value,24x28,377,0.0205
36,MDP_Value,24x28,378,0.0201
36,MDP_Value,24x28,379,0.0197
36,MDP_Value,24x28,380,0.0193
36,MDP_Value,24x28,381,0.0189
36,MDP_Value,24x28,382,0.0186
36,MDP_Value,24x28,383,0.0182
36,MDP_Value,24x28,384,0.0178
36,MDP_Value,24x28,385,0.0175
36,MDP_Value,24x28,386,0.0171
36,MDP_Value,24x28,387,0.0168
36,MDP_Value,24x28,388,0.0164
36,MDP_Value,24x28,389,0.0161
36,MDP_Value,24x28,390,0.0158
36,MDP_Value,24x28,391,0.0155
36,MDP_Value,24x28,392,0.0152
36,MDP_Value,24x28,393,0.0149
36,MDP_Value,24x28,394,0.0146
36,MDP_Value,24x28,395,0.0143
36,MDP_Value,24x28,396,0.0140
36,MDP_Value,24x28,397,0.0137
36,MDP_Value,24x28,398,0.0134
36,MDP_Value,24x28,399,0.0132
36,MDP_Value,24x28,400,0.0129
36,MDP_Value,24x28,401,0.0126
36,MDP_Value,24x28,402,0.0124
36,MDP_Value,24x28,403,0.0121
36,MDP_Value,24x28,404,0.0119
36,MDP_Value,24x28,405,0.0117
36,MDP_Value,24x28,406,0.0114
36,MDP_Value,24x28,407,0.0112
36,MDP_Value,24x28,408,0.0110
36,MDP_Value,24x28,409,0.0108
36,MDP_Value,24x28,410,0.0105
36,MDP_Value,24x28,411,0.0103
36,MDP_Value,24x28,412,0.0101
36,MDP_Value,24x28,413,0.0099
36,MDP_Value,24x28,414,0.0097
36,MDP_Value,24x28,415,0.0095
36,MDP_Value,24x28,416,0.0093
36,MDP_Value,24x28,417,0.0092
36,MDP_Value,24x28,418,0.0090
36,MDP_Value,24x28,419,0.0088
36,MDP_Value,24x28,420,0.0086
36,MDP_Value,24x28,421,0.0084
36,MDP_Value,24x28,422,0.0083
36,MDP_Value,24x28,423,0.0081
36,MDP_Value,24x28,424,0.0079
36,MDP_Value,24x28,425,0.0078
36,MDP_Value,24x28,426,0.0076
36,MDP_Value,24x28,427,0.0075
36,MDP_Value,24x28,428,0.0073
36,MDP_Value,24x28,429,0.0072
36,MDP_Value,24x28,430,0.0070
36,MDP_Value,24x28,431,0.0069
36,MDP_Value,24x28,432,0.0068
36,MDP_Value,24x28,433,0.0066
36,MDP_Value,24x28,434,0.0065
36,MDP_Value,24x28,435,0.0064
36,MDP_Value,24x28,436,0.0062
36,MDP_Value,24x28,437,0.0061
36,MDP_Value,24x28,438,0.0060
36,MDP_Value,24x28,439,0.0059
36,MDP_Value,24x28,440,0.0058
36,MDP_Value,24x28,441,0.0056
36,MDP_Value,24x28,442,0.0055
36,MDP_Value,24x28,443,0.0054
36,MDP_Value,24x28,444,0.0053
36,MDP_Value,24x28,445,0.0052
36,MDP_Value,24x28,446,0.0051
36,MDP_Value,24x28,447,0.0050
36,MDP_Value,24x28,448,0.0049
36,MDP_Value,24x28,449,0.0048
36,MDP_Value,24x28,450,0.0047
36,MDP_Value,24x28,451,0.0046
36,MDP_Value,24x28,452,0.0045
36,MDP_Value,24x28,453,0.0044
36,MDP_Value,24x28,454,0.0043
36,MDP_Value,24x28,455,0.0042
36,MDP_Value,24x28,456,0.0042
36,MDP_Value,24x28,457,0.0041
36,MDP_Value,24x28,458,0.0040
36,MDP_Value,24x28,459,0.0039
36,MDP_Value,24x28,460,0.0038
36,MDP_Value,24x28,461,0.0038
36,MDP_Value,24x28,462,0.0037
36,MDP_Value,24x28,463,0.0036
36,MDP_Value,24x28,464,0.0035
36,MDP_Value,24x28,465,0.0035
36,MDP_Value,24x28,466,0.0034
36,MDP_Value,24x28,467,0.0033
36,MDP_Value,24x28,468,0.0033
36,MDP_Value,24x28,469,0.0032
36,MDP_Value,24x28,470,0.0031
36,MDP_Value,24x28,471,0.0031
36,MDP_Value,24x28,472,0.0030
36,MDP_Value,24x28,473,0.0030
36,MDP_Value,24x28,474,0.0029
36,MDP_Value,24x28,475,0.0028
36,MDP_Value,24x28,476,0.0028
36,MDP_Value,24x28,477,0.0027
36,MDP_Value,24x28,478,0.0027
36,MDP_Value,24x28,479,0.0026
36,MDP_Value,24x28,480,0.0026
36,MDP_Value,24x28,481,0.0025
36,MDP_Value,24x28,482,0.0025
36,MDP_Value,24x28,483,0.0024
36,MDP_Value,24x28,484,0.0024
36,MDP_Value,24x28,485,0.0023
36,MDP_Value,24x28,486,0.0023
36,MDP_Value,24x28,487,0.0022
36,MDP_Value,24x28,488,0.0022
36,MDP_Value,24x28,489,0.0021
36,MDP_Value,24x28,490,0.0021
36,MDP_Value,24x28,491,0.0021
36,MDP_Value,24x28,492,0.0020
36,MDP_Value,24x28,493,0.0020
36,MDP_Value,24x28,494,0.0019
36,MDP_Value,24x28,495,0.0019
36,MDP_Value,24x28,496,0.0019
36,MDP_Value,24x28,497,0.0018
36,MDP_Value,24x28,498,0.0018
36,MDP_Value,24x28,499,0.0017
37,MDP_Value,24x28,0,0.2044
37,MDP_Value,24x28,1,0.3898
37,MDP_Value,24x28,2,0.5213
37,MDP_Value,24x28,3,0.6741
37,MDP_Value,24x28,4,0.7115
37,MDP_Value,24x28,5,0.9347
37,MDP_Value,24x28,6,1.0162
37,MDP_Value,24x28,7,1.1435
37,MDP_Value,24x28,8,1.1754
37,MDP_Value,24x28,9,1.3852
37,MDP_Value,24x28,10,1.3488
37,MDP_Value,24x28,11,1.4772
37,MDP_Value,24x28,12,1.5257
37,MDP_Value,24x28,13,1.6294
37,MDP_Value,24x28,14,1.6804
37,MDP_Value,24x28,15,1.8210
37,MDP_Value,24x28,16,1.9467
37,MDP_Value,24x28,17,2.0197
37,MDP_Value,24x28,18,2.1505
37,MDP_Value,24x28,19,2.2983
37,MDP_Value,24x28,20,2.3337
37,MDP_Value,24x28,21,2.3747
37,MDP_Value,24x28,22,2.4074
37,MDP_Value,24x28,23,2.3638
37,MDP_Value,24x28,24,2.3443
37,MDP_Value,24x28,25,2.2727
37,MDP_Value,24x28,26,2.2137
37,MDP_Value,24x28,27,2.1333
37,MDP_Value,24x28,28,2.0978
37,MDP_Value,24x28,29,2.0515
37,MDP_Value,24x28,30,2.0821
37,MDP_Value,24x28,31,2.0418
37,MDP_Value,24x28,32,2.0347
37,MDP_Value,24x28,33,1.9660
37,MDP_Value,24x28,34,1.9782
37,MDP_Value,24x28,35,1.9254
37,MDP_Value,24x28,36,1.8863
37,MDP_Value,24x28,37,1.8129
37,MDP_Value,24x28,38,1.7877
37,MDP_Value,24x28,39,1.7239
37,MDP_Value,24x28,40,1.6855
37,MDP_Value,24x28,41,1.6418
37,MDP_Value,24x28,42,1.6254
37,MDP_Value,24x28,43,1.5658
37,MDP_Value,24x28,44,1.5374
37,MDP_Value,24x28,45,1.4899
37,MDP_Value,24x28,46,1.4655
37,MDP_Value,24x28,47,1.4106
37,MDP_Value,24x28,48,1.3652
37,MDP_Value,24x28,49,1.3135
37,MDP_Value,24x28,50,1.2671
37,MDP_Value,24x28,51,1.2224
37,MDP_Value,24x28,52,1.1959
37,MDP_Value,24x28,53,1.1469
37,MDP_Value,24x28,54,1.1087
37,MDP_Value,24x28,55,1.0601
37,MDP_Value,24x28,56,1.0302
37,MDP_Value,24x28,57,0.9823
37,MDP_Value,24x28,58,0.9516
37,MDP_Value,24x28,59,0.9123
37,MDP_Value,24x28,60,0.8905
37,MDP_Value,24x28,61,0.8602
37,MDP_Value,24x28,62,0.8369
37,MDP_Value,24x28,63,0.8021
37,MDP_Value,24x28,64,0.7894
37,MDP_Value,24x28,65,0.7656
37,MDP_Value,24x28,66,0.7577
37,MDP_Value,24x28,67,0.7326
37,MDP_Value,24x28,68,0.7157
37,MDP_Value,24x28,69,0.6886
37,MDP_Value,24x28,70,0.6693
37,MDP_Value,24x28,71,0.6396
37,MDP_Value,24x28,72,0.6201
37,MDP_Value,24x28,73,0.5975
37,MDP_Value,24x28,74,0.5815
37,MDP_Value,24x28,75,0.5601
37,MDP_Value,24x28,76,0.5469
37,MDP_Value,24x28,77,0.5257
37,MDP_Value,24x28,78,0.5158
37,MDP_Value,24x28,79,0.5050
37,MDP_Value,24x28,80,0.4930
37,MDP_Value,24x28,81,0.4744
37,MDP_Value,24x28,82,0.4587
37,MDP_Value,24x28,83,0.4420
37,MDP_Value,24x28,84,0.4294
37,MDP_Value,24x28,85,0.4186
37,MDP_Value,24x28,86,0.4111
37,MDP_Value,24x28,87,0.3991
37,MDP_Value,24x28,88,0.3926
37,MDP_Value,24x28,89,0.3842
37,MDP_Value,24x28,90,0.3829
37,MDP_Value,24x28,91,0.3762
37,MDP_Value,24x28,92,0.3698
37,MDP_Value,24x28,93,0.3607
37,MDP_Value,24x28,94,0.3503
37,MDP_Value,24x28,95,0.3379
37,MDP_Value,24x28,96,0.3263
37,MDP_Value,24x28,97,0.3159
37,MDP_Value,24x28,98,0.3049
37,MDP_Value,24x28,99,0.2947
37,MDP_Value,24x28,100,0.2851
37,MDP_Value,24x28,101,0.2770
37,MDP_Value,24x28,102,0.2691
37,MDP_Value,24x28,103,0.2604
37,MDP_Value,24x28,104,0.2511
37,MDP_Value,24x28,105,0.2429
37,MDP_Value,24x28,106,0.2334
37,MDP_Value,24x28,107,0.2257
37,MDP_Value,24x28,108,0.2180
37,MDP_Value,24x28,109,0.2116
37,MDP_Value,24x28,110,0.2045
37,MDP_Value,24x28,111,0.1980
37,MDP_Value,24x28,112,0.1904
37,MDP_Value,24x28,113,0.1832
37,MDP_Value,24x28,114,0.1750
37,MDP_Value,24x28,115,0.1673
37,MDP_Value,24x28,116,0.1595
37,MDP_Value,24x28,117,0.1525
37,MDP_Value,24x28,118,0.1454
37,MDP_Value,24x28,119,0.1390
37,MDP_Value,24x28,120,0.1325
37,MDP_Value,24x28,121,0.1267
37,MDP_Value,24x28,122,0.1211
37,MDP_Value,24x28,123,0.1156
37,MDP_Value,24x28,124,0.1104
37,MDP_Value,24x28,125,0.1052
37,MDP_Value,24x28,126,0.1003
37,MDP_Value,24x28,127,0.0956
37,MDP_Value,24x28,128,0.0912
37,MDP_Value,24x28,129,0.0869
37,MDP_Value,24x28,130,0.0828
37,MDP_Value,24x28,131,0.0790
37,MDP_Value,24x28,132,0.0753
37,MDP_Value,24x28,133,0.0718
37,MDP_Value,24x28,134,0.0684
37,MDP_Value,24x28,135,0.0652
37,MDP_Value,24x28,136,0.0622
37,MDP_Value,24x28,137,0.0593
37,MDP_Value,24x28,138,0.0565
37,MDP_Value,24x28,139,0.0539
37,MDP_Value,24x28,140,0.0514
37,MDP_Value,24x28,141,0.0490
37,MDP_Value,24x28,142,0.0467
37,MDP_Value,24x28,143,0.0445
37,MDP_Value,24x28,144,0.0424
37,MDP_Value,24x28,145,0.0405
37,MDP_Value,24x28,146,0.0386
37,MDP_Value,24x28,147,0.0368
37,MDP_Value,24x28,148,0.0350
37,MDP_Value,24x28,149,0.0334
37,MDP_Value,24x28,150,0.0319
37,MDP_Value,24x28,151,0.0304
37,MDP_Value,24x28,152,0.0289
37,MDP_Value,24x28,153,0.0276
37,MDP_Value,24x28,154,0.0263
37,MDP_Value,24x28,155,0.0251
37,MDP_Value,24x28,156,0.0239
37,MDP_Value,24x28,157,0.0228
37,MDP_Value,24x28,158,0.0217
37,MDP_Value,24x28,159,0.0207
37,MDP_Value,24x28,160,0.0198
37,MDP_Value,24x28,161,0.0188
37,MDP_Value,24x28,162,0.0180
37,MDP_Value,24x28,163,0.0171
37,MDP_Value,24x28,164,0.0163
37,MDP_Value,24x28,165,0.0156
37,MDP_Value,24x28,166,0.0148
37,MDP_Value,24x28,167,0.0141
37,MDP_Value,24x28,168,0.0135
37,MDP_Value,24x28,169,0.0128
37,MDP_Value,24x28,170,0.0122
37,MDP_Value,24x28,171,0.0117
37,MDP_Value,24x28,172,0.0111
37,MDP_Value,24x28,173,0.0106
37,MDP_Value,24x28,174,0.0101
37,MDP_Value,24x28,175,0.0096
37,MDP_Value,24x28,176,0.0092
37,MDP_Value,24x28,177,0.0088
37,MDP_Value,24x28,178,0.0084
37,MDP_Value,24x28,179,0.0080
37,MDP_Value,24x28,180,0.0076
37,MDP_Value,24x28,181,0.0072
37,MDP_Value,24x28,182,0.0069
37,MDP_Value,24x28,183,0.0066
37,MDP_Value,24x28,184,0.0063
37,MDP_Value,24x28,185,0.0060
37,MDP_Value,24x28,186,0.0057
37,MDP_Value,24x28,187,0.0054
37,MDP_Value,24x28,188,0.0052
37,MDP_Value,24x28,189,0.0049
37,MDP_Value,24x28,190,0.0047
37,MDP_Value,24x28,191,0.0045
37,MDP_Value,24x28,192,0.0043
37,MDP_Value,24x28,193,0.0041
37,MDP_Value,24x28,194,0.0039
37,MDP_Value,24x28,195,0.0037
37,MDP_Value,24x28,196,0.0035
37,MDP_Value,24x28,197,0.0034
37,MDP_Value,24x28,198,0.0032
37,MDP_Value,24x28,199,0.0031
37,MDP_Value,24x28,200,0.0029
37,MDP_Value,24x28,201,0.0028
37,MDP_Value,24x28,202,0.0027
37,MDP_Value,24x28,203,0.0025
37,MDP_Value,24x28,204,0.0024
37,MDP_Value,24x28,205,0.0023
37,MDP_Value,24x28,206,0.0022
37,MDP_Value,24x28,207,0.0021
37,MDP_Value,24x28,208,0.0020
37,MDP_Value,24x28,209,0.0019
37,MDP_Value,24x28,210,0.0018
37,MDP_Value,24x28,211,0.0017
37,MDP_Value,24x28,212,0.0016
37,MDP_Value,24x28,213,0.0016
37,MDP_Value,24x28,214,0.0015
37,MDP_Value,24x28,215,0.0014
37,MDP_Value,24x28,216,0.0014
37,MDP_Value,24x28,217,0.0013
37,MDP_Value,24x28,218,0.0012
37,MDP_Value,24x28,219,0.0012
37,MDP_Value,24x28,220,0.0011
37,MDP_Value,24x28,221,0.0011
37,MDP_Value,24x28,222,0.0010
37,MDP_Value,24x28,223,0.0010
37,MDP_Value,24x28,224,0.0009
37,MDP_Value,24x28,225,0.0009
37,MDP_Value,24x28,226,0.0008
37,MDP_Value,24x28,227,0.0008
37,MDP_Value,24x28,228,0.0008
37,MDP_Value,24x28,229,0.0007
37,MDP_Value,24x28,230,0.0007
37,MDP_Value,24x28,231,0.0007
37,MDP_Value,24x28,232,0.0006
37,MDP_Value,24x28,233,0.0006
37,MDP_Value,24x28,234,0.0006
37,MDP_Value,24x28,235,0.0005
37,MDP_Value,24x28,236,0.0005
37,MDP_Value,24x28,237,0.0005
37,MDP_Value,24x28,238,0.0005
37,MDP_Value,24x28,239,0.0005
37,MDP_Value,24x28,240,0.0004
37,MDP_Value,24x28,241,0.0004
37,MDP_Value,24x28,242,0.0004
37,MDP_Value,24x28,243,0.0004
37,MDP_Value,24x28,244,0.0004
37,MDP_Value,24x28,245,0.0003
37,MDP_Value,24x28,246,0.0003
37,MDP_Value,24x28,247,0.0003
37,MDP_Value,24x28,248,0.0003
37,MDP_Value,24x28,249,0.0003
37,MDP_Value,24x28,250,0.0003
37,MDP_Value,24x28,251,0.0003
37,MDP_Value,24x28,252,0.0002
37,MDP_Value,24x28,253,0.0002
37,MDP_Value,24x28,254,0.0002
37,MDP_Value,24x28,255,0.0002
37,MDP_Value,24x28,256,0.0002
37,MDP_Value,24x28,257,0.0002
37,MDP_Value,24x28,258,0.0002
37,MDP_Value,24x28,259,0.0002
37,MDP_Value,24x28,260,0.0002
37,MDP_Value,24x28,261,0.0002
37,MDP_Value,24x28,262,0.0002
37,MDP_Value,24x28,263,0.0001
37,MDP_Value,24x28,264,0.0001
37,MDP_Value,24x28,265,0.0001
37,MDP_Value,24x28,266,0.0001
37,MDP_Value,24x28,267,0.0001
37,MDP_Value,24x28,268,0.0001
37,MDP_Value,24x28,269,0.0001
37,MDP_Value,24x28,270,0.0001
37,MDP_Value,24x28,271,0.0001
37,MDP_Value,24x28,272,0.0001
37,MDP_Value,24x28,273,0.0001
37,MDP_Value,24x28,274,0.0001
37,MDP_Value,24x28,275,0.0001
37,MDP_Value,24x28,276,0.0001
37,MDP_Value,24x28,277,0.0001
37,MDP_Value,24x28,278,0.0001
37,MDP_Value,24x28,279,0.0001
37,MDP_Value,24x28,280,0.0001
37,MDP_Value,24x28,281,0.0001
37,MDP_Value,24x28,282,0.0001
37,MDP_Value,24x28,283,0.0001
37,MDP_Value,24x28,284,0.0001
37,MDP_Value,24x28,285,0.0001
37,MDP_Value,24x28,286,0.0000
37,MDP_Value,24x28,287,0.0000
37,MDP_Value,24x28,288,0.0000
37,MDP_Value,24x28,289,0.0000
37,MDP_Value,24x28,290,0.0000
37,MDP_Value,24x28,291,0.0000
37,MDP_Value,24x28,292,0.0000
37,MDP_Value,24x28,293,0.0000
37,MDP_Value,24x28,294,0.0000
37,MDP_Value,24x28,295,0.0000
37,MDP_Value,24x28,296,0.0000
37,MDP_Value,24x28,297,0.0000
37,MDP_Value,24x28,298,0.0000
37,MDP_Value,24x28,299,0.0000
37,MDP_Value,24x28,300,0.0000
37,MDP_Value,24x28,301,0.0000
37,MDP_Value,24x28,302,0.0000
37,MDP_Value,24x28,303,0.0000
37,MDP_Value,24x28,304,0.0000
37,MDP_Value,24x28,305,0.0000
37,MDP_Value,24x28,306,0.0000
37,MDP_Value,24x28,307,0.0000
37,MDP_Value,24x28,308,0.0000
37,MDP_Value,24x28,309,0.0000
37,MDP_Value,24x28,310,0.0000
37,MDP_Value,24x28,311,0.0000
37,MDP_Value,24x28,312,0.0000
37,MDP_Value,24x28,313,0.0000
37,MDP_Value,24x28,314,0.0000
37,MDP_Value,24x28,315,0.0000
37,MDP_Value,24x28,316,0.0000
37,MDP_Value,24x28,317,0.0000
37,MDP_Value,24x28,318,0.0000
37,MDP_Value,24x28,319,0.0000
37,MDP_Value,24x28,320,0.0000
37,MDP_Value,24x28,321,0.0000
37,MDP_Value,24x28,322,0.0000
37,MDP_Value,24x28,323,0.0000
37,MDP_Value,24x28,324,0.0000
37,MDP_Value,24x28,325,0.0000
37,MDP_Value,24x28,326,0.0000
37,MDP_Value,24x28,327,0.0000
37,MDP_Value,24x28,328,0.0000
37,MDP_Value,24x28,329,0.0000
37,MDP_Value,24x28,330,0.0000
37,MDP_Value,24x28,331,0.0000
37,MDP_Value,24x28,332,0.0000
37,MDP_Value,24x28,333,0.0000
37,MDP_Value,24x28,334,0.0000
37,MDP_Value,24x28,335,0.0000
37,MDP_Value,24x28,336,0.0000
37,MDP_Value,24x28,337,0.0000
37,MDP_Value,24x28,338,0.0000
37,MDP_Value,24x28,339,0.0000
37,MDP_Value,24x28,340,0.0000
37,MDP_Value,24x28,341,0.0000
37,MDP_Value,24x28,342,0.0000
37,MDP_Value,24x28,343,0.0000
37,MDP_Value,24x28,344,0.0000
37,MDP_Value,24x28,345,0.0000
37,MDP_Value,24x28,346,0.0000
37,MDP_Value,24x28,347,0.0000
37,MDP_Value,24x28,348,0.0000
37,MDP_Value,24x28,349,0.0000
37,MDP_Value,24x28,350,0.0000
37,MDP_Value,24x28,351,0.0000
37,MDP_Value,24x28,352,0.0000
37,MDP_Value,24x28,353,0.0000
37,MDP_Value,24x28,354,0.0000
37,MDP_Value,24x28,355,0.0000
37,MDP_Value,24x28,356,0.0000
37,MDP_Value,24x28,357,0.0000
37,MDP_Value,24x28,358,0.0000
37,MDP_Value,24x28,359,0.0000
37,MDP_Value,24x28,360,0.0000
37,MDP_Value,24x28,361,0.0000
37,MDP_Value,24x28,362,0.0000
37,MDP_Value,24x28,363,0.0000
37,MDP_Value,24x28,364,0.0000
37,MDP_Value,24x28,365,0.0000
37,MDP_Value,24x28,366,0.0000
37,MDP_Value,24x28,367,0.0000
37,MDP_Value,24x28,368,0.0000
37,MDP_Value,24x28,369,0.0000
37,MDP_Value,24x28,370,0.0000
37,MDP_Value,24x28,371,0.0000
37,MDP_Value,24x28,372,0.0000
37,MDP_Value,24x28,373,0.0000
37,MDP_Value,24x28,374,0.0000
37,MDP_Value,24x28,375,0.0000
37,MDP_Value,24x28,376,0.0000
37,MDP_Value,24x28,377,0.0000
37,MDP_Value,24x28,378,0.0000
37,MDP_Value,24x28,379,0.0000
37,MDP_Value,24x28,380,0.0000
37,MDP_Value,24x28,381,0.0000
37,MDP_Value,24x28,382,0.0000
37,MDP_Value,24x28,383,0.0000
37,MDP_Value,24x28,384,0.0000
37,MDP_Value,24x28,385,0.0000
37,MDP_Value,24x28,386,0.0000
37,MDP_Value,24x28,387,0.0000
37,MDP_Value,24x28,388,0.0000
37,MDP_Value,24x28,389,0.0000
37,MDP_Value,24x28,390,0.0000
37,MDP_Value,24x28,391,0.0000
37,MDP_Value,24x28,392,0.0000
37,MDP_Value,24x28,393,0.0000
37,MDP_Value,24x28,394,0.0000
37,MDP_Value,24x28,395,0.0000
37,MDP_Value,24x28,396,0.0000
37,MDP_Value,24x28,397,0.0000
37,MDP_Value,24x28,398,0.0000
37,MDP_Value,24x28,399,0.0000
37,MDP_Value,24x28,400,0.0000
37,MDP_Value,24x28,401,0.0000
37,MDP_Value,24x28,402,0.0000
37,MDP_Value,24x28,403,0.0000
37,MDP_Value,24x28,404,0.0000
37,MDP_Value,24x28,405,0.0000
37,MDP_Value,24x28,406,0.0000
37,MDP_Value,24x28,407,0.0000
37,MDP_Value,24x28,408,0.0000
37,MDP_Value,24x28,409,0.0000
37,MDP_Value,24x28,410,0.0000
37,MDP_Value,24x28,411,0.0000
37,MDP_Value,24x28,412,0.0000
37,MDP_Value,24x28,413,0.0000
37,MDP_Value,24x28,414,0.0000
37,MDP_Value,24x28,415,0.0000
37,MDP_Value,24x28,416,0.0000
37,MDP_Value,24x28,417,0.0000
37,MDP_Value,24x28,418,0.0000
37,MDP_Value,24x28,419,0.0000
37,MDP_Value,24x28,420,0.0000
37,MDP_Value,24x28,421,0.0000
37,MDP_Value,24x28,422,0.0000
37,MDP_Value,24x28,423,0.0000
37,MDP_Value,24x28,424,0.0000
37,MDP_Value,24x28,425,0.0000
37,MDP_Value,24x28,426,0.0000
37,MDP_Value,24x28,427,0.0000
37,MDP_Value,24x28,428,0.0000
37,MDP_Value,24x28,429,0.0000
37,MDP_Value,24x28,430,0.0000
37,MDP_Value,24x28,431,0.0000
37,MDP_Value,24x28,432,0.0000
37,MDP_Value,24x28,433,0.0000
37,MDP_Value,24x28,434,0.0000
37,MDP_Value,24x28,435,0.0000
37,MDP_Value,24x28,436,0.0000
37,MDP_Value,24x28,437,0.0000
37,MDP_Value,24x28,438,0.0000
37,MDP_Value,24x28,439,0.0000
37,MDP_Value,24x28,440,0.0000
37,MDP_Value,24x28,441,0.0000
37,MDP_Value,24x28,442,0.0000
37,MDP_Value,24x28,443,0.0000
37,MDP_Value,24x28,444,0.0000
37,MDP_Value,24x28,445,0.0000
37,MDP_Value,24x28,446,0.0000
37,MDP_Value,24x28,447,0.0000
37,MDP_Value,24x28,448,0.0000
37,MDP_Value,24x28,449,0.0000
37,MDP_Value,24x28,450,0.0000
37,MDP_Value,24x28,451,0.0000
37,MDP_Value,24x28,452,0.0000
37,MDP_Value,24x28,453,0.0000
37,MDP_Value,24x28,454,0.0000
37,MDP_Value,24x28,455,0.0000
37,MDP_Value,24x28,456,0.0000
37,MDP_Value,24x28,457,0.0000
37,MDP_Value,24x28,458,0.0000
37,MDP_Value,24x28,459,0.0000
37,MDP_Value,24x28,460,0.0000
37,MDP_Value,24x28,461,0.0000
37,MDP_Value,24x28,462,0.0000
37,MDP_Value,24x28,463,0.0000
37,MDP_Value,24x28,464,0.0000
37,MDP_Value,24x28,465,0.0000
37,MDP_Value,24x28,466,0.0000
37,MDP_Value,24x28,467,0.0000
37,MDP_Value,24x28,468,0.0000
37,MDP_Value,24x28,469,0.0000
37,MDP_Value,24x28,470,0.0000
37,MDP_Value,24x28,471,0.0000
37,MDP_Value,24x28,472,0.0000
37,MDP_Value,24x28,473,0.0000
37,MDP_Value,24x28,474,0.0000
37,MDP_Value,24x28,475,0.0000
37,MDP_Value,24x28,476,0.0000
37,MDP_Value,24x28,477,0.0000
37,MDP_Value,24x28,478,0.0000
37,MDP_Value,24x28,479,0.0000
37,MDP_Value,24x28,480,0.0000
37,MDP_Value,24x28,481,0.0000
37,MDP_Value,24x28,482,0.0000
37,MDP_Value,24x28,483,0.0000
37,MDP_Value,24x28,484,0.0000
37,MDP_Value,24x28,485,0.0000
37,MDP_Value,24x28,486,0.0000
37,MDP_Value,24x28,487,0.0000
37,MDP_Value,24x28,488,0.0000
37,MDP_Value,24x28,489,0.0000
37,MDP_Value,24x28,490,0.0000
37,MDP_Value,24x28,491,0.0000
37,MDP_Value,24x28,492,0.0000
37,MDP_Value,24x28,493,0.0000
37,MDP_Value,24x28,494,0.0000
37,MDP_Value,24x28,495,0.0000
37,MDP_Value,24x28,496,0.0000
37,MDP_Value,24x28,497,0.0000
37,MDP_Value,24x28,498,0.0000
37,MDP_Value,24x28,499,0.0000
4,MDP_Value,24x29,0,1.1380
4,MDP_Value,24x29,1,1.2676
4,MDP_Value,24x29,2,1.5035
4,MDP_Value,24x29,3,1.6533
4,MDP_Value,24x29,4,1.9374
4,MDP_Value,24x29,5,2.1021
4,MDP_Value,24x29,6,2.2192
4,MDP_Value,24x29,7,2.3631
4,MDP_Value,24x29,8,2.5629
4,MDP_Value,24x29,9,2.7196
4,MDP_Value,24x29,10,2.9579
4,MDP_Value,24x29,11,3.1834
4,MDP_Value,24x29,12,3.4231
4,MDP_Value,24x29,13,3.6201
4,MDP_Value,24x29,14,3.8311
4,MDP_Value,24x29,15,4.1100
4,MDP_Value,24x29,16,4.1882
4,MDP_Value,24x29,17,4.3586
4,MDP_Value,24x29,18,4.3704
4,MDP_Value,24x29,19,4.4962
4,MDP_Value,24x29,20,4.4977
4,MDP_Value,24x29,21,4.4696
4,MDP_Value,24x29,22,4.3964
4,MDP_Value,24x29,23,4.4096
4,MDP_Value,24x29,24,4.3574
4,MDP_Value,24x29,25,4.2824
4,MDP_Value,24x29,26,4.1888
4,MDP_Value,24x29,27,4.1162
4,MDP_Value,24x29,28,4.0639
4,MDP_Value,24x29,29,4.0116
4,MDP_Value,24x29,30,3.9591
4,MDP_Value,24x29,31,3.9417
4,MDP_Value,24x29,32,3.9057
4,MDP_Value,24x29,33,3.8851
4,MDP_Value,24x29,34,3.8470
4,MDP_Value,24x29,35,3.8864
4,MDP_Value,24x29,36,3.9682
4,MDP_Value,24x29,37,4.0131
4,MDP_Value,24x29,38,4.0668
4,MDP_Value,24x29,39,4.1576
4,MDP_Value,24x29,40,4.2822
4,MDP_Value,24x29,41,4.4378
4,MDP_Value,24x29,42,4.4652
4,MDP_Value,24x29,43,4.4989
4,MDP_Value,24x29,44,4.5163
4,MDP_Value,24x29,45,4.5769
4,MDP_Value,24x29,46,4.5737
4,MDP_Value,24x29,47,4.6116
4,MDP_Value,24x29,48,4.6454
4,MDP_Value,24x29,49,4.8028
4,MDP_Value,24x29,50,4.9192
4,MDP_Value,24x29,51,5.0551
4,MDP_Value,24x29,52,5.1615
4,MDP_Value,24x29,53,5.2675
4,MDP_Value,24x29,54,5.3271
4,MDP_Value,24x29,55,5.4980
4,MDP_Value,24x29,56,5.5868
4,MDP_Value,24x29,57,5.6996
4,MDP_Value,24x29,58,5.8208
4,MDP_Value,24x29,59,5.8981
4,MDP_Value,24x29,60,5.8949
4,MDP_Value,24x29,61,5.8868
4,MDP_Value,24x29,62,5.8299
4,MDP_Value,24x29,63,5.8005
4,MDP_Value,24x29,64,5.7262
4,MDP_Value,24x29,65,5.6858
4,MDP_Value,24x29,66,5.6240
4,MDP_Value,24x29,67,5.5209
4,MDP_Value,24x29,68,5.4514
4,MDP_Value,24x29,69,5.3634
4,MDP_Value,24x29,70,5.3184
4,MDP_Value,24x29,71,5.2550
4,MDP_Value,24x29,72,5.1790
4,MDP_Value,24x29,73,5.1317
4,MDP_Value,24x29,74,5.0835
4,MDP_Value,24x29,75,5.0713
4,MDP_Value,24x29,76,5.0257
4,MDP_Value,24x29,77,4.9630
4,MDP_Value,24x29,78,4.8658
4,MDP_Value,24x29,79,4.7793
4,MDP_Value,24x29,80,4.6897
4,MDP_Value,24x29,81,4.6193
4,MDP_Value,24x29,82,4.5453
4,MDP_Value,24x29,83,4.4545
4,MDP_Value,24x29,84,4.3360
4,MDP_Value,24x29,85,4.2325
4,MDP_Value,24x29,86,4.1198
4,MDP_Value,24x29,87,4.0214
4,MDP_Value,24x29,88,3.9219
4,MDP_Value,24x29,89,3.8319
4,MDP_Value,24x29,90,3.7442
4,MDP_Value,24x29,91,3.6548
4,MDP_Value,24x29,92,3.5676
4,MDP_Value,24x29,93,3.4824
4,MDP_Value,24x29,94,3.3928
4,MDP_Value,24x29,95,3.3085
4,MDP_Value,24x29,96,3.2295
4,MDP_Value,24x29,97,3.1523
4,MDP_Value,24x29,98,3.0769
4,MDP_Value,24x29,99,2.9977
4,MDP_Value,24x29,100,2.9178
4,MDP_Value,24x29,101,2.8399
4,MDP_Value,24x29,102,2.7642
4,MDP_Value,24x29,103,2.6905
4,MDP_Value,24x29,104,2.6188
4,MDP_Value,24x29,105,2.5489
4,MDP_Value,24x29,106,2.4809
4,MDP_Value,24x29,107,2.4148
4,MDP_Value,24x29,108,2.3504
4,MDP_Value,24x29,109,2.2877
4,MDP_Value,24x29,110,2.2267
4,MDP_Value,24x29,111,2.1673
4,MDP_Value,24x29,112,2.1095
4,MDP_Value,24x29,113,2.0533
4,MDP_Value,24x29,114,1.9985
4,MDP_Value,24x29,115,1.9452
4,MDP_Value,24x29,116,1.8934
4,MDP_Value,24x29,117,1.8429
4,MDP_Value,24x29,118,1.7937
4,MDP_Value,24x29,119,1.7459
4,MDP_Value,24x29,120,1.6993
4,MDP_Value,24x29,121,1.6540
4,MDP_Value,24x29,122,1.6099
4,MDP_Value,24x29,123,1.5670
4,MDP_Value,24x29,124,1.5252
4,MDP_Value,24x29,125,1.4845
4,MDP_Value,24x29,126,1.4449
4,MDP_Value,24x29,127,1.4064
4,MDP_Value,24x29,128,1.3689
4,MDP_Value,24x29,129,1.3324
4,MDP_Value,24x29,130,1.2969
4,MDP_Value,24x29,131,1.2623
4,MDP_Value,24x29,132,1.2286
4,MDP_Value,24x29,133,1.1959
4,MDP_Value,24x29,134,1.1640
4,MDP_Value,24x29,135,1.1329
4,MDP_Value,24x29,136,1.1027
4,MDP_Value,24x29,137,1.0733
4,MDP_Value,24x29,138,1.0447
4,MDP_Value,24x29,139,1.0168
4,MDP_Value,24x29,140,0.9897
4,MDP_Value,24x29,141,0.9633
4,MDP_Value,24x29,142,0.9376
4,MDP_Value,24x29,143,0.9126
4,MDP_Value,24x29,144,0.8883
4,MDP_Value,24x29,145,0.8646
4,MDP_Value,24x29,146,0.8416
4,MDP_Value,24x29,147,0.8191
4,MDP_Value,24x29,148,0.7973
4,MDP_Value,24x29,149,0.7760
4,MDP_Value,24x29,150,0.7553
4,MDP_Value,24x29,151,0.7352
4,MDP_Value,24x29,152,0.7156
4,MDP_Value,24x29,153,0.6965
4,MDP_Value,24x29,154,0.6779
4,MDP_Value,24x29,155,0.6598
4,MDP_Value,24x29,156,0.6422
4,MDP_Value,24x29,157,0.6251
4,MDP_Value,24x29,158,0.6084
4,MDP_Value,24x29,159,0.5922
4,MDP_Value,24x29,160,0.5764
4,MDP_Value,24x29,161,0.5611
4,MDP_Value,24x29,162,0.5461
4,MDP_Value,24x29,163,0.5315
4,MDP_Value,24x29,164,0.5174
4,MDP_Value,24x29,165,0.5036
4,MDP_Value,24x29,166,0.4901
4,MDP_Value,24x29,167,0.4771
4,MDP_Value,24x29,168,0.4643
4,MDP_Value,24x29,169,0.4520
4,MDP_Value,24x29,170,0.4399
4,MDP_Value,24x29,171,0.4282
4,MDP_Value,24x29,172,0.4168
4,MDP_Value,24x29,173,0.4056
4,MDP_Value,24x29,174,0.3948
4,MDP_Value,24x29,175,0.3843
4,MDP_Value,24x29,176,0.3740
4,MDP_Value,24x29,177,0.3641
4,MDP_Value,24x29,178,0.3544
4,MDP_Value,24x29,179,0.3449
4,MDP_Value,24x29,180,0.3357
4,MDP_Value,24x29,181,0.3268
4,MDP_Value,24x29,182,0.3181
4,MDP_Value,24x29,183,0.3096
4,MDP_Value,24x29,184,0.3013
4,MDP_Value,24x29,185,0.2933
4,MDP_Value,24x29,186,0.2855
4,MDP_Value,24x29,187,0.2778
4,MDP_Value,24x29,188,0.2704
4,MDP_Value,24x29,189,0.2632
4,MDP_Value,24x29,190,0.2562
4,MDP_Value,24x29,191,0.2494
4,MDP_Value,24x29,192,0.2427
4,MDP_Value,24x29,193,0.2363
4,MDP_Value,24x29,194,0.2300
4,MDP_Value,24x29,195,0.2238
4,MDP_Value,24x29,196,0.2179
4,MDP_Value,24x29,197,0.2120
4,MDP_Value,24x29,198,0.2064
4,MDP_Value,24x29,199,0.2009
4,MDP_Value,24x29,200,0.1955
4,MDP_Value,24x29,201,0.1903
4,MDP_Value,24x29,202,0.1852
4,MDP_Value,24x29,203,0.1803
4,MDP_Value,24x29,204,0.1755
4,MDP_Value,24x29,205,0.1708
4,MDP_Value,24x29,206,0.1663
4,MDP_Value,24x29,207,0.1618
4,MDP_Value,24x29,208,0.1575
4,MDP_Value,24x29,209,0.1533
4,MDP_Value,24x29,210,0.1492
4,MDP_Value,24x29,211,0.1452
4,MDP_Value,24x29,212,0.1414
4,MDP_Value,24x29,213,0.1376
4,MDP_Value,24x29,214,0.1339
4,MDP_Value,24x29,215,0.1304
4,MDP_Value,24x29,216,0.1269
4,MDP_Value,24x29,217,0.1235
4,MDP_Value,24x29,218,0.1202
4,MDP_Value,24x29,219,0.1170
4,MDP_Value,24x29,220,0.1139
4,MDP_Value,24x29,221,0.1108
4,MDP_Value,24x29,222,0.1079
4,MDP_Value,24x29,223,0.1050
4,MDP_Value,24x29,224,0.1022
4,MDP_Value,24x29,225,0.0995
4,MDP_Value,24x29,226,0.0968
4,MDP_Value,24x29,227,0.0942
4,MDP_Value,24x29,228,0.0917
4,MDP_Value,24x29,229,0.0893
4,MDP_Value,24x29,230,0.0869
4,MDP_Value,24x29,231,0.0846
4,MDP_Value,24x29,232,0.0823
4,MDP_Value,24x29,233,0.0801
4,MDP_Value,24x29,234,0.0780
4,MDP_Value,24x29,235,0.0759
4,MDP_Value,24x29,236,0.0739
4,MDP_Value,24x29,237,0.0719
4,MDP_Value,24x29,238,0.0700
4,MDP_Value,24x29,239,0.0681
4,MDP_Value,24x29,240,0.0663
4,MDP_Value,24x29,241,0.0646
4,MDP_Value,24x29,242,0.0628
4,MDP_Value,24x29,243,0.0612
4,MDP_Value,24x29,244,0.0595
4,MDP_Value,24x29,245,0.0579
4,MDP_Value,24x29,246,0.0564
4,MDP_Value,24x29,247,0.0549
4,MDP_Value,24x29,248,0.0534
4,MDP_Value,24x29,249,0.0520
4,MDP_Value,24x29,250,0.0506
4,MDP_Value,24x29,251,0.0493
4,MDP_Value,24x29,252,0.0480
4,MDP_Value,24x29,253,0.0467
4,MDP_Value,24x29,254,0.0454
4,MDP_Value,24x29,255,0.0442
4,MDP_Value,24x29,256,0.0430
4,MDP_Value,24x29,257,0.0419
4,MDP_Value,24x29,258,0.0408
4,MDP_Value,24x29,259,0.0397
4,MDP_Value,24x29,260,0.0386
4,MDP_Value,24x29,261,0.0376
4,MDP_Value,24x29,262,0.0366
4,MDP_Value,24x29,263,0.0356
4,MDP_Value,24x29,264,0.0347
4,MDP_Value,24x29,265,0.0337
4,MDP_Value,24x29,266,0.0328
4,MDP_Value,24x29,267,0.0320
4,MDP_Value,24x29,268,0.0311
4,MDP_Value,24x29,269,0.0303
4,MDP_Value,24x29,270,0.0295
4,MDP_Value,24x29,271,0.0287
4,MDP_Value,24x29,272,0.0279
4,MDP_Value,24x29,273,0.0272
4,MDP_Value,24x29,274,0.0265
4,MDP_Value,24x29,275,0.0258
4,MDP_Value,24x29,276,0.0251
4,MDP_Value,24x29,277,0.0244
4,MDP_Value,24x29,278,0.0237
4,MDP_Value,24x29,279,0.0231
4,MDP_Value,24x29,280,0.0225
4,MDP_Value,24x29,281,0.0219
4,MDP_Value,24x29,282,0.0213
4,MDP_Value,24x29,283,0.0207
4,MDP_Value,24x29,284,0.0202
4,MDP_Value,24x29,285,0.0197
4,MDP_Value,24x29,286,0.0191
4,MDP_Value,24x29,287,0.0186
4,MDP_Value,24x29,288,0.0181
4,MDP_Value,24x29,289,0.0176
4,MDP_Value,24x29,290,0.0172
4,MDP_Value,24x29,291,0.0167
4,MDP_Value,24x29,292,0.0163
4,MDP_Value,24x29,293,0.0158
4,MDP_Value,24x29,294,0.0154
4,MDP_Value,24x29,295,0.0150
4,MDP_Value,24x29,296,0.0146
4,MDP_Value,24x29,297,0.0142
4,MDP_Value,24x29,298,0.0138
4,MDP_Value,24x29,299,0.0135
4,MDP_Value,24x29,300,0.0131
4,MDP_Value,24x29,301,0.0128
4,MDP_Value,24x29,302,0.0124
4,MDP_Value,24x29,303,0.0121
4,MDP_Value,24x29,304,0.0118
4,MDP_Value,24x29,305,0.0114
4,MDP_Value,24x29,306,0.0111
4,MDP_Value,24x29,307,0.0108
4,MDP_Value,24x29,308,0.0106
4,MDP_Value,24x29,309,0.0103
4,MDP_Value,24x29,310,0.0100
4,MDP_Value,24x29,311,0.0097
4,MDP_Value,24x29,312,0.0095
4,MDP_Value,24x29,313,0.0092
4,MDP_Value,24x29,314,0.0090
4,MDP_Value,24x29,315,0.0087
4,MDP_Value,24x29,316,0.0085
4,MDP_Value,24x29,317,0.0083
4,MDP_Value,24x29,318,0.0081
4,MDP_Value,24x29,319,0.0078
4,MDP_Value,24x29,320,0.0076
4,MDP_Value,24x29,321,0.0074
5,MDP_Value,24x29,0,1.1272
5,MDP_Value,24x29,1,1.1419
5,MDP_Value,24x29,2,1.2278
5,MDP_Value,24x29,3,1.2297
5,MDP_Value,24x29,4,1.3074
5,MDP_Value,24x29,5,1.2930
5,MDP_Value,24x29,6,1.2419
5,MDP_Value,24x29,7,1.2037
5,MDP_Value,24x29,8,1.1878
5,MDP_Value,24x29,9,1.1480
5,MDP_Value,24x29,10,1.1359
5,MDP_Value,24x29,11,1.1133
5,MDP_Value,24x29,12,1.0898
5,MDP_Value,24x29,13,1.0498
5,MDP_Value,24x29,14,1.0114
5,MDP_Value,24x29,15,0.9879
5,MDP_Value,24x29,16,0.9177
5,MDP_Value,24x29,17,0.8691
5,MDP_Value,24x29,18,0.7945
5,MDP_Value,24x29,19,0.7438
5,MDP_Value,24x29,20,0.6783
5,MDP_Value,24x29,21,0.6138
5,MDP_Value,24x29,22,0.5502
5,MDP_Value,24x29,23,0.5024
5,MDP_Value,24x29,24,0.4524
5,MDP_Value,24x29,25,0.4050
5,MDP_Value,24x29,26,0.3609
5,MDP_Value,24x29,27,0.3230
5,MDP_Value,24x29,28,0.2905
5,MDP_Value,24x29,29,0.2612
5,MDP_Value,24x29,30,0.2348
5,MDP_Value,24x29,31,0.2129
5,MDP_Value,24x29,32,0.1922
5,MDP_Value,24x29,33,0.1742
5,MDP_Value,24x29,34,0.1571
5,MDP_Value,24x29,35,0.1445
5,MDP_Value,24x29,36,0.1344
5,MDP_Value,24x29,37,0.1238
5,MDP_Value,24x29,38,0.1143
5,MDP_Value,24x29,39,0.1064
5,MDP_Value,24x29,40,0.0998
5,MDP_Value,24x29,41,0.0942
5,MDP_Value,24x29,42,0.0864
5,MDP_Value,24x29,43,0.0793
5,MDP_Value,24x29,44,0.0725
5,MDP_Value,24x29,45,0.0669
5,MDP_Value,24x29,46,0.0609
5,MDP_Value,24x29,47,0.0559
5,MDP_Value,24x29,48,0.0513
5,MDP_Value,24x29,49,0.0483
5,MDP_Value,24x29,50,0.0451
5,MDP_Value,24x29,51,0.0422
5,MDP_Value,24x29,52,0.0393
5,MDP_Value,24x29,53,0.0365
5,MDP_Value,24x29,54,0.0336
5,MDP_Value,24x29,55,0.0316
5,MDP_Value,24x29,56,0.0293
5,MDP_Value,24x29,57,0.0272
5,MDP_Value,24x29,58,0.0253
5,MDP_Value,24x29,59,0.0234
5,MDP_Value,24x29,60,0.0213
5,MDP_Value,24x29,61,0.0193
5,MDP_Value,24x29,62,0.0175
5,MDP_Value,24x29,63,0.0158
5,MDP_Value,24x29,64,0.0142
5,MDP_Value,24x29,65,0.0129
5,MDP_Value,24x29,66,0.0116
5,MDP_Value,24x29,67,0.0104
5,MDP_Value,24x29,68,0.0093
5,MDP_Value,24x29,69,0.0084
5,MDP_Value,24x29,70,0.0075
5,MDP_Value,24x29,71,0.0068
5,MDP_Value,24x29,72,0.0061
6,MDP_Value,24x29,0,1.1330
6,MDP_Value,24x29,1,1.2093
6,MDP_Value,24x29,2,1.3723
6,MDP_Value,24x29,3,1.4469
6,MDP_Value,24x29,4,1.6229
6,MDP_Value,24x29,5,1.6889
6,MDP_Value,24x29,6,1.7087
6,MDP_Value,24x29,7,1.7441
6,MDP_Value,24x29,8,1.8129
6,MDP_Value,24x29,9,1.8445
6,MDP_Value,24x29,10,1.9225
6,MDP_Value,24x29,11,1.9837
6,MDP_Value,24x29,12,2.0448
6,MDP_Value,24x29,13,2.0735
6,MDP_Value,24x29,14,2.1036
6,MDP_Value,24x29,15,2.1635
6,MDP_Value,24x29,16,2.1146
6,MDP_Value,24x29,17,2.1093
6,MDP_Value,24x29,18,2.0289
6,MDP_Value,24x29,19,2.0005
6,MDP_Value,24x29,20,1.9196
6,MDP_Value,24x29,21,1.8289
6,MDP_Value,24x29,22,1.7252
6,MDP_Value,24x29,23,1.6589
6,MDP_Value,24x29,24,1.5722
6,MDP_Value,24x29,25,1.4815
6,MDP_Value,24x29,26,1.3897
6,MDP_Value,24x29,27,1.3093
6,MDP_Value,24x29,28,1.2396
6,MDP_Value,24x29,29,1.1733
6,MDP_Value,24x29,30,1.1103
6,MDP_Value,24x29,31,1.0599
6,MDP_Value,24x29,32,1.0071
6,MDP_Value,24x29,33,0.9606
6,MDP_Value,24x29,34,0.9121
6,MDP_Value,24x29,35,0.8834
6,MDP_Value,24x29,36,0.8649
6,MDP_Value,24x29,37,0.8387
6,MDP_Value,24x29,38,0.8150
6,MDP_Value,24x29,39,0.7988
6,MDP_Value,24x29,40,0.7889
6,MDP_Value,24x29,41,0.7839
6,MDP_Value,24x29,42,0.7565
6,MDP_Value,24x29,43,0.7307
6,MDP_Value,24x29,44,0.7035
6,MDP_Value,24x29,45,0.6835
6,MDP_Value,24x29,46,0.6551
6,MDP_Value,24x29,47,0.6332
6,MDP_Value,24x29,48,0.6117
6,MDP_Value,24x29,49,0.6063
6,MDP_Value,24x29,50,0.5955
6,MDP_Value,24x29,51,0.5868
6,MDP_Value,24x29,52,0.5745
6,MDP_Value,24x29,53,0.5622
6,MDP_Value,24x29,54,0.5452
6,MDP_Value,24x29,55,0.5395
6,MDP_Value,24x29,56,0.5257
6,MDP_Value,24x29,57,0.5142
6,MDP_Value,24x29,58,0.5036
6,MDP_Value,24x29,59,0.4893
6,MDP_Value,24x29,60,0.4690
6,MDP_Value,24x29,61,0.4491
6,MDP_Value,24x29,62,0.4265
6,MDP_Value,24x29,63,0.4069
6,MDP_Value,24x29,64,0.3852
6,MDP_Value,24x29,65,0.3667
6,MDP_Value,24x29,66,0.3479
6,MDP_Value,24x29,67,0.3274
6,MDP_Value,24x29,68,0.3100
6,MDP_Value,24x29,69,0.2925
6,MDP_Value,24x29,70,0.2781
6,MDP_Value,24x29,71,0.2635
6,MDP_Value,24x29,72,0.2490
6,MDP_Value,24x29,73,0.2366
6,MDP_Value,24x29,74,0.2247
6,MDP_Value,24x29,75,0.2150
6,MDP_Value,24x29,76,0.2043
6,MDP_Value,24x29,77,0.1935
6,MDP_Value,24x29,78,0.1819
6,MDP_Value,24x29,79,0.1713
6,MDP_Value,24x29,80,0.1612
6,MDP_Value,24x29,81,0.1522
6,MDP_Value,24x29,82,0.1436
6,MDP_Value,24x29,83,0.1350
6,MDP_Value,24x29,84,0.1260
6,MDP_Value,24x29,85,0.1179
6,MDP_Value,24x29,86,0.1101
6,MDP_Value,24x29,87,0.1030
6,MDP_Value,24x29,88,0.0964
6,MDP_Value,24x29,89,0.0903
6,MDP_Value,24x29,90,0.0846
6,MDP_Value,24x29,91,0.0792
6,MDP_Value,24x29,92,0.0741
6,MDP_Value,24x29,93,0.0694
6,MDP_Value,24x29,94,0.0648
6,MDP_Value,24x29,95,0.0606
6,MDP_Value,24x29,96,0.0567
6,MDP_Value,24x29,97,0.0531
6,MDP_Value,24x29,98,0.0497
6,MDP_Value,24x29,99,0.0464
6,MDP_Value,24x29,100,0.0433
6,MDP_Value,24x29,101,0.0404
6,MDP_Value,24x29,102,0.0377
6,MDP_Value,24x29,103,0.0352
6,MDP_Value,24x29,104,0.0329
6,MDP_Value,24x29,105,0.0307
6,MDP_Value,24x29,106,0.0286
6,MDP_Value,24x29,107,0.0267
6,MDP_Value,24x29,108,0.0249
6,MDP_Value,24x29,109,0.0233
6,MDP_Value,24x29,110,0.0217
6,MDP_Value,24x29,111,0.0203
6,MDP_Value,24x29,112,0.0189
6,MDP_Value,24x29,113,0.0177
6,MDP_Value,24x29,114,0.0165
6,MDP_Value,24x29,115,0.0154
6,MDP_Value,24x29,116,0.0144
6,MDP_Value,24x29,117,0.0134
6,MDP_Value,24x29,118,0.0125
6,MDP_Value,24x29,119,0.0117
6,MDP_Value,24x29,120,0.0109
6,MDP_Value,24x29,121,0.0102
6,MDP_Value,24x29,122,0.0095
6,MDP_Value,24x29,123,0.0089
6,MDP_Value,24x29,124,0.0083
6,MDP_Value,24x29,125,0.0077
6,MDP_Value,24x29,126,0.0072
7,MDP_Value,24x29,0,0.6285
7,MDP_Value,24x29,1,0.7391
7,MDP_Value,24x29,2,0.9353
7,MDP_Value,24x29,3,1.0397
7,MDP_Value,24x29,4,1.2450
7,MDP_Value,24x29,5,1.3368
7,MDP_Value,24x29,6,1.3810
7,MDP_Value,24x29,7,1.4391
7,MDP_Value,24x29,8,1.5295
7,MDP_Value,24x29,9,1.5808
7,MDP_Value,24x29,10,1.6778
7,MDP_Value,24x29,11,1.7564
7,MDP_Value,24x29,12,1.8339
7,MDP_Value,24x29,13,1.8775
7,MDP_Value,24x29,14,1.9218
7,MDP_Value,24x29,15,1.9951
7,MDP_Value,24x29,16,1.9578
7,MDP_Value,24x29,17,1.9640
7,MDP_Value,24x29,18,1.8933
7,MDP_Value,24x29,19,1.8749
7,MDP_Value,24x29,20,1.8024
7,MDP_Value,24x29,21,1.7198
7,MDP_Value,24x29,22,1.6234
7,MDP_Value,24x29,23,1.5643
7,MDP_Value,24x29,24,1.4839
7,MDP_Value,24x29,25,1.3992
7,MDP_Value,24x29,26,1.3129
7,MDP_Value,24x29,27,1.2378
7,MDP_Value,24x29,28,1.1729
7,MDP_Value,24x29,29,1.1112
7,MDP_Value,24x29,30,1.0525
7,MDP_Value,24x29,31,1.0061
7,MDP_Value,24x29,32,0.9570
7,MDP_Value,24x29,33,0.9139
7,MDP_Value,24x29,34,0.8686
7,MDP_Value,24x29,35,0.8430
7,MDP_Value,24x29,36,0.8275
7,MDP_Value,24x29,37,0.8040
7,MDP_Value,24x29,38,0.7827
7,MDP_Value,24x29,39,0.7690
7,MDP_Value,24x29,40,0.7613
7,MDP_Value,24x29,41,0.7585
7,MDP_Value,24x29,42,0.7328
7,MDP_Value,24x29,43,0.7089
7,MDP_Value,24x29,44,0.6831
7,MDP_Value,24x29,45,0.6647
7,MDP_Value,24x29,46,0.6376
7,MDP_Value,24x29,47,0.6171
7,MDP_Value,24x29,48,0.5968
7,MDP_Value,24x29,49,0.5926
7,MDP_Value,24x29,50,0.5829
7,MDP_Value,24x29,51,0.5752
7,MDP_Value,24x29,52,0.5639
7,MDP_Value,24x29,53,0.5524
7,MDP_Value,24x29,54,0.5362
7,MDP_Value,24x29,55,0.5313
7,MDP_Value,24x29,56,0.5182
7,MDP_Value,24x29,57,0.5074
7,MDP_Value,24x29,58,0.4973
7,MDP_Value,24x29,59,0.4836
7,MDP_Value,24x29,60,0.4637
7,MDP_Value,24x29,61,0.4442
7,MDP_Value,24x29,62,0.4220
7,MDP_Value,24x29,63,0.4027
7,MDP_Value,24x29,64,0.3813
7,MDP_Value,24x29,65,0.3632
7,MDP_Value,24x29,66,0.3446
7,MDP_Value,24x29,67,0.3244
7,MDP_Value,24x29,68,0.3072
7,MDP_Value,24x29,69,0.2899
7,MDP_Value,24x29,70,0.2757
7,MDP_Value,24x29,71,0.2613
7,MDP_Value,24x29,72,0.2470
7,MDP_Value,24x29,73,0.2347
7,MDP_Value,24x29,74,0.2230
7,MDP_Value,24x29,75,0.2134
7,MDP_Value,24x29,76,0.2028
7,MDP_Value,24x29,77,0.1921
7,MDP_Value,24x29,78,0.1806
7,MDP_Value,24x29,79,0.1701
7,MDP_Value,24x29,80,0.1601
7,MDP_Value,24x29,81,0.1512
7,MDP_Value,24x29,82,0.1427
7,MDP_Value,24x29,83,0.1341
7,MDP_Value,24x29,84,0.1252
7,MDP_Value,24x29,85,0.1172
7,MDP_Value,24x29,86,0.1094
7,MDP_Value,24x29,87,0.1024
7,MDP_Value,24x29,88,0.0958
7,MDP_Value,24x29,89,0.0897
7,MDP_Value,24x29,90,0.0841
7,MDP_Value,24x29,91,0.0787
7,MDP_Value,24x29,92,0.0737
7,MDP_Value,24x29,93,0.0689
7,MDP_Value,24x29,94,0.0644
7,MDP_Value,24x29,95,0.0602
7,MDP_Value,24x29,96,0.0564
7,MDP_Value,24x29,97,0.0528
7,MDP_Value,24x29,98,0.0494
7,MDP_Value,24x29,99,0.0461
7,MDP_Value,24x29,100,0.0431
7,MDP_Value,24x29,101,0.0402
7,MDP_Value,24x29,102,0.0375
7,MDP_Value,24x29,103,0.0350
7,MDP_Value,24x29,104,0.0327
7,MDP_Value,24x29,105,0.0305
7,MDP_Value,24x29,106,0.0285
7,MDP_Value,24x29,107,0.0266
7,MDP_Value,24x29,108,0.0248
7,MDP_Value,24x29,109,0.0231
7,MDP_Value,24x29,110,0.0216
7,MDP_Value,24x29,111,0.0202
7,MDP_Value,24x29,112,0.0188
7,MDP_Value,24x29,113,0.0176
7,MDP_Value,24x29,114,0.0164
7,MDP_Value,24x29,115,0.0153
7,MDP_Value,24x29,116,0.0143
7,MDP_Value,24x29,117,0.0133
7,MDP_Value,24x29,118,0.0124
7,MDP_Value,24x29,119,0.0116
7,MDP_Value,24x29,120,0.0108
7,MDP_Value,24x29,121,0.0101
7,MDP_Value,24x29,122,0.0094
7,MDP_Value,24x29,123,0.0088
7,MDP_Value,24x29,124,0.0082
7,MDP_Value,24x29,125,0.0077
7,MDP_Value,24x29,126,0.0072
8,MDP_Value,24x29,0,0.5507
8,MDP_Value,24x29,1,0.8024
8,MDP_Value,24x29,2,1.1847
8,MDP_Value,24x29,3,1.3566
8,MDP_Value,24x29,4,1.6135
8,MDP_Value,24x29,5,1.8834
8,MDP_Value,24x29,6,1.9694
8,MDP_Value,24x29,7,2.1660
8,MDP_Value,24x29,8,2.3752
8,MDP_Value,24x29,9,2.5916
8,MDP_Value,24x29,10,2.7067
8,MDP_Value,24x29,11,2.9106
8,MDP_Value,24x29,12,3.1208
8,MDP_Value,24x29,13,3.4759
8,MDP_Value,24x29,14,3.8001
8,MDP_Value,24x29,15,4.1796
8,MDP_Value,24x29,16,4.2498
8,MDP_Value,24x29,17,4.5062
8,MDP_Value,24x29,18,4.8372
8,MDP_Value,24x29,19,5.2456
8,MDP_Value,24x29,20,5.5797
8,MDP_Value,24x29,21,5.8256
8,MDP_Value,24x29,22,5.8776
8,MDP_Value,24x29,23,6.0251
8,MDP_Value,24x29,24,6.0929
8,MDP_Value,24x29,25,6.1875
8,MDP_Value,24x29,26,6.2663
8,MDP_Value,24x29,27,6.3552
8,MDP_Value,24x29,28,6.4276
8,MDP_Value,24x29,29,6.5955
8,MDP_Value,24x29,30,6.5863
8,MDP_Value,24x29,31,6.6675
8,MDP_Value,24x29,32,6.6574
8,MDP_Value,24x29,33,6.6985
8,MDP_Value,24x29,34,6.7377
8,MDP_Value,24x29,35,6.7720
8,MDP_Value,24x29,36,6.7746
8,MDP_Value,24x29,37,6.6939
8,MDP_Value,24x29,38,6.6168
8,MDP_Value,24x29,39,6.4365
8,MDP_Value,24x29,40,6.3140
8,MDP_Value,24x29,41,6.1849
8,MDP_Value,24x29,42,6.1283
8,MDP_Value,24x29,43,5.9624
8,MDP_Value,24x29,44,5.8585
8,MDP_Value,24x29,45,5.6906
8,MDP_Value,24x29,46,5.5747
8,MDP_Value,24x29,47,5.4067
8,MDP_Value,24x29,48,5.2477
8,MDP_Value,24x29,49,5.0440
8,MDP_Value,24x29,50,4.8630
8,MDP_Value,24x29,51,4.6638
8,MDP_Value,24x29,52,4.5062
8,MDP_Value,24x29,53,4.3264
8,MDP_Value,24x29,54,4.1890
8,MDP_Value,24x29,55,4.0349
8,MDP_Value,24x29,56,3.9187
8,MDP_Value,24x29,57,3.7706
8,MDP_Value,24x29,58,3.6499
8,MDP_Value,24x29,59,3.5081
8,MDP_Value,24x29,60,3.4026
8,MDP_Value,24x29,61,3.2671
8,MDP_Value,24x29,62,3.1652
8,MDP_Value,24x29,63,3.0515
8,MDP_Value,24x29,64,2.9561
8,MDP_Value,24x29,65,2.8411
8,MDP_Value,24x29,66,2.7548
8,MDP_Value,24x29,67,2.6503
8,MDP_Value,24x29,68,2.5593
8,MDP_Value,24x29,69,2.4669
8,MDP_Value,24x29,70,2.3868
8,MDP_Value,24x29,71,2.2961
8,MDP_Value,24x29,72,2.2149
8,MDP_Value,24x29,73,2.1244
8,MDP_Value,24x29,74,2.0512
8,MDP_Value,24x29,75,1.9770
8,MDP_Value,24x29,76,1.9088
8,MDP_Value,24x29,77,1.8379
8,MDP_Value,24x29,78,1.7677
8,MDP_Value,24x29,79,1.7019
8,MDP_Value,24x29,80,1.6354
8,MDP_Value,24x29,81,1.5730
8,MDP_Value,24x29,82,1.5115
8,MDP_Value,24x29,83,1.4538
8,MDP_Value,24x29,84,1.3970
8,MDP_Value,24x29,85,1.3411
8,MDP_Value,24x29,86,1.2875
8,MDP_Value,24x29,87,1.2360
8,MDP_Value,24x29,88,1.1865
8,MDP_Value,24x29,89,1.1391
8,MDP_Value,24x29,90,1.0935
8,MDP_Value,24x29,91,1.0498
8,MDP_Value,24x29,92,1.0078
8,MDP_Value,24x29,93,0.9675
8,MDP_Value,24x29,94,0.9288
8,MDP_Value,24x29,95,0.8916
8,MDP_Value,24x29,96,0.8560
8,MDP_Value,24x29,97,0.8217
8,MDP_Value,24x29,98,0.7888
8,MDP_Value,24x29,99,0.7573
8,MDP_Value,24x29,100,0.7270
8,MDP_Value,24x29,101,0.6979
8,MDP_Value,24x29,102,0.6700
8,MDP_Value,24x29,103,0.6432
8,MDP_Value,24x29,104,0.6175
8,MDP_Value,24x29,105,0.5928
8,MDP_Value,24x29,106,0.5691
8,MDP_Value,24x29,107,0.5463
8,MDP_Value,24x29,108,0.5244
8,MDP_Value,24x29,109,0.5035
8,MDP_Value,24x29,110,0.4833
8,MDP_Value,24x29,111,0.4640
8,MDP_Value,24x29,112,0.4454
8,MDP_Value,24x29,113,0.4276
8,MDP_Value,24x29,114,0.4105
8,MDP_Value,24x29,115,0.3941
8,MDP_Value,24x29,116,0.3783
8,MDP_Value,24x29,117,0.3632
8,MDP_Value,24x29,118,0.3487
8,MDP_Value,24x29,119,0.3347
8,MDP_Value,24x29,120,0.3213
8,MDP_Value,24x29,121,0.3085
8,MDP_Value,24x29,122,0.2961
8,MDP_Value,24x29,123,0.2843
8,MDP_Value,24x29,124,0.2729
8,MDP_Value,24x29,125,0.2620
8,MDP_Value,24x29,126,0.2515
8,MDP_Value,24x29,127,0.2415
8,MDP_Value,24x29,128,0.2318
8,MDP_Value,24x29,129,0.2225
8,MDP_Value,24x29,130,0.2136
8,MDP_Value,24x29,131,0.2051
8,MDP_Value,24x29,132,0.1969
8,MDP_Value,24x29,133,0.1890
8,MDP_Value,24x29,134,0.1814
8,MDP_Value,24x29,135,0.1742
8,MDP_Value,24x29,136,0.1672
8,MDP_Value,24x29,137,0.1605
8,MDP_Value,24x29,138,0.1541
8,MDP_Value,24x29,139,0.1479
8,MDP_Value,24x29,140,0.1420
8,MDP_Value,24x29,141,0.1363
8,MDP_Value,24x29,142,0.1309
8,MDP_Value,24x29,143,0.1257
8,MDP_Value,24x29,144,0.1206
8,MDP_Value,24x29,145,0.1158
8,MDP_Value,24x29,146,0.1112
8,MDP_Value,24x29,147,0.1067
8,MDP_Value,24x29,148,0.1025
8,MDP_Value,24x29,149,0.0984
8,MDP_Value,24x29,150,0.0944
8,MDP_Value,24x29,151,0.0906
8,MDP_Value,24x29,152,0.0870
8,MDP_Value,24x29,153,0.0835
8,MDP_Value,24x29,154,0.0802
8,MDP_Value,24x29,155,0.0770
8,MDP_Value,24x29,156,0.0739
8,MDP_Value,24x29,157,0.0710
8,MDP_Value,24x29,158,0.0681
8,MDP_Value,24x29,159,0.0654
8,MDP_Value,24x29,160,0.0628
8,MDP_Value,24x29,161,0.0603
8,MDP_Value,24x29,162,0.0579
8,MDP_Value,24x29,163,0.0555
8,MDP_Value,24x29,164,0.0533
8,MDP_Value,24x29,165,0.0512
8,MDP_Value,24x29,166,0.0491
8,MDP_Value,24x29,167,0.0472
8,MDP_Value,24x29,168,0.0453
8,MDP_Value,24x29,169,0.0435
8,MDP_Value,24x29,170,0.0417
8,MDP_Value,24x29,171,0.0401
8,MDP_Value,24x29,172,0.0385
8,MDP_Value,24x29,173,0.0369
8,MDP_Value,24x29,174,0.0354
8,MDP_Value,24x29,175,0.0340
8,MDP_Value,24x29,176,0.0327
8,MDP_Value,24x29,177,0.0314
8,MDP_Value,24x29,178,0.0301
8,MDP_Value,24x29,179,0.0289
8,MDP_Value,24x29,180,0.0277
8,MDP_Value,24x29,181,0.0266
8,MDP_Value,24x29,182,0.0256
8,MDP_Value,24x29,183,0.0245
8,MDP_Value,24x29,184,0.0236
8,MDP_Value,24x29,185,0.0226
8,MDP_Value,24x29,186,0.0217
8,MDP_Value,24x29,187,0.0209
8,MDP_Value,24x29,188,0.0200
8,MDP_Value,24x29,189,0.0192
8,MDP_Value,24x29,190,0.0184
8,MDP_Value,24x29,191,0.0177
8,MDP_Value,24x29,192,0.0170
8,MDP_Value,24x29,193,0.0163
8,MDP_Value,24x29,194,0.0157
8,MDP_Value,24x29,195,3.2772
8,MDP_Value,24x29,196,3.1900
8,MDP_Value,24x29,197,3.1009
8,MDP_Value,24x29,198,3.0133
8,MDP_Value,24x29,199,2.9247
8,MDP_Value,24x29,200,2.8364
8,MDP_Value,24x29,201,2.7503
8,MDP_Value,24x29,202,2.6642
8,MDP_Value,24x29,203,2.5790
8,MDP_Value,24x29,204,2.4945
8,MDP_Value,24x29,205,2.4120
8,MDP_Value,24x29,206,2.3299
8,MDP_Value,24x29,207,2.2491
8,MDP_Value,24x29,208,2.1677
8,MDP_Value,24x29,209,2.0872
8,MDP_Value,24x29,210,2.0066
8,MDP_Value,24x29,211,1.9293
8,MDP_Value,24x29,212,1.8520
8,MDP_Value,24x29,213,1.7757
8,MDP_Value,24x29,214,1.6993
8,MDP_Value,24x29,215,1.6243
8,MDP_Value,24x29,216,1.5507
8,MDP_Value,24x29,217,1.4800
8,MDP_Value,24x29,218,1.4108
8,MDP_Value,24x29,219,1.3442
8,MDP_Value,24x29,220,1.2794
8,MDP_Value,24x29,221,1.2169
8,MDP_Value,24x29,222,1.1563
8,MDP_Value,24x29,223,1.0978
8,MDP_Value,24x29,224,1.0406
8,MDP_Value,24x29,225,0.9862
8,MDP_Value,24x29,226,0.9332
8,MDP_Value,24x29,227,0.8827
8,MDP_Value,24x29,228,0.8339
8,MDP_Value,24x29,229,0.7870
8,MDP_Value,24x29,230,0.7418
8,MDP_Value,24x29,231,0.6986
8,MDP_Value,24x29,232,0.6575
8,MDP_Value,24x29,233,0.6184
8,MDP_Value,24x29,234,0.5816
8,MDP_Value,24x29,235,0.5466
8,MDP_Value,24x29,236,0.5135
8,MDP_Value,24x29,237,0.4818
8,MDP_Value,24x29,238,0.4522
8,MDP_Value,24x29,239,0.7487
8,MDP_Value,24x29,240,0.7152
8,MDP_Value,24x29,241,0.6824
8,MDP_Value,24x29,242,0.6516
8,MDP_Value,24x29,243,0.6218
8,MDP_Value,24x29,244,0.5935
8,MDP_Value,24x29,245,0.5668
8,MDP_Value,24x29,246,0.5413
8,MDP_Value,24x29,247,0.5169
8,MDP_Value,24x29,248,0.4936
8,MDP_Value,24x29,249,0.4714
8,MDP_Value,24x29,250,0.4501
8,MDP_Value,24x29,251,0.4297
8,MDP_Value,24x29,252,0.4098
8,MDP_Value,24x29,253,0.3905
8,MDP_Value,24x29,254,0.3717
8,MDP_Value,24x29,255,0.3541
8,MDP_Value,24x29,256,0.3368
8,MDP_Value,24x29,257,0.3201
8,MDP_Value,24x29,258,0.3037
8,MDP_Value,24x29,259,0.2878
8,MDP_Value,24x29,260,0.2724
8,MDP_Value,24x29,261,0.2579
8,MDP_Value,24x29,262,0.2439
8,MDP_Value,24x29,263,0.2305
8,MDP_Value,24x29,264,0.2178
8,MDP_Value,24x29,265,0.2056
8,MDP_Value,24x29,266,0.1939
8,MDP_Value,24x29,267,0.1828
8,MDP_Value,24x29,268,0.1720
8,MDP_Value,24x29,269,0.1618
8,MDP_Value,24x29,270,0.1521
8,MDP_Value,24x29,271,0.1428
8,MDP_Value,24x29,272,0.1340
8,MDP_Value,24x29,273,0.1255
8,MDP_Value,24x29,274,0.1175
8,MDP_Value,24x29,275,0.1098
8,MDP_Value,24x29,276,0.1026
8,MDP_Value,24x29,277,0.0958
8,MDP_Value,24x29,278,0.0894
8,MDP_Value,24x29,279,0.0834
8,MDP_Value,24x29,280,0.0778
8,MDP_Value,24x29,281,0.0725
8,MDP_Value,24x29,282,0.0675
8,MDP_Value,24x29,283,0.0628
8,MDP_Value,24x29,284,0.0585
8,MDP_Value,24x29,285,0.0544
8,MDP_Value,24x29,286,0.0505
8,MDP_Value,24x29,287,0.0470
8,MDP_Value,24x29,288,0.0437
8,MDP_Value,24x29,289,0.0406
8,MDP_Value,24x29,290,0.0377
8,MDP_Value,24x29,291,0.0351
8,MDP_Value,24x29,292,0.0326
8,MDP_Value,24x29,293,0.0303
8,MDP_Value,24x29,294,0.0282
8,MDP_Value,24x29,295,0.0262
8,MDP_Value,24x29,296,0.0243
8,MDP_Value,24x29,297,0.0226
8,MDP_Value,24x29,298,0.0210
8,MDP_Value,24x29,299,0.0195
8,MDP_Value,24x29,300,0.0182
8,MDP_Value,24x29,301,0.0169
8,MDP_Value,24x29,302,0.0157
8,MDP_Value,24x29,303,0.0145
8,MDP_Value,24x29,304,0.0135
8,MDP_Value,24x29,305,0.0125
8,MDP_Value,24x29,306,0.0116
8,MDP_Value,24x29,307,0.0108
8,MDP_Value,24x29,308,0.0100
8,MDP_Value,24x29,309,0.0093
9,MDP_Value,24x29,0,0.5490
9,MDP_Value,24x29,1,0.7818
9,MDP_Value,24x29,2,1.1293
9,MDP_Value,24x29,3,1.2667
9,MDP_Value,24x29,4,1.4741
9,MDP_Value,24x29,5,1.6848
9,MDP_Value,24x29,6,1.7254
9,MDP_Value,24x29,7,1.8573
9,MDP_Value,24x29,8,1.9943
9,MDP_Value,24x29,9,2.1304
9,MDP_Value,24x29,10,2.1789
9,MDP_Value,24x29,11,2.2937
9,MDP_Value,24x29,12,2.4082
9,MDP_Value,24x29,13,2.6258
9,MDP_Value,24x29,14,2.8111
9,MDP_Value,24x29,15,3.0271
9,MDP_Value,24x29,16,3.0146
9,MDP_Value,24x29,17,3.1289
9,MDP_Value,24x29,18,3.2890
9,MDP_Value,24x29,19,3.4920
9,MDP_Value,24x29,20,3.6373
9,MDP_Value,24x29,21,3.7185
9,MDP_Value,24x29,22,3.6739
9,MDP_Value,24x29,23,3.6872
9,MDP_Value,24x29,24,3.6513
9,MDP_Value,24x29,25,3.6305
9,MDP_Value,24x29,26,3.6003
9,MDP_Value,24x29,27,3.5752
9,MDP_Value,24x29,28,3.5406
9,MDP_Value,24x29,29,3.5572
9,MDP_Value,24x29,30,3.4786
9,MDP_Value,24x29,31,3.4478
9,MDP_Value,24x29,32,3.3712
9,MDP_Value,24x29,33,3.3210
9,MDP_Value,24x29,34,3.2710
9,MDP_Value,24x29,35,3.2191
9,MDP_Value,24x29,36,3.1533
9,MDP_Value,24x29,37,3.0509
9,MDP_Value,24x29,38,2.9529
9,MDP_Value,24x29,39,2.8127
9,MDP_Value,24x29,40,2.7016
9,MDP_Value,24x29,41,2.5913
9,MDP_Value,24x29,42,2.5139
9,MDP_Value,24x29,43,2.3951
9,MDP_Value,24x29,44,2.3042
9,MDP_Value,24x29,45,2.1917
9,MDP_Value,24x29,46,2.1022
9,MDP_Value,24x29,47,1.9965
9,MDP_Value,24x29,48,1.8973
9,MDP_Value,24x29,49,1.7858
9,MDP_Value,24x29,50,1.6858
9,MDP_Value,24x29,51,1.5831
9,MDP_Value,24x29,52,1.4977
9,MDP_Value,24x29,53,1.4080
9,MDP_Value,24x29,54,1.3348
9,MDP_Value,24x29,55,1.2590
9,MDP_Value,24x29,56,1.1972
9,MDP_Value,24x29,57,1.1280
9,MDP_Value,24x29,58,1.0691
9,MDP_Value,24x29,59,1.0062
9,MDP_Value,24x29,60,0.9556
9,MDP_Value,24x29,61,0.8984
9,MDP_Value,24x29,62,0.8522
9,MDP_Value,24x29,63,0.8045
9,MDP_Value,24x29,64,0.7631
9,MDP_Value,24x29,65,0.7182
9,MDP_Value,24x29,66,0.6818
9,MDP_Value,24x29,67,0.6423
9,MDP_Value,24x29,68,0.6073
9,MDP_Value,24x29,69,0.5732
9,MDP_Value,24x29,70,0.5431
9,MDP_Value,24x29,71,0.5115
9,MDP_Value,24x29,72,0.4832
9,MDP_Value,24x29,73,0.4538
9,MDP_Value,24x29,74,0.4290
9,MDP_Value,24x29,75,0.4049
9,MDP_Value,24x29,76,0.3828
9,MDP_Value,24x29,77,0.3609
9,MDP_Value,24x29,78,0.3399
9,MDP_Value,24x29,79,0.3204
9,MDP_Value,24x29,80,0.3015
9,MDP_Value,24x29,81,0.2839
9,MDP_Value,24x29,82,0.2671
9,MDP_Value,24x29,83,0.2516
9,MDP_Value,24x29,84,0.2367
9,MDP_Value,24x29,85,0.2225
9,MDP_Value,24x29,86,0.2092
9,MDP_Value,24x29,87,0.1966
9,MDP_Value,24x29,88,0.1848
9,MDP_Value,24x29,89,0.1737
9,MDP_Value,24x29,90,0.1633
9,MDP_Value,24x29,91,0.1535
9,MDP_Value,24x29,92,0.1443
9,MDP_Value,24x29,93,0.1356
9,MDP_Value,24x29,94,0.1275
9,MDP_Value,24x29,95,0.1198
9,MDP_Value,24x29,96,0.1127
9,MDP_Value,24x29,97,0.1059
9,MDP_Value,24x29,98,0.0995
9,MDP_Value,24x29,99,0.0936
9,MDP_Value,24x29,100,0.0880
9,MDP_Value,24x29,101,0.0827
9,MDP_Value,24x29,102,0.0777
9,MDP_Value,24x29,103,0.0731
9,MDP_Value,24x29,104,0.0687
9,MDP_Value,24x29,105,0.0646
9,MDP_Value,24x29,106,0.0607
9,MDP_Value,24x29,107,0.0570
9,MDP_Value,24x29,108,0.0536
9,MDP_Value,24x29,109,0.0504
9,MDP_Value,24x29,110,0.0474
9,MDP_Value,24x29,111,0.0445
9,MDP_Value,24x29,112,0.0419
9,MDP_Value,24x29,113,0.0393
9,MDP_Value,24x29,114,0.0370
9,MDP_Value,24x29,115,0.0348
9,MDP_Value,24x29,116,0.0327
9,MDP_Value,24x29,117,0.0307
9,MDP_Value,24x29,118,0.0289
9,MDP_Value,24x29,119,0.0271
9,MDP_Value,24x29,120,0.0255
9,MDP_Value,24x29,121,0.0240
9,MDP_Value,24x29,122,0.0225
9,MDP_Value,24x29,123,0.0212
9,MDP_Value,24x29,124,0.0199
9,MDP_Value,24x29,125,0.0187
9,MDP_Value,24x29,126,0.0176
9,MDP_Value,24x29,127,0.0165
9,MDP_Value,24x29,128,0.0156
9,MDP_Value,24x29,129,0.0146
9,MDP_Value,24x29,130,0.0137
9,MDP_Value,24x29,131,0.0129
9,MDP_Value,24x29,132,0.0121
9,MDP_Value,24x29,133,0.0114
9,MDP_Value,24x29,134,0.0107
9,MDP_Value,24x29,135,0.0101
9,MDP_Value,24x29,136,0.0095
9,MDP_Value,24x29,137,0.0089
9,MDP_Value,24x29,138,0.0084
9,MDP_Value,24x29,139,0.0079
9,MDP_Value,24x29,140,0.0074
10,MDP_Value,24x29,0,0.6293
10,MDP_Value,24x29,1,0.7454
10,MDP_Value,24x29,2,0.8795
10,MDP_Value,24x29,3,1.0294
10,MDP_Value,24x29,4,1.0954
10,MDP_Value,24x29,5,1.1192
10,MDP_Value,24x29,6,1.1917
10,MDP_Value,24x29,7,1.2263
10,MDP_Value,24x29,8,1.2271
10,MDP_Value,24x29,9,1.2694
10,MDP_Value,24x29,10,1.2814
10,MDP_Value,24x29,11,1.3883
10,MDP_Value,24x29,12,1.3843
10,MDP_Value,24x29,13,1.4450
10,MDP_Value,24x29,14,1.4622
10,MDP_Value,24x29,15,1.4862
10,MDP_Value,24x29,16,1.4733
10,MDP_Value,24x29,17,1.5398
10,MDP_Value,24x29,18,1.5422
10,MDP_Value,24x29,19,1.5617
10,MDP_Value,24x29,20,1.5862
10,MDP_Value,24x29,21,1.6566
10,MDP_Value,24x29,22,1.6625
10,MDP_Value,24x29,23,1.6796
10,MDP_Value,24x29,24,1.6260
10,MDP_Value,24x29,25,1.5969
10,MDP_Value,24x29,26,1.5344
10,MDP_Value,24x29,27,1.5330
10,MDP_Value,24x29,28,1.5137
10,MDP_Value,24x29,29,1.4634
10,MDP_Value,24x29,30,1.4137
10,MDP_Value,24x29,31,1.3647
10,MDP_Value,24x29,32,1.2944
10,MDP_Value,24x29,33,1.2584
10,MDP_Value,24x29,34,1.2130
10,MDP_Value,24x29,35,1.2187
10,MDP_Value,24x29,36,1.2162
10,MDP_Value,24x29,37,1.1927
10,MDP_Value,24x29,38,1.1752
10,MDP_Value,24x29,39,1.1809
10,MDP_Value,24x29,40,1.1719
10,MDP_Value,24x29,41,1.1753
10,MDP_Value,24x29,42,1.1565
10,MDP_Value,24x29,43,1.1550
10,MDP_Value,24x29,44,1.1447
10,MDP_Value,24x29,45,1.1461
10,MDP_Value,24x29,46,1.1179
10,MDP_Value,24x29,47,1.0883
10,MDP_Value,24x29,48,1.0504
10,MDP_Value,24x29,49,1.0011
10,MDP_Value,24x29,50,0.9667
10,MDP_Value,24x29,51,0.9296
10,MDP_Value,24x29,52,0.8820
10,MDP_Value,24x29,53,0.8367
10,MDP_Value,24x29,54,0.7952
10,MDP_Value,24x29,55,0.7583
10,MDP_Value,24x29,56,0.7242
10,MDP_Value,24x29,57,0.6962
10,MDP_Value,24x29,58,0.6691
10,MDP_Value,24x29,59,0.6479
10,MDP_Value,24x29,60,0.6240
10,MDP_Value,24x29,61,0.6033
10,MDP_Value,24x29,62,0.5872
10,MDP_Value,24x29,63,0.5620
10,MDP_Value,24x29,64,0.5391
10,MDP_Value,24x29,65,0.5155
10,MDP_Value,24x29,66,0.4962
10,MDP_Value,24x29,67,0.4761
10,MDP_Value,24x29,68,0.4584
10,MDP_Value,24x29,69,0.4440
10,MDP_Value,24x29,70,0.4312
10,MDP_Value,24x29,71,0.4159
10,MDP_Value,24x29,72,0.4014
10,MDP_Value,24x29,73,0.3888
10,MDP_Value,24x29,74,0.3768
10,MDP_Value,24x29,75,0.3601
10,MDP_Value,24x29,76,0.3440
10,MDP_Value,24x29,77,0.3275
10,MDP_Value,24x29,78,0.3128
10,MDP_Value,24x29,79,0.2983
10,MDP_Value,24x29,80,0.2827
10,MDP_Value,24x29,81,0.2690
10,MDP_Value,24x29,82,0.2547
10,MDP_Value,24x29,83,0.2425
10,MDP_Value,24x29,84,0.2306
10,MDP_Value,24x29,85,0.2174
10,MDP_Value,24x29,86,0.2052
10,MDP_Value,24x29,87,0.1936
10,MDP_Value,24x29,88,0.1825
10,MDP_Value,24x29,89,0.1724
10,MDP_Value,24x29,90,0.1627
10,MDP_Value,24x29,91,0.1534
10,MDP_Value,24x29,92,0.1443
10,MDP_Value,24x29,93,0.1356
10,MDP_Value,24x29,94,0.1275
10,MDP_Value,24x29,95,0.1198
10,MDP_Value,24x29,96,0.1127
10,MDP_Value,24x29,97,0.1059
10,MDP_Value,24x29,98,0.0995
10,MDP_Value,24x29,99,0.0936
10,MDP_Value,24x29,100,0.0880
10,MDP_Value,24x29,101,0.0827
10,MDP_Value,24x29,102,0.0777
10,MDP_Value,24x29,103,0.0731
10,MDP_Value,24x29,104,0.0687
10,MDP_Value,24x29,105,0.0646
10,MDP_Value,24x29,106,0.0607
10,MDP_Value,24x29,107,0.0570
10,MDP_Value,24x29,108,0.0536
10,MDP_Value,24x29,109,0.0504
10,MDP_Value,24x29,110,0.0474
10,MDP_Value,24x29,111,0.0445
10,MDP_Value,24x29,112,0.0419
10,MDP_Value,24x29,113,0.0393
10,MDP_Value,24x29,114,0.0370
10,MDP_Value,24x29,115,0.0348
10,MDP_Value,24x29,116,0.0327
10,MDP_Value,24x29,117,0.0307
10,MDP_Value,24x29,118,0.0289
10,MDP_Value,24x29,119,0.0271
10,MDP_Value,24x29,120,0.0255
10,MDP_Value,24x29,121,0.0240
10,MDP_Value,24x29,122,0.0225
10,MDP_Value,24x29,123,0.0212
10,MDP_Value,24x29,124,0.0199
10,MDP_Value,24x29,125,0.0187
10,MDP_Value,24x29,126,0.0176
10,MDP_Value,24x29,127,0.0165
10,MDP_Value,24x29,128,0.0156
10,MDP_Value,24x29,129,0.0146
10,MDP_Value,24x29,130,0.0137
10,MDP_Value,24x29,131,0.0129
10,MDP_Value,24x29,132,0.0121
10,MDP_Value,24x29,133,0.0114
10,MDP_Value,24x29,134,0.0107
10,MDP_Value,24x29,135,0.0101
10,MDP_Value,24x29,136,0.0095
10,MDP_Value,24x29,137,0.0089
10,MDP_Value,24x29,138,0.0084
10,MDP_Value,24x29,139,0.0079
10,MDP_Value,24x29,140,0.0074
11,MDP_Value,24x29,0,0.6293
11,MDP_Value,24x29,1,0.8965
11,MDP_Value,24x29,2,1.1661
11,MDP_Value,24x29,3,1.4668
11,MDP_Value,24x29,4,1.6971
11,MDP_Value,24x29,5,1.8639
11,MDP_Value,24x29,6,2.1154
11,MDP_Value,24x29,7,2.2278
11,MDP_Value,24x29,8,2.3408
11,MDP_Value,24x29,9,2.3879
11,MDP_Value,24x29,10,2.3760
11,MDP_Value,24x29,11,2.3570
11,MDP_Value,24x29,12,2.4082
11,MDP_Value,24x29,13,2.4101
11,MDP_Value,24x29,14,2.3681
11,MDP_Value,24x29,15,2.3225
11,MDP_Value,24x29,16,2.3335
11,MDP_Value,24x29,17,2.3359
11,MDP_Value,24x29,18,2.2632
11,MDP_Value,24x29,19,2.2394
11,MDP_Value,24x29,20,2.2233
11,MDP_Value,24x29,21,2.2116
11,MDP_Value,24x29,22,2.1628
11,MDP_Value,24x29,23,2.1693
11,MDP_Value,24x29,24,2.1867
11,MDP_Value,24x29,25,2.1683
11,MDP_Value,24x29,26,2.2002
11,MDP_Value,24x29,27,2.2065
11,MDP_Value,24x29,28,2.2104
11,MDP_Value,24x29,29,2.2063
11,MDP_Value,24x29,30,2.1758
11,MDP_Value,24x29,31,2.1584
11,MDP_Value,24x29,32,2.1579
11,MDP_Value,24x29,33,2.1656
11,MDP_Value,24x29,34,2.1304
11,MDP_Value,24x29,35,2.0909
11,MDP_Value,24x29,36,2.0489
11,MDP_Value,24x29,37,1.9757
11,MDP_Value,24x29,38,1.9226
11,MDP_Value,24x29,39,1.8478
11,MDP_Value,24x29,40,1.7912
11,MDP_Value,24x29,41,1.7196
11,MDP_Value,24x29,42,1.6524
11,MDP_Value,24x29,43,1.5622
11,MDP_Value,24x29,44,1.4922
11,MDP_Value,24x29,45,1.4155
11,MDP_Value,24x29,46,1.3586
11,MDP_Value,24x29,47,1.2995
11,MDP_Value,24x29,48,1.2546
11,MDP_Value,24x29,49,1.1973
11,MDP_Value,24x29,50,1.1528
11,MDP_Value,24x29,51,1.0995
11,MDP_Value,24x29,52,1.0577
11,MDP_Value,24x29,53,1.0022
11,MDP_Value,24x29,54,0.9719
11,MDP_Value,24x29,55,0.9235
11,MDP_Value,24x29,56,0.8931
11,MDP_Value,24x29,57,0.8435
11,MDP_Value,24x29,58,0.8039
11,MDP_Value,24x29,59,0.7569
11,MDP_Value,24x29,60,0.7242
11,MDP_Value,24x29,61,0.6847
11,MDP_Value,24x29,62,0.6539
11,MDP_Value,24x29,63,0.6190
11,MDP_Value,24x29,64,0.5902
11,MDP_Value,24x29,65,0.5607
11,MDP_Value,24x29,66,0.5346
11,MDP_Value,24x29,67,0.5058
11,MDP_Value,24x29,68,0.4814
11,MDP_Value,24x29,69,0.4543
11,MDP_Value,24x29,70,0.4350
11,MDP_Value,24x29,71,0.4120
11,MDP_Value,24x29,72,0.3915
11,MDP_Value,24x29,73,0.3711
11,MDP_Value,24x29,74,0.3559
11,MDP_Value,24x29,75,0.3378
11,MDP_Value,24x29,76,0.3219
11,MDP_Value,24x29,77,0.3054
11,MDP_Value,24x29,78,0.2900
11,MDP_Value,24x29,79,0.2738
11,MDP_Value,24x29,80,0.2597
11,MDP_Value,24x29,81,0.2452
11,MDP_Value,24x29,82,0.2330
11,MDP_Value,24x29,83,0.2212
11,MDP_Value,24x29,84,0.2110
11,MDP_Value,24x29,85,0.2001
11,MDP_Value,24x29,86,0.1903
11,MDP_Value,24x29,87,0.1805
11,MDP_Value,24x29,88,0.1718
11,MDP_Value,24x29,89,0.1627
11,MDP_Value,24x29,90,0.1543
11,MDP_Value,24x29,91,0.1456
11,MDP_Value,24x29,92,0.1377
11,MDP_Value,24x29,93,0.1298
11,MDP_Value,24x29,94,0.1228
11,MDP_Value,24x29,95,0.1155
11,MDP_Value,24x29,96,0.1089
11,MDP_Value,24x29,97,0.1026
11,MDP_Value,24x29,98,0.0968
11,MDP_Value,24x29,99,0.0913
11,MDP_Value,24x29,100,0.0861
11,MDP_Value,24x29,101,0.0810
11,MDP_Value,24x29,102,0.0765
11,MDP_Value,24x29,103,0.0720
11,MDP_Value,24x29,104,0.0681
11,MDP_Value,24x29,105,0.0641
11,MDP_Value,24x29,106,0.0604
11,MDP_Value,24x29,107,0.0569
11,MDP_Value,24x29,108,0.0536
11,MDP_Value,24x29,109,0.0504
11,MDP_Value,24x29,110,0.0474
11,MDP_Value,24x29,111,0.0445
11,MDP_Value,24x29,112,0.0419
11,MDP_Value,24x29,113,0.0393
11,MDP_Value,24x29,114,0.0370
11,MDP_Value,24x29,115,0.0348
11,MDP_Value,24x29,116,0.0327
11,MDP_Value,24x29,117,0.0307
11,MDP_Value,24x29,118,0.0289
11,MDP_Value,24x29,119,0.0271
11,MDP_Value,24x29,120,0.0255
11,MDP_Value,24x29,121,0.0240
11,MDP_Value,24x29,122,0.0225
11,MDP_Value,24x29,123,0.0212
11,MDP_Value,24x29,124,0.0199
11,MDP_Value,24x29,125,0.0187
11,MDP_Value,24x29,126,0.0176
11,MDP_Value,24x29,127,0.0165
11,MDP_Value,24x29,128,0.0156
11,MDP_Value,24x29,129,0.0146
11,MDP_Value,24x29,130,0.0137
11,MDP_Value,24x29,131,0.0129
11,MDP_Value,24x29,132,0.0121
11,MDP_Value,24x29,133,0.0114
11,MDP_Value,24x29,134,0.0107
11,MDP_Value,24x29,135,0.0101
11,MDP_Value,24x29,136,0.0095
11,MDP_Value,24x29,137,0.0089
11,MDP_Value,24x29,138,0.0084
11,MDP_Value,24x29,139,0.0079
11,MDP_Value,24x29,140,0.0074
12,MDP_Value,24x29,0,0.6293
12,MDP_Value,24x29,1,0.7454
12,MDP_Value,24x29,2,0.9505
12,MDP_Value,24x29,3,1.3976
12,MDP_Value,24x29,4,1.6971
12,MDP_Value,24x29,5,1.9818
12,MDP_Value,24x29,6,2.3946
12,MDP_Value,24x29,7,2.9089
12,MDP_Value,24x29,8,3.2568
12,MDP_Value,24x29,9,3.4348
12,MDP_Value,24x29,10,3.5572
12,MDP_Value,24x29,11,3.4900
12,MDP_Value,24x29,12,3.5298
12,MDP_Value,24x29,13,3.5377
12,MDP_Value,24x29,14,3.4793
12,MDP_Value,24x29,15,3.3517
12,MDP_Value,24x29,16,3.3154
12,MDP_Value,24x29,17,3.1892
12,MDP_Value,24x29,18,3.2089
12,MDP_Value,24x29,19,3.1192
12,MDP_Value,24x29,20,3.0952
12,MDP_Value,24x29,21,3.0109
12,MDP_Value,24x29,22,3.0057
12,MDP_Value,24x29,23,2.9637
12,MDP_Value,24x29,24,2.9052
12,MDP_Value,24x29,25,2.9121
12,MDP_Value,24x29,26,2.8362
12,MDP_Value,24x29,27,2.8026
12,MDP_Value,24x29,28,2.7503
12,MDP_Value,24x29,29,2.7598
12,MDP_Value,24x29,30,2.7412
12,MDP_Value,24x29,31,2.6842
12,MDP_Value,24x29,32,2.6464
12,MDP_Value,24x29,33,2.5622
12,MDP_Value,24x29,34,2.5511
12,MDP_Value,24x29,35,2.5154
12,MDP_Value,24x29,36,2.4607
12,MDP_Value,24x29,37,2.3876
12,MDP_Value,24x29,38,2.3177
12,MDP_Value,24x29,39,2.2335
12,MDP_Value,24x29,40,2.1474
12,MDP_Value,24x29,41,2.0541
12,MDP_Value,24x29,42,1.9760
12,MDP_Value,24x29,43,1.8861
12,MDP_Value,24x29,44,1.8154
12,MDP_Value,24x29,45,1.7294
12,MDP_Value,24x29,46,1.6561
12,MDP_Value,24x29,47,1.5791
12,MDP_Value,24x29,48,1.5134
12,MDP_Value,24x29,49,1.4385
12,MDP_Value,24x29,50,1.3723
12,MDP_Value,24x29,51,1.3057
12,MDP_Value,24x29,52,1.2468
12,MDP_Value,24x29,53,1.1889
12,MDP_Value,24x29,54,1.1305
12,MDP_Value,24x29,55,1.0668
12,MDP_Value,24x29,56,1.0078
12,MDP_Value,24x29,57,0.9498
12,MDP_Value,24x29,58,0.8973
12,MDP_Value,24x29,59,0.8456
12,MDP_Value,24x29,60,0.7988
12,MDP_Value,24x29,61,0.7528
12,MDP_Value,24x29,62,0.7128
12,MDP_Value,24x29,63,0.6742
12,MDP_Value,24x29,64,0.6376
12,MDP_Value,24x29,65,0.6037
12,MDP_Value,24x29,66,0.5689
12,MDP_Value,24x29,67,0.5386
12,MDP_Value,24x29,68,0.5093
12,MDP_Value,24x29,69,0.4827
12,MDP_Value,24x29,70,0.4554
12,MDP_Value,24x29,71,0.4301
12,MDP_Value,24x29,72,0.4062
12,MDP_Value,24x29,73,0.3849
12,MDP_Value,24x29,74,0.3639
12,MDP_Value,24x29,75,0.3456
12,MDP_Value,24x29,76,0.3271
12,MDP_Value,24x29,77,0.3126
12,MDP_Value,24x29,78,0.2975
12,MDP_Value,24x29,79,0.2845
12,MDP_Value,24x29,80,0.2706
12,MDP_Value,24x29,81,0.2576
12,MDP_Value,24x29,82,0.2445
12,MDP_Value,24x29,83,0.2326
12,MDP_Value,24x29,84,0.2207
12,MDP_Value,24x29,85,0.2100
12,MDP_Value,24x29,86,0.1996
12,MDP_Value,24x29,87,0.1897
12,MDP_Value,24x29,88,0.1797
12,MDP_Value,24x29,89,0.1702
12,MDP_Value,24x29,90,0.1614
12,MDP_Value,24x29,91,0.1528
12,MDP_Value,24x29,92,0.1442
12,MDP_Value,24x29,93,0.1356
12,MDP_Value,24x29,94,0.1275
12,MDP_Value,24x29,95,0.1198
12,MDP_Value,24x29,96,0.1127
12,MDP_Value,24x29,97,0.1059
12,MDP_Value,24x29,98,0.0995
12,MDP_Value,24x29,99,0.0936
12,MDP_Value,24x29,100,0.0880
12,MDP_Value,24x29,101,0.0827
12,MDP_Value,24x29,102,0.0777
12,MDP_Value,24x29,103,0.0731
12,MDP_Value,24x29,104,0.0687
12,MDP_Value,24x29,105,0.0646
12,MDP_Value,24x29,106,0.0607
12,MDP_Value,24x29,107,0.0570
12,MDP_Value,24x29,108,0.0536
12,MDP_Value,24x29,109,0.0504
12,MDP_Value,24x29,110,0.0474
12,MDP_Value,24x29,111,0.0445
12,MDP_Value,24x29,112,0.0419
12,MDP_Value,24x29,113,0.0393
12,MDP_Value,24x29,114,0.0370
12,MDP_Value,24x29,115,0.0348
12,MDP_Value,24x29,116,0.0327
12,MDP_Value,24x29,117,0.0307
12,MDP_Value,24x29,118,0.0289
12,MDP_Value,24x29,119,0.0271
12,MDP_Value,24x29,120,0.0255
12,MDP_Value,24x29,121,0.0240
12,MDP_Value,24x29,122,0.0225
12,MDP_Value,24x29,123,0.0212
12,MDP_Value,24x29,124,0.0199
12,MDP_Value,24x29,125,0.0187
12,MDP_Value,24x29,126,0.0176
12,MDP_Value,24x29,127,0.0165
12,MDP_Value,24x29,128,0.0156
12,MDP_Value,24x29,129,0.0146
12,MDP_Value,24x29,130,0.0137
12,MDP_Value,24x29,131,0.0129
12,MDP_Value,24x29,132,0.0121
12,MDP_Value,24x29,133,0.0114
12,MDP_Value,24x29,134,0.0107
12,MDP_Value,24x29,135,0.0101
12,MDP_Value,24x29,136,0.0095
12,MDP_Value,24x29,137,0.0089
12,MDP_Value,24x29,138,0.0084
12,MDP_Value,24x29,139,0.0079
12,MDP_Value,24x29,140,0.0074
13,MDP_Value,24x29,0,0.6293
13,MDP_Value,24x29,1,0.7454
13,MDP_Value,24x29,2,0.9505
13,MDP_Value,24x29,3,1.3976
13,MDP_Value,24x29,4,1.6971
13,MDP_Value,24x29,5,1.9818
13,MDP_Value,24x29,6,2.3946
13,MDP_Value,24x29,7,2.9089
13,MDP_Value,24x29,8,3.2568
13,MDP_Value,24x29,9,3.4348
13,MDP_Value,24x29,10,3.5572
13,MDP_Value,24x29,11,3.4900
13,MDP_Value,24x29,12,3.5298
13,MDP_Value,24x29,13,3.5377
13,MDP_Value,24x29,14,3.4793
13,MDP_Value,24x29,15,3.3517
13,MDP_Value,24x29,16,3.3154
13,MDP_Value,24x29,17,3.1892
13,MDP_Value,24x29,18,3.2089
13,MDP_Value,24x29,19,3.1192
13,MDP_Value,24x29,20,3.0952
13,MDP_Value,24x29,21,3.0109
13,MDP_Value,24x29,22,3.0057
13,MDP_Value,24x29,23,2.9637
13,MDP_Value,24x29,24,2.9052
13,MDP_Value,24x29,25,2.9121
13,MDP_Value,24x29,26,2.8362
13,MDP_Value,24x29,27,2.8026
13,MDP_Value,24x29,28,2.7503
13,MDP_Value,24x29,29,2.7598
13,MDP_Value,24x29,30,2.7412
13,MDP_Value,24x29,31,2.6842
13,MDP_Value,24x29,32,2.6464
13,MDP_Value,24x29,33,2.5622
13,MDP_Value,24x29,34,2.5511
13,MDP_Value,24x29,35,2.5154
13,MDP_Value,24x29,36,2.4607
13,MDP_Value,24x29,37,2.3876
13,MDP_Value,24x29,38,2.3177
13,MDP_Value,24x29,39,2.2335
13,MDP_Value,24x29,40,2.1474
13,MDP_Value,24x29,41,2.0541
13,MDP_Value,24x29,42,1.9760
13,MDP_Value,24x29,43,1.8861
13,MDP_Value,24x29,44,1.8154
13,MDP_Value,24x29,45,1.7294
13,MDP_Value,24x29,46,1.6561
13,MDP_Value,24x29,47,1.5791
13,MDP_Value,24x29,48,1.5134
13,MDP_Value,24x29,49,1.4385
13,MDP_Value,24x29,50,1.3723
13,MDP_Value,24x29,51,1.3057
13,MDP_Value,24x29,52,1.2468
13,MDP_Value,24x29,53,1.1889
13,MDP_Value,24x29,54,1.1305
13,MDP_Value,24x29,55,1.0668
13,MDP_Value,24x29,56,1.0078
13,MDP_Value,24x29,57,0.9498
13,MDP_Value,24x29,58,0.8973
13,MDP_Value,24x29,59,0.8456
13,MDP_Value,24x29,60,0.7988
13,MDP_Value,24x29,61,0.7528
13,MDP_Value,24x29,62,0.7128
13,MDP_Value,24x29,63,0.6742
13,MDP_Value,24x29,64,0.6376
13,MDP_Value,24x29,65,0.6037
13,MDP_Value,24x29,66,0.5689
13,MDP_Value,24x29,67,0.5386
13,MDP_Value,24x29,68,0.5093
13,MDP_Value,24x29,69,0.4827
13,MDP_Value,24x29,70,0.4554
13,MDP_Value,24x29,71,0.4301
13,MDP_Value,24x29,72,0.4062
13,MDP_Value,24x29,73,0.3849
13,MDP_Value,24x29,74,0.3639
13,MDP_Value,24x29,75,0.3456
13,MDP_Value,24x29,76,0.3271
13,MDP_Value,24x29,77,0.3126
13,MDP_Value,24x29,78,0.2975
13,MDP_Value,24x29,79,0.2845
13,MDP_Value,24x29,80,0.2706
13,MDP_Value,24x29,81,0.2576
13,MDP_Value,24x29,82,0.2445
13,MDP_Value,24x29,83,0.2326
13,MDP_Value,24x29,84,0.2207
13,MDP_Value,24x29,85,0.2100
13,MDP_Value,24x29,86,0.1996
13,MDP_Value,24x29,87,0.1897
13,MDP_Value,24x29,88,0.1797
13,MDP_Value,24x29,89,0.1702
13,MDP_Value,24x29,90,0.1614
13,MDP_Value,24x29,91,0.1528
13,MDP_Value,24x29,92,0.1442
13,MDP_Value,24x29,93,0.1356
13,MDP_Value,24x29,94,0.1275
13,MDP_Value,24x29,95,0.1198
13,MDP_Value,24x29,96,0.1127
13,MDP_Value,24x29,97,0.1059
13,MDP_Value,24x29,98,0.0995
13,MDP_Value,24x29,99,0.0936
13,MDP_Value,24x29,100,0.0880
13,MDP_Value,24x29,101,0.0827
13,MDP_Value,24x29,102,0.0777
13,MDP_Value,24x29,103,0.0731
13,MDP_Value,24x29,104,0.0687
13,MDP_Value,24x29,105,0.0646
13,MDP_Value,24x29,106,0.0607
13,MDP_Value,24x29,107,0.0570
13,MDP_Value,24x29,108,0.0536
13,MDP_Value,24x29,109,0.0504
13,MDP_Value,24x29,110,0.0474
13,MDP_Value,24x29,111,0.0445
13,MDP_Value,24x29,112,0.0419
13,MDP_Value,24x29,113,0.0393
13,MDP_Value,24x29,114,0.0370
13,MDP_Value,24x29,115,0.0348
13,MDP_Value,24x29,116,0.0327
13,MDP_Value,24x29,117,0.0307
13,MDP_Value,24x29,118,0.0289
13,MDP_Value,24x29,119,0.0271
13,MDP_Value,24x29,120,0.0255
13,MDP_Value,24x29,121,0.0240
13,MDP_Value,24x29,122,0.0225
13,MDP_Value,24x29,123,0.0212
13,MDP_Value,24x29,124,0.0199
13,MDP_Value,24x29,125,0.0187
13,MDP_Value,24x29,126,0.0176
13,MDP_Value,24x29,127,0.0165
13,MDP_Value,24x29,128,0.0156
13,MDP_Value,24x29,129,0.0146
13,MDP_Value,24x29,130,0.0137
13,MDP_Value,24x29,131,0.0129
13,MDP_Value,24x29,132,0.0121
13,MDP_Value,24x29,133,0.0114
13,MDP_Value,24x29,134,0.0107
13,MDP_Value,24x29,135,0.0101
13,MDP_Value,24x29,136,0.0095
13,MDP_Value,24x29,137,0.0089
13,MDP_Value,24x29,138,0.0084
13,MDP_Value,24x29,139,0.0079
13,MDP_Value,24x29,140,0.0074
44,MDP_Value,40x40,0,2.1173
44,MDP_Value,40x40,1,2.1155
44,MDP_Value,40x40,2,2.2130
44,MDP_Value,40x40,3,2.2920
44,MDP_Value,40x40,4,2.4524
44,MDP_Value,40x40,5,2.4964
44,MDP_Value,40x40,6,2.6687
44,MDP_Value,40x40,7,2.6813
44,MDP_Value,40x40,8,2.8281
44,MDP_Value,40x40,9,2.8298
44,MDP_Value,40x40,10,2.9386
44,MDP_Value,40x40,11,2.8927
44,MDP_Value,40x40,12,2.9841
44,MDP_Value,40x40,13,2.9818
44,MDP_Value,40x40,14,2.9757
44,MDP_Value,40x40,15,2.8346
44,MDP_Value,40x40,16,2.8028
44,MDP_Value,40x40,17,2.6780
44,MDP_Value,40x40,18,2.6422
44,MDP_Value,40x40,19,2.5067
44,MDP_Value,40x40,20,2.4296
44,MDP_Value,40x40,21,2.3206
44,MDP_Value,40x40,22,2.2327
44,MDP_Value,40x40,23,2.1597
44,MDP_Value,40x40,24,2.0947
44,MDP_Value,40x40,25,2.0363
44,MDP_Value,40x40,26,2.0010
44,MDP_Value,40x40,27,1.9522
44,MDP_Value,40x40,28,1.9138
44,MDP_Value,40x40,29,1.8830
44,MDP_Value,40x40,30,1.8227
44,MDP_Value,40x40,31,1.7423
44,MDP_Value,40x40,32,1.6697
44,MDP_Value,40x40,33,1.5881
44,MDP_Value,40x40,34,1.5254
44,MDP_Value,40x40,35,1.4540
44,MDP_Value,40x40,36,1.3962
44,MDP_Value,40x40,37,1.3306
44,MDP_Value,40x40,38,1.2715
44,MDP_Value,40x40,39,1.2202
44,MDP_Value,40x40,40,1.1813
44,MDP_Value,40x40,41,1.1428
44,MDP_Value,40x40,42,1.1124
44,MDP_Value,40x40,43,1.0772
44,MDP_Value,40x40,44,1.0513
44,MDP_Value,40x40,45,1.0188
44,MDP_Value,40x40,46,0.9813
44,MDP_Value,40x40,47,0.9449
44,MDP_Value,40x40,48,0.9233
44,MDP_Value,40x40,49,0.8912
44,MDP_Value,40x40,50,0.8650
44,MDP_Value,40x40,51,0.8387
44,MDP_Value,40x40,52,0.8101
44,MDP_Value,40x40,53,0.7848
44,MDP_Value,40x40,54,0.7537
44,MDP_Value,40x40,55,0.7297
44,MDP_Value,40x40,56,0.7059
44,MDP_Value,40x40,57,0.6826
44,MDP_Value,40x40,58,0.6568
44,MDP_Value,40x40,59,0.6412
44,MDP_Value,40x40,60,0.6234
44,MDP_Value,40x40,61,0.6109
44,MDP_Value,40x40,62,0.5938
44,MDP_Value,40x40,63,0.5792
44,MDP_Value,40x40,64,0.5600
44,MDP_Value,40x40,65,0.5435
44,MDP_Value,40x40,66,0.5244
44,MDP_Value,40x40,67,0.5084
44,MDP_Value,40x40,68,0.4913
44,MDP_Value,40x40,69,0.4763
44,MDP_Value,40x40,70,0.4630
44,MDP_Value,40x40,71,0.4545
44,MDP_Value,40x40,72,0.4433
44,MDP_Value,40x40,73,0.4342
44,MDP_Value,40x40,74,0.4235
44,MDP_Value,40x40,75,0.4112
44,MDP_Value,40x40,76,0.3998
44,MDP_Value,40x40,77,0.3867
44,MDP_Value,40x40,78,0.3742
44,MDP_Value,40x40,79,0.3606
44,MDP_Value,40x40,80,0.3496
44,MDP_Value,40x40,81,0.3378
44,MDP_Value,40x40,82,0.3252
44,MDP_Value,40x40,83,0.3126
44,MDP_Value,40x40,84,0.3020
44,MDP_Value,40x40,85,0.2889
44,MDP_Value,40x40,86,0.2777
44,MDP_Value,40x40,87,0.2651
44,MDP_Value,40x40,88,0.2542
44,MDP_Value,40x40,89,0.2423
44,MDP_Value,40x40,90,0.2316
44,MDP_Value,40x40,91,0.2202
44,MDP_Value,40x40,92,0.2100
44,MDP_Value,40x40,93,0.2000
44,MDP_Value,40x40,94,0.1910
44,MDP_Value,40x40,95,0.1814
44,MDP_Value,40x40,96,0.1732
44,MDP_Value,40x40,97,0.1654
44,MDP_Value,40x40,98,0.1580
44,MDP_Value,40x40,99,0.1509
44,MDP_Value,40x40,100,0.1446
44,MDP_Value,40x40,101,0.1380
44,MDP_Value,40x40,102,0.1318
44,MDP_Value,40x40,103,0.1257
44,MDP_Value,40x40,104,0.1202
44,MDP_Value,40x40,105,0.1143
44,MDP_Value,40x40,106,0.1090
44,MDP_Value,40x40,107,0.1035
44,MDP_Value,40x40,108,0.0986
44,MDP_Value,40x40,109,0.0933
44,MDP_Value,40x40,110,0.0890
44,MDP_Value,40x40,111,0.0845
44,MDP_Value,40x40,112,0.0806
44,MDP_Value,40x40,113,0.0766
44,MDP_Value,40x40,114,0.0729
44,MDP_Value,40x40,115,0.0693
44,MDP_Value,40x40,116,0.0661
44,MDP_Value,40x40,117,0.0627
44,MDP_Value,40x40,118,0.0600
44,MDP_Value,40x40,119,0.0570
44,MDP_Value,40x40,120,0.0543
44,MDP_Value,40x40,121,0.0517
44,MDP_Value,40x40,122,0.0493
44,MDP_Value,40x40,123,0.0469
44,MDP_Value,40x40,124,0.0448
44,MDP_Value,40x40,125,0.0427
44,MDP_Value,40x40,126,0.0409
44,MDP_Value,40x40,127,0.0392
44,MDP_Value,40x40,128,0.0377
44,MDP_Value,40x40,129,0.0361
44,MDP_Value,40x40,130,0.0347
44,MDP_Value,40x40,131,0.0333
44,MDP_Value,40x40,132,0.0319
44,MDP_Value,40x40,133,0.0304
44,MDP_Value,40x40,134,0.0290
44,MDP_Value,40x40,135,0.0276
44,MDP_Value,40x40,136,0.0263
44,MDP_Value,40x40,137,0.0249
44,MDP_Value,40x40,138,0.0238
44,MDP_Value,40x40,139,0.0226
44,MDP_Value,40x40,140,0.0216
44,MDP_Value,40x40,141,0.0205
44,MDP_Value,40x40,142,0.0195
44,MDP_Value,40x40,143,0.0184
44,MDP_Value,40x40,144,0.0176
44,MDP_Value,40x40,145,0.0167
44,MDP_Value,40x40,146,0.0159
44,MDP_Value,40x40,147,0.0151
44,MDP_Value,40x40,148,0.0144
44,MDP_Value,40x40,149,0.0137
44,MDP_Value,40x40,150,0.0131
44,MDP_Value,40x40,151,0.0125
44,MDP_Value,40x40,152,0.0119
44,MDP_Value,40x40,153,0.0113
44,MDP_Value,40x40,154,0.0108
44,MDP_Value,40x40,155,0.0102
44,MDP_Value,40x40,156,0.0097
44,MDP_Value,40x40,157,0.0092
44,MDP_Value,40x40,158,0.0088
44,MDP_Value,40x40,159,0.0084
44,MDP_Value,40x40,160,0.0080
44,MDP_Value,40x40,161,0.0076
44,MDP_Value,40x40,162,0.0072
44,MDP_Value,40x40,163,0.0069
44,MDP_Value,40x40,164,0.0066
0,MDP_Value,50x50,0,0.9907
0,MDP_Value,50x50,1,1.0794
0,MDP_Value,50x50,2,1.1256
0,MDP_Value,50x50,3,1.1501
0,MDP_Value,50x50,4,1.1374
0,MDP_Value,50x50,5,1.1412
0,MDP_Value,50x50,6,1.1278
0,MDP_Value,50x50,7,1.1625
0,MDP_Value,50x50,8,1.1637
0,MDP_Value,50x50,9,1.1940
0,MDP_Value,50x50,10,1.2226
0,MDP_Value,50x50,11,1.2920
0,MDP_Value,50x50,12,1.3009
0,MDP_Value,50x50,13,1.3213
0,MDP_Value,50x50,14,1.3135
0,MDP_Value,50x50,15,1.3828
0,MDP_Value,50x50,16,1.4486
0,MDP_Value,50x50,17,1.4599
0,MDP_Value,50x50,18,1.5055
0,MDP_Value,50x50,19,1.5246
0,MDP_Value,50x50,20,1.5412
0,MDP_Value,50x50,21,1.5671
0,MDP_Value,50x50,22,1.6122
0,MDP_Value,50x50,23,1.6434
0,MDP_Value,50x50,24,1.7023
0,MDP_Value,50x50,25,1.7175
0,MDP_Value,50x50,26,1.7591
0,MDP_Value,50x50,27,1.8262
0,MDP_Value,50x50,28,1.8885
0,MDP_Value,50x50,29,1.9640
0,MDP_Value,50x50,30,2.0082
0,MDP_Value,50x50,31,2.0314
0,MDP_Value,50x50,32,2.0519
0,MDP_Value,50x50,33,2.0699
0,MDP_Value,50x50,34,2.1011
0,MDP_Value,50x50,35,2.1369
0,MDP_Value,50x50,36,2.1545
0,MDP_Value,50x50,37,2.1911
0,MDP_Value,50x50,38,2.2525
0,MDP_Value,50x50,39,2.2888
0,MDP_Value,50x50,40,2.3611
0,MDP_Value,50x50,41,2.3897
0,MDP_Value,50x50,42,2.4584
0,MDP_Value,50x50,43,2.4981
0,MDP_Value,50x50,44,2.5392
0,MDP_Value,50x50,45,2.5478
0,MDP_Value,50x50,46,2.6100
0,MDP_Value,50x50,47,2.6734
0,MDP_Value,50x50,48,2.7045
0,MDP_Value,50x50,49,2.6956
0,MDP_Value,50x50,50,2.6898
0,MDP_Value,50x50,51,2.6827
0,MDP_Value,50x50,52,2.6788
0,MDP_Value,50x50,53,2.7060
0,MDP_Value,50x50,54,2.6892
0,MDP_Value,50x50,55,2.7061
0,MDP_Value,50x50,56,2.6822
0,MDP_Value,50x50,57,2.6569
0,MDP_Value,50x50,58,2.6069
0,MDP_Value,50x50,59,2.6009
0,MDP_Value,50x50,60,2.5399
0,MDP_Value,50x50,61,2.5359
0,MDP_Value,50x50,62,2.5057
0,MDP_Value,50x50,63,2.4888
0,MDP_Value,50x50,64,2.4611
0,MDP_Value,50x50,65,2.4699
0,MDP_Value,50x50,66,2.4508
0,MDP_Value,50x50,67,2.4432
0,MDP_Value,50x50,68,2.4346
0,MDP_Value,50x50,69,2.4276
0,MDP_Value,50x50,70,2.4017
0,MDP_Value,50x50,71,2.3694
0,MDP_Value,50x50,72,2.3456
0,MDP_Value,50x50,73,2.3078
0,MDP_Value,50x50,74,2.2729
0,MDP_Value,50x50,75,2.2434
0,MDP_Value,50x50,76,2.2139
0,MDP_Value,50x50,77,2.1844
0,MDP_Value,50x50,78,2.1501
0,MDP_Value,50x50,79,2.1230
0,MDP_Value,50x50,80,2.1004
0,MDP_Value,50x50,81,2.0819
0,MDP_Value,50x50,82,2.0607
0,MDP_Value,50x50,83,2.0330
0,MDP_Value,50x50,84,2.0153
0,MDP_Value,50x50,85,1.9953
0,MDP_Value,50x50,86,1.9864
0,MDP_Value,50x50,87,1.9729
0,MDP_Value,50x50,88,1.9604
0,MDP_Value,50x50,89,1.9367
0,MDP_Value,50x50,90,1.9195
0,MDP_Value,50x50,91,1.8988
0,MDP_Value,50x50,92,1.8727
0,MDP_Value,50x50,93,1.8562
0,MDP_Value,50x50,94,1.8471
0,MDP_Value,50x50,95,1.8236
0,MDP_Value,50x50,96,1.7985
0,MDP_Value,50x50,97,1.7678
0,MDP_Value,50x50,98,1.7304
0,MDP_Value,50x50,99,1.6951
0,MDP_Value,50x50,100,1.6644
0,MDP_Value,50x50,101,1.6355
0,MDP_Value,50x50,102,1.6118
0,MDP_Value,50x50,103,1.5908
0,MDP_Value,50x50,104,1.5673
0,MDP_Value,50x50,105,1.5451
0,MDP_Value,50x50,106,1.5197
0,MDP_Value,50x50,107,1.4945
0,MDP_Value,50x50,108,1.4663
0,MDP_Value,50x50,109,1.4407
0,MDP_Value,50x50,110,1.4174
0,MDP_Value,50x50,111,1.3923
0,MDP_Value,50x50,112,1.3705
0,MDP_Value,50x50,113,1.3488
0,MDP_Value,50x50,114,1.3336
0,MDP_Value,50x50,115,1.3131
0,MDP_Value,50x50,116,1.2985
0,MDP_Value,50x50,117,1.2823
0,MDP_Value,50x50,118,1.2676
0,MDP_Value,50x50,119,1.2567
0,MDP_Value,50x50,120,1.2417
0,MDP_Value,50x50,121,1.2243
0,MDP_Value,50x50,122,1.2026
0,MDP_Value,50x50,123,1.1861
0,MDP_Value,50x50,124,1.1676
0,MDP_Value,50x50,125,1.1479
0,MDP_Value,50x50,126,1.1277
0,MDP_Value,50x50,127,1.1135
0,MDP_Value,50x50,128,1.0950
0,MDP_Value,50x50,129,1.0803
0,MDP_Value,50x50,130,1.0632
0,MDP_Value,50x50,131,1.0469
0,MDP_Value,50x50,132,1.0235
0,MDP_Value,50x50,133,1.0037
0,MDP_Value,50x50,134,0.9880
0,MDP_Value,50x50,135,0.9734
0,MDP_Value,50x50,136,0.9604
0,MDP_Value,50x50,137,0.9470
0,MDP_Value,50x50,138,0.9340
0,MDP_Value,50x50,139,0.9197
0,MDP_Value,50x50,140,0.9037
0,MDP_Value,50x50,141,0.8866
0,MDP_Value,50x50,142,0.8710
0,MDP_Value,50x50,143,0.8589
0,MDP_Value,50x50,144,0.8441
0,MDP_Value,50x50,145,0.8321
0,MDP_Value,50x50,146,0.8202
0,MDP_Value,50x50,147,0.8080
0,MDP_Value,50x50,148,0.7962
0,MDP_Value,50x50,149,0.7830
0,MDP_Value,50x50,150,0.7720
0,MDP_Value,50x50,151,0.7638
0,MDP_Value,50x50,152,0.7547
0,MDP_Value,50x50,153,0.7444
0,MDP_Value,50x50,154,0.7344
0,MDP_Value,50x50,155,0.7223
0,MDP_Value,50x50,156,0.7126
0,MDP_Value,50x50,157,0.7029
0,MDP_Value,50x50,158,0.6979
0,MDP_Value,50x50,159,0.6911
0,MDP_Value,50x50,160,0.6836
0,MDP_Value,50x50,161,0.6733
0,MDP_Value,50x50,162,0.6642
0,MDP_Value,50x50,163,0.6542
0,MDP_Value,50x50,164,0.6473
0,MDP_Value,50x50,165,0.6401
0,MDP_Value,50x50,166,0.6330
0,MDP_Value,50x50,167,0.6235
0,MDP_Value,50x50,168,0.6175
0,MDP_Value,50x50,169,0.6095
0,MDP_Value,50x50,170,0.6028
0,MDP_Value,50x50,171,0.5943
0,MDP_Value,50x50,172,0.5871
0,MDP_Value,50x50,173,0.5788
0,MDP_Value,50x50,174,0.5707
0,MDP_Value,50x50,175,0.5622
0,MDP_Value,50x50,176,0.5533
0,MDP_Value,50x50,177,0.5448
0,MDP_Value,50x50,178,0.5378
0,MDP_Value,50x50,179,0.5305
0,MDP_Value,50x50,180,0.5222
0,MDP_Value,50x50,181,0.5139
0,MDP_Value,50x50,182,0.5052
0,MDP_Value,50x50,183,0.4958
0,MDP_Value,50x50,184,0.4860
0,MDP_Value,50x50,185,0.4770
0,MDP_Value,50x50,186,0.4670
0,MDP_Value,50x50,187,0.4577
0,MDP_Value,50x50,188,0.4467
0,MDP_Value,50x50,189,0.4367
0,MDP_Value,50x50,190,0.4258
0,MDP_Value,50x50,191,0.4159
0,MDP_Value,50x50,192,0.4053
0,MDP_Value,50x50,193,0.3953
0,MDP_Value,50x50,194,0.3850
0,MDP_Value,50x50,195,0.3754
0,MDP_Value,50x50,196,0.3656
0,MDP_Value,50x50,197,0.3571
0,MDP_Value,50x50,198,0.3486
0,MDP_Value,50x50,199,0.3402
0,MDP_Value,50x50,200,0.3317
0,MDP_Value,50x50,201,0.3232
0,MDP_Value,50x50,202,0.3151
0,MDP_Value,50x50,203,0.3074
0,MDP_Value,50x50,204,0.2994
0,MDP_Value,50x50,205,0.2919
0,MDP_Value,50x50,206,0.2846
0,MDP_Value,50x50,207,0.2773
0,MDP_Value,50x50,208,0.2702
0,MDP_Value,50x50,209,0.2630
0,MDP_Value,50x50,210,0.2561
0,MDP_Value,50x50,211,0.2494
0,MDP_Value,50x50,212,0.2427
0,MDP_Value,50x50,213,0.2363
0,MDP_Value,50x50,214,0.2300
0,MDP_Value,50x50,215,0.2238
0,MDP_Value,50x50,216,0.2179
0,MDP_Value,50x50,217,0.2120
0,MDP_Value,50x50,218,0.2064
0,MDP_Value,50x50,219,0.2009
0,MDP_Value,50x50,220,0.1955
0,MDP_Value,50x50,221,0.1903
0,MDP_Value,50x50,222,0.1852
0,MDP_Value,50x50,223,0.1803
0,MDP_Value,50x50,224,0.1755
0,MDP_Value,50x50,225,0.1708
0,MDP_Value,50x50,226,0.1663
0,MDP_Value,50x50,227,0.1618
0,MDP_Value,50x50,228,0.1575
0,MDP_Value,50x50,229,0.1533
0,MDP_Value,50x50,230,0.1492
0,MDP_Value,50x50,231,0.1452
0,MDP_Value,50x50,232,0.1414
0,MDP_Value,50x50,233,0.1376
0,MDP_Value,50x50,234,0.1339
0,MDP_Value,50x50,235,0.1304
0,MDP_Value,50x50,236,0.1269
0,MDP_Value,50x50,237,0.1235
0,MDP_Value,50x50,238,0.1202
0,MDP_Value,50x50,239,0.1170
0,MDP_Value,50x50,240,0.1139
0,MDP_Value,50x50,241,0.1108
0,MDP_Value,50x50,242,0.1079
0,MDP_Value,50x50,243,0.1050
0,MDP_Value,50x50,244,0.1022
0,MDP_Value,50x50,245,0.0995
0,MDP_Value,50x50,246,0.0968
0,MDP_Value,50x50,247,0.0943
0,MDP_Value,50x50,248,0.0917
0,MDP_Value,50x50,249,0.0893
0,MDP_Value,50x50,250,0.0869
0,MDP_Value,50x50,251,0.0846
0,MDP_Value,50x50,252,0.0823
0,MDP_Value,50x50,253,0.0801
0,MDP_Value,50x50,254,0.0780
0,MDP_Value,50x50,255,0.0759
0,MDP_Value,50x50,256,0.0739
0,MDP_Value,50x50,257,0.0719
0,MDP_Value,50x50,258,0.0700
0,MDP_Value,50x50,259,0.0681
0,MDP_Value,50x50,260,0.0663
0,MDP_Value,50x50,261,0.0646
0,MDP_Value,50x50,262,0.0628
0,MDP_Value,50x50,263,0.0612
0,MDP_Value,50x50,264,0.0595
0,MDP_Value,50x50,265,0.0579
0,MDP_Value,50x50,266,0.0564
0,MDP_Value,50x50,267,0.0549
0,MDP_Value,50x50,268,0.0534
0,MDP_Value,50x50,269,0.0520
0,MDP_Value,50x50,270,0.0506
0,MDP_Value,50x50,271,0.0493
0,MDP_Value,50x50,272,0.0480
0,MDP_Value,50x50,273,0.0467
0,MDP_Value,50x50,274,0.0454
0,MDP_Value,50x50,275,0.0442
0,MDP_Value,50x50,276,0.0430
0,MDP_Value,50x50,277,0.0419
0,MDP_Value,50x50,278,0.0408
0,MDP_Value,50x50,279,0.0397
0,MDP_Value,50x50,280,0.0386
0,MDP_Value,50x50,281,0.0376
0,MDP_Value,50x50,282,0.0366
0,MDP_Value,50x50,283,0.0356
0,MDP_Value,50x50,284,0.0347
0,MDP_Value,50x50,285,0.0337
0,MDP_Value,50x50,286,0.0328
0,MDP_Value,50x50,287,0.0320
0,MDP_Value,50x50,288,0.0311
0,MDP_Value,50x50,289,0.0303
0,MDP_Value,50x50,290,0.0295
0,MDP_Value,50x50,291,0.0287
0,MDP_Value,50x50,292,0.0279
0,MDP_Value,50x50,293,0.0272
0,MDP_Value,50x50,294,0.0265
0,MDP_Value,50x50,295,0.0258
0,MDP_Value,50x50,296,0.0251
0,MDP_Value,50x50,297,0.0244
0,MDP_Value,50x50,298,0.0237
0,MDP_Value,50x50,299,0.0231
0,MDP_Value,50x50,300,0.0225
0,MDP_Value,50x50,301,0.0219
0,MDP_Value,50x50,302,0.0213
0,MDP_Value,50x50,303,0.0207
0,MDP_Value,50x50,304,0.0202
0,MDP_Value,50x50,305,0.0197
0,MDP_Value,50x50,306,0.0191
0,MDP_Value,50x50,307,0.0186
0,MDP_Value,50x50,308,0.0181
0,MDP_Value,50x50,309,0.0176
0,MDP_Value,50x50,310,0.0172
0,MDP_Value,50x50,311,0.0167
0,MDP_Value,50x50,312,0.0163
0,MDP_Value,50x50,313,0.0158
0,MDP_Value,50x50,314,0.0154
0,MDP_Value,50x50,315,0.0150
0,MDP_Value,50x50,316,0.0146
0,MDP_Value,50x50,317,0.0142
0,MDP_Value,50x50,318,0.0138
0,MDP_Value,50x50,319,0.0135
0,MDP_Value,50x50,320,0.0131
0,MDP_Value,50x50,321,0.0128
0,MDP_Value,50x50,322,0.0124
0,MDP_Value,50x50,323,0.0121
0,MDP_Value,50x50,324,0.0118
0,MDP_Value,50x50,325,0.0114
0,MDP_Value,50x50,326,0.0111
0,MDP_Value,50x50,327,0.0108
0,MDP_Value,50x50,328,0.0106
0,MDP_Value,50x50,329,0.0103
0,MDP_Value,50x50,330,0.0100
0,MDP_Value,50x50,331,0.0097
0,MDP_Value,50x50,332,0.0095
0,MDP_Value,50x50,333,0.0092
0,MDP_Value,50x50,334,0.0090
0,MDP_Value,50x50,335,0.0087
0,MDP_Value,50x50,336,0.0085
0,MDP_Value,50x50,337,0.0083
0,MDP_Value,50x50,338,0.0081
0,MDP_Value,50x50,339,0.0078
0,MDP_Value,50x50,340,0.0076
0,MDP_Value,50x50,341,0.0074
1,MDP_Value,50x50,0,0.9516
1,MDP_Value,50x50,1,0.9838
1,MDP_Value,50x50,2,1.0135
1,MDP_Value,50x50,3,1.0771
1,MDP_Value,50x50,4,1.1194
1,MDP_Value,50x50,5,1.2096
1,MDP_Value,50x50,6,1.2949
1,MDP_Value,50x50,7,1.4230
1,MDP_Value,50x50,8,1.6070
1,MDP_Value,50x50,9,1.8267
1,MDP_Value,50x50,10,2.0188
1,MDP_Value,50x50,11,2.1265
1,MDP_Value,50x50,12,2.2546
1,MDP_Value,50x50,13,2.3199
1,MDP_Value,50x50,14,2.3658
1,MDP_Value,50x50,15,2.4732
1,MDP_Value,50x50,16,2.5990
1,MDP_Value,50x50,17,2.7906
1,MDP_Value,50x50,18,2.9107
1,MDP_Value,50x50,19,3.0215
1,MDP_Value,50x50,20,3.1019
1,MDP_Value,50x50,21,3.1533
1,MDP_Value,50x50,22,3.1781
1,MDP_Value,50x50,23,3.1886
1,MDP_Value,50x50,24,3.2168
1,MDP_Value,50x50,25,3.3309
1,MDP_Value,50x50,26,3.4376
1,MDP_Value,50x50,27,3.5735
1,MDP_Value,50x50,28,3.6911
1,MDP_Value,50x50,29,3.8353
1,MDP_Value,50x50,30,3.9958
1,MDP_Value,50x50,31,4.1620
1,MDP_Value,50x50,32,4.2425
1,MDP_Value,50x50,33,4.4031
1,MDP_Value,50x50,34,4.4129
1,MDP_Value,50x50,35,4.5005
1,MDP_Value,50x50,36,4.4640
1,MDP_Value,50x50,37,4.4959
1,MDP_Value,50x50,38,4.4128
1,MDP_Value,50x50,39,4.4242
1,MDP_Value,50x50,40,4.3543
1,MDP_Value,50x50,41,4.3670
1,MDP_Value,50x50,42,4.3464
1,MDP_Value,50x50,43,4.3899
1,MDP_Value,50x50,44,4.3816
1,MDP_Value,50x50,45,4.3985
1,MDP_Value,50x50,46,4.4179
1,MDP_Value,50x50,47,4.4382
1,MDP_Value,50x50,48,4.4225
1,MDP_Value,50x50,49,4.4457
1,MDP_Value,50x50,50,4.4752
1,MDP_Value,50x50,51,4.5097
1,MDP_Value,50x50,52,4.5009
1,MDP_Value,50x50,53,4.4563
1,MDP_Value,50x50,54,4.3970
1,MDP_Value,50x50,55,4.3509
1,MDP_Value,50x50,56,4.2958
1,MDP_Value,50x50,57,4.2487
1,MDP_Value,50x50,58,4.1930
1,MDP_Value,50x50,59,4.1292
1,MDP_Value,50x50,60,4.0504
1,MDP_Value,50x50,61,3.9877
1,MDP_Value,50x50,62,3.9000
1,MDP_Value,50x50,63,3.8317
1,MDP_Value,50x50,64,3.7542
1,MDP_Value,50x50,65,3.6778
1,MDP_Value,50x50,66,3.6095
1,MDP_Value,50x50,67,3.5294
1,MDP_Value,50x50,68,3.4634
1,MDP_Value,50x50,69,3.4137
1,MDP_Value,50x50,70,3.3496
1,MDP_Value,50x50,71,3.2834
1,MDP_Value,50x50,72,3.2267
1,MDP_Value,50x50,73,3.1790
1,MDP_Value,50x50,74,3.1236
1,MDP_Value,50x50,75,3.0586
1,MDP_Value,50x50,76,3.0022
1,MDP_Value,50x50,77,2.9516
1,MDP_Value,50x50,78,2.8874
1,MDP_Value,50x50,79,2.8405
1,MDP_Value,50x50,80,2.7876
1,MDP_Value,50x50,81,2.7396
1,MDP_Value,50x50,82,2.6817
1,MDP_Value,50x50,83,2.6248
1,MDP_Value,50x50,84,2.5691
1,MDP_Value,50x50,85,2.5125
1,MDP_Value,50x50,86,2.4609
1,MDP_Value,50x50,87,2.4084
1,MDP_Value,50x50,88,2.3551
1,MDP_Value,50x50,89,2.3065
1,MDP_Value,50x50,90,2.2640
1,MDP_Value,50x50,91,2.2138
1,MDP_Value,50x50,92,2.1695
1,MDP_Value,50x50,93,2.1308
1,MDP_Value,50x50,94,2.0957
1,MDP_Value,50x50,95,2.0565
1,MDP_Value,50x50,96,2.0178
1,MDP_Value,50x50,97,1.9755
1,MDP_Value,50x50,98,1.9312
1,MDP_Value,50x50,99,1.8905
1,MDP_Value,50x50,100,1.8520
1,MDP_Value,50x50,101,1.8193
1,MDP_Value,50x50,102,1.7870
1,MDP_Value,50x50,103,1.7588
1,MDP_Value,50x50,104,1.7333
1,MDP_Value,50x50,105,1.7032
1,MDP_Value,50x50,106,1.6780
1,MDP_Value,50x50,107,1.6497
1,MDP_Value,50x50,108,1.6269
1,MDP_Value,50x50,109,1.6022
1,MDP_Value,50x50,110,1.5806
1,MDP_Value,50x50,111,1.5562
1,MDP_Value,50x50,112,1.5328
1,MDP_Value,50x50,113,1.5151
1,MDP_Value,50x50,114,1.4902
1,MDP_Value,50x50,115,1.4697
1,MDP_Value,50x50,116,1.4537
1,MDP_Value,50x50,117,1.4325
1,MDP_Value,50x50,118,1.4234
1,MDP_Value,50x50,119,1.3975
1,MDP_Value,50x50,120,1.3846
1,MDP_Value,50x50,121,1.3599
1,MDP_Value,50x50,122,1.3410
1,MDP_Value,50x50,123,1.3124
1,MDP_Value,50x50,124,1.2959
1,MDP_Value,50x50,125,1.2736
1,MDP_Value,50x50,126,1.2630
1,MDP_Value,50x50,127,1.2428
1,MDP_Value,50x50,128,1.2343
1,MDP_Value,50x50,129,1.2154
1,MDP_Value,50x50,130,1.2005
1,MDP_Value,50x50,131,1.1766
1,MDP_Value,50x50,132,1.1596
1,MDP_Value,50x50,133,1.1348
1,MDP_Value,50x50,134,1.1176
1,MDP_Value,50x50,135,1.0966
1,MDP_Value,50x50,136,1.0802
1,MDP_Value,50x50,137,1.0602
1,MDP_Value,50x50,138,1.0456
1,MDP_Value,50x50,139,1.0256
1,MDP_Value,50x50,140,1.0125
1,MDP_Value,50x50,141,0.9930
1,MDP_Value,50x50,142,0.9796
1,MDP_Value,50x50,143,0.9655
1,MDP_Value,50x50,144,0.9514
1,MDP_Value,50x50,145,0.9312
1,MDP_Value,50x50,146,0.9150
1,MDP_Value,50x50,147,0.8992
1,MDP_Value,50x50,148,0.8867
1,MDP_Value,50x50,149,0.8747
1,MDP_Value,50x50,150,0.8637
1,MDP_Value,50x50,151,0.8516
1,MDP_Value,50x50,152,0.8380
1,MDP_Value,50x50,153,0.8273
1,MDP_Value,50x50,154,0.8138
1,MDP_Value,50x50,155,0.8038
1,MDP_Value,50x50,156,0.7882
1,MDP_Value,50x50,157,0.7756
1,MDP_Value,50x50,158,0.7610
1,MDP_Value,50x50,159,0.7487
1,MDP_Value,50x50,160,0.7353
1,MDP_Value,50x50,161,0.7238
1,MDP_Value,50x50,162,0.7102
1,MDP_Value,50x50,163,0.6963
1,MDP_Value,50x50,164,0.6825
1,MDP_Value,50x50,165,0.6693
1,MDP_Value,50x50,166,0.6581
1,MDP_Value,50x50,167,0.6472
1,MDP_Value,50x50,168,0.6371
1,MDP_Value,50x50,169,0.6258
1,MDP_Value,50x50,170,0.6151
1,MDP_Value,50x50,171,0.6032
1,MDP_Value,50x50,172,0.5920
1,MDP_Value,50x50,173,0.5795
1,MDP_Value,50x50,174,0.5684
1,MDP_Value,50x50,175,0.5563
1,MDP_Value,50x50,176,0.5435
1,MDP_Value,50x50,177,0.5313
1,MDP_Value,50x50,178,0.5193
1,MDP_Value,50x50,179,0.5082
1,MDP_Value,50x50,180,0.4973
1,MDP_Value,50x50,181,0.4874
1,MDP_Value,50x50,182,0.4763
1,MDP_Value,50x50,183,0.4666
1,MDP_Value,50x50,184,0.4569
1,MDP_Value,50x50,185,0.4470
1,MDP_Value,50x50,186,0.4374
1,MDP_Value,50x50,187,0.4270
1,MDP_Value,50x50,188,0.4176
1,MDP_Value,50x50,189,0.4075
1,MDP_Value,50x50,190,0.3991
1,MDP_Value,50x50,191,0.3903
1,MDP_Value,50x50,192,0.3817
1,MDP_Value,50x50,193,0.3731
1,MDP_Value,50x50,194,0.3657
1,MDP_Value,50x50,195,0.3574
1,MDP_Value,50x50,196,0.3498
1,MDP_Value,50x50,197,0.3411
1,MDP_Value,50x50,198,0.3340
1,MDP_Value,50x50,199,0.3261
1,MDP_Value,50x50,200,0.3195
1,MDP_Value,50x50,201,0.3120
1,MDP_Value,50x50,202,0.3061
1,MDP_Value,50x50,203,0.2991
1,MDP_Value,50x50,204,0.2927
1,MDP_Value,50x50,205,0.2853
1,MDP_Value,50x50,206,0.2788
1,MDP_Value,50x50,207,0.2722
1,MDP_Value,50x50,208,0.2659
1,MDP_Value,50x50,209,0.2597
1,MDP_Value,50x50,210,0.2535
1,MDP_Value,50x50,211,0.2473
1,MDP_Value,50x50,212,0.2411
1,MDP_Value,50x50,213,0.2350
1,MDP_Value,50x50,214,0.2291
1,MDP_Value,50x50,215,0.2232
1,MDP_Value,50x50,216,0.2175
1,MDP_Value,50x50,217,0.2118
1,MDP_Value,50x50,218,0.2062
1,MDP_Value,50x50,219,0.2008
1,MDP_Value,50x50,220,0.1955
1,MDP_Value,50x50,221,0.1903
1,MDP_Value,50x50,222,0.1852
1,MDP_Value,50x50,223,0.1803
1,MDP_Value,50x50,224,0.1755
1,MDP_Value,50x50,225,0.1708
1,MDP_Value,50x50,226,0.1663
1,MDP_Value,50x50,227,0.1618
1,MDP_Value,50x50,228,0.1575
1,MDP_Value,50x50,229,0.1533
1,MDP_Value,50x50,230,0.1492
1,MDP_Value,50x50,231,0.1452
1,MDP_Value,50x50,232,0.1414
1,MDP_Value,50x50,233,0.1376
1,MDP_Value,50x50,234,0.1339
1,MDP_Value,50x50,235,0.1304
1,MDP_Value,50x50,236,0.1269
1,MDP_Value,50x50,237,0.1235
1,MDP_Value,50x50,238,0.1202
1,MDP_Value,50x50,239,0.1170
1,MDP_Value,50x50,240,0.1139
1,MDP_Value,50x50,241,0.1108
1,MDP_Value,50x50,242,0.1079
1,MDP_Value,50x50,243,0.1050
1,MDP_Value,50x50,244,0.1022
1,MDP_Value,50x50,245,0.0995
1,MDP_Value,50x50,246,0.0968
1,MDP_Value,50x50,247,0.0943
1,MDP_Value,50x50,248,0.0917
1,MDP_Value,50x50,249,0.0893
1,MDP_Value,50x50,250,0.0869
1,MDP_Value,50x50,251,0.0846
1,MDP_Value,50x50,252,0.0823
1,MDP_Value,50x50,253,0.0801
1,MDP_Value,50x50,254,0.0780
1,MDP_Value,50x50,255,0.0759
1,MDP_Value,50x50,256,0.0739
1,MDP_Value,50x50,257,0.0719
1,MDP_Value,50x50,258,0.0700
1,MDP_Value,50x50,259,0.0681
1,MDP_Value,50x50,260,0.0663
1,MDP_Value,50x50,261,0.0646
1,MDP_Value,50x50,262,0.0628
1,MDP_Value,50x50,263,0.0612
1,MDP_Value,50x50,264,0.0595
1,MDP_Value,50x50,265,0.0579
1,MDP_Value,50x50,266,0.0564
1,MDP_Value,50x50,267,0.0549
1,MDP_Value,50x50,268,0.0534
1,MDP_Value,50x50,269,0.0520
1,MDP_Value,50x50,270,0.0506
1,MDP_Value,50x50,271,0.0493
1,MDP_Value,50x50,272,0.0480
1,MDP_Value,50x50,273,0.0467
1,MDP_Value,50x50,274,0.0454
1,MDP_Value,50x50,275,0.0442
1,MDP_Value,50x50,276,0.0430
1,MDP_Value,50x50,277,0.0419
1,MDP_Value,50x50,278,0.0408
1,MDP_Value,50x50,279,0.0397
1,MDP_Value,50x50,280,0.0386
1,MDP_Value,50x50,281,0.0376
1,MDP_Value,50x50,282,0.0366
1,MDP_Value,50x50,283,0.0356
1,MDP_Value,50x50,284,0.0347
1,MDP_Value,50x50,285,0.0337
1,MDP_Value,50x50,286,0.0328
1,MDP_Value,50x50,287,0.0320
1,MDP_Value,50x50,288,0.0311
1,MDP_Value,50x50,289,0.0303
1,MDP_Value,50x50,290,0.0295
1,MDP_Value,50x50,291,0.0287
1,MDP_Value,50x50,292,0.0279
1,MDP_Value,50x50,293,0.0272
1,MDP_Value,50x50,294,0.0265
1,MDP_Value,50x50,295,0.0258
1,MDP_Value,50x50,296,0.0251
1,MDP_Value,50x50,297,0.0244
1,MDP_Value,50x50,298,0.0237
1,MDP_Value,50x50,299,0.0231
1,MDP_Value,50x50,300,0.0225
1,MDP_Value,50x50,301,0.0219
1,MDP_Value,50x50,302,0.0213
1,MDP_Value,50x50,303,0.0207
1,MDP_Value,50x50,304,0.0202
1,MDP_Value,50x50,305,0.0197
1,MDP_Value,50x50,306,0.0191
1,MDP_Value,50x50,307,0.0186
1,MDP_Value,50x50,308,0.0181
1,MDP_Value,50x50,309,0.0176
1,MDP_Value,50x50,310,0.0172
1,MDP_Value,50x50,311,0.0167
1,MDP_Value,50x50,312,0.0163
1,MDP_Value,50x50,313,0.0158
1,MDP_Value,50x50,314,0.0154
1,MDP_Value,50x50,315,0.0150
1,MDP_Value,50x50,316,0.0146
1,MDP_Value,50x50,317,0.0142
1,MDP_Value,50x50,318,0.0138
1,MDP_Value,50x50,319,0.0135
1,MDP_Value,50x50,320,0.0131
1,MDP_Value,50x50,321,0.0128
1,MDP_Value,50x50,322,0.0124
1,MDP_Value,50x50,323,0.0121
1,MDP_Value,50x50,324,0.0118
1,MDP_Value,50x50,325,0.0114
1,MDP_Value,50x50,326,0.0111
1,MDP_Value,50x50,327,0.0108
1,MDP_Value,50x50,328,0.0106
1,MDP_Value,50x50,329,0.0103
1,MDP_Value,50x50,330,0.0100
1,MDP_Value,50x50,331,0.0097
1,MDP_Value,50x50,332,0.0095
1,MDP_Value,50x50,333,0.0092
1,MDP_Value,50x50,334,0.0090
1,MDP_Value,50x50,335,0.0087
1,MDP_Value,50x50,336,0.0085
1,MDP_Value,50x50,337,0.0083
1,MDP_Value,50x50,338,0.0081
1,MDP_Value,50x50,339,0.0078
1,MDP_Value,50x50,340,0.0076
1,MDP_Value,50x50,341,0.0074
2,MDP_Value,50x50,0,0.9516
2,MDP_Value,50x50,1,1.0599
2,MDP_Value,50x50,2,1.2368
2,MDP_Value,50x50,3,1.3858
2,MDP_Value,50x50,4,1.5080
2,MDP_Value,50x50,5,1.5886
2,MDP_Value,50x50,6,1.6135
2,MDP_Value,50x50,7,1.6194
2,MDP_Value,50x50,8,1.6554
2,MDP_Value,50x50,9,1.7040
2,MDP_Value,50x50,10,1.7189
2,MDP_Value,50x50,11,1.7751
2,MDP_Value,50x50,12,1.7429
2,MDP_Value,50x50,13,1.7649
2,MDP_Value,50x50,14,1.7321
2,MDP_Value,50x50,15,1.7509
2,MDP_Value,50x50,16,1.7177
2,MDP_Value,50x50,17,1.7087
2,MDP_Value,50x50,18,1.6637
2,MDP_Value,50x50,19,1.6776
2,MDP_Value,50x50,20,1.6678
2,MDP_Value,50x50,21,1.7342
2,MDP_Value,50x50,22,1.7647
2,MDP_Value,50x50,23,1.8335
2,MDP_Value,50x50,24,1.9187
2,MDP_Value,50x50,25,1.9082
2,MDP_Value,50x50,26,1.9155
2,MDP_Value,50x50,27,1.9499
2,MDP_Value,50x50,28,1.9444
2,MDP_Value,50x50,29,1.9553
2,MDP_Value,50x50,30,1.9820
2,MDP_Value,50x50,31,2.0058
2,MDP_Value,50x50,32,2.0270
2,MDP_Value,50x50,33,2.0457
2,MDP_Value,50x50,34,2.0775
2,MDP_Value,50x50,35,2.1443
2,MDP_Value,50x50,36,2.1916
2,MDP_Value,50x50,37,2.2634
2,MDP_Value,50x50,38,2.2952
2,MDP_Value,50x50,39,2.3231
2,MDP_Value,50x50,40,2.3747
2,MDP_Value,50x50,41,2.4543
2,MDP_Value,50x50,42,2.5157
2,MDP_Value,50x50,43,2.6208
2,MDP_Value,50x50,44,2.6774
2,MDP_Value,50x50,45,2.7284
2,MDP_Value,50x50,46,2.7356
2,MDP_Value,50x50,47,2.6905
2,MDP_Value,50x50,48,2.6563
2,MDP_Value,50x50,49,2.6327
2,MDP_Value,50x50,50,2.6185
2,MDP_Value,50x50,51,2.6280
2,MDP_Value,50x50,52,2.6545
2,MDP_Value,50x50,53,2.7012
2,MDP_Value,50x50,54,2.7255
2,MDP_Value,50x50,55,2.7596
2,MDP_Value,50x50,56,2.8118
2,MDP_Value,50x50,57,2.8970
2,MDP_Value,50x50,58,2.9352
2,MDP_Value,50x50,59,2.9648
2,MDP_Value,50x50,60,2.9871
2,MDP_Value,50x50,61,3.0360
2,MDP_Value,50x50,62,3.0623
2,MDP_Value,50x50,63,3.1167
2,MDP_Value,50x50,64,3.1492
2,MDP_Value,50x50,65,3.2043
2,MDP_Value,50x50,66,3.2055
2,MDP_Value,50x50,67,3.2003
2,MDP_Value,50x50,68,3.1779
2,MDP_Value,50x50,69,3.1754
2,MDP_Value,50x50,70,3.1533
2,MDP_Value,50x50,71,3.1413
2,MDP_Value,50x50,72,3.1197
2,MDP_Value,50x50,73,3.0749
2,MDP_Value,50x50,74,3.0567
2,MDP_Value,50x50,75,3.0170
2,MDP_Value,50x50,76,3.0094
2,MDP_Value,50x50,77,2.9714
2,MDP_Value,50x50,78,2.9398
2,MDP_Value,50x50,79,2.8919
2,MDP_Value,50x50,80,2.8554
2,MDP_Value,50x50,81,2.8059
2,MDP_Value,50x50,82,2.7781
2,MDP_Value,50x50,83,2.7502
2,MDP_Value,50x50,84,2.7296
2,MDP_Value,50x50,85,2.7084
2,MDP_Value,50x50,86,2.6901
2,MDP_Value,50x50,87,2.6747
2,MDP_Value,50x50,88,2.6473
2,MDP_Value,50x50,89,2.6352
2,MDP_Value,50x50,90,2.6187
2,MDP_Value,50x50,91,2.6144
2,MDP_Value,50x50,92,2.6217
2,MDP_Value,50x50,93,2.6347
2,MDP_Value,50x50,94,2.6422
2,MDP_Value,50x50,95,2.6563
2,MDP_Value,50x50,96,2.6738
2,MDP_Value,50x50,97,2.6884
2,MDP_Value,50x50,98,2.6948
2,MDP_Value,50x50,99,2.7043
2,MDP_Value,50x50,100,2.7075
2,MDP_Value,50x50,101,2.7252
2,MDP_Value,50x50,102,2.7277
2,MDP_Value,50x50,103,2.7268
2,MDP_Value,50x50,104,2.7099
2,MDP_Value,50x50,105,2.7101
2,MDP_Value,50x50,106,2.6953
2,MDP_Value,50x50,107,2.6834
2,MDP_Value,50x50,108,2.6620
2,MDP_Value,50x50,109,2.6520
2,MDP_Value,50x50,110,2.6368
2,MDP_Value,50x50,111,2.6291
2,MDP_Value,50x50,112,2.6164
2,MDP_Value,50x50,113,2.5950
2,MDP_Value,50x50,114,2.5701
2,MDP_Value,50x50,115,2.5474
2,MDP_Value,50x50,116,2.5291
2,MDP_Value,50x50,117,2.4968
2,MDP_Value,50x50,118,2.4683
2,MDP_Value,50x50,119,2.4295
2,MDP_Value,50x50,120,2.3831
2,MDP_Value,50x50,121,2.3346
2,MDP_Value,50x50,122,2.2869
2,MDP_Value,50x50,123,2.2450
2,MDP_Value,50x50,124,2.2004
2,MDP_Value,50x50,125,2.1565
2,MDP_Value,50x50,126,2.1147
2,MDP_Value,50x50,127,2.0786
2,MDP_Value,50x50,128,2.0307
2,MDP_Value,50x50,129,1.9862
2,MDP_Value,50x50,130,1.9380
2,MDP_Value,50x50,131,1.8942
2,MDP_Value,50x50,132,1.8477
2,MDP_Value,50x50,133,1.8081
2,MDP_Value,50x50,134,1.7657
2,MDP_Value,50x50,135,1.7242
2,MDP_Value,50x50,136,1.6788
2,MDP_Value,50x50,137,1.6379
2,MDP_Value,50x50,138,1.5947
2,MDP_Value,50x50,139,1.5558
2,MDP_Value,50x50,140,1.5139
2,MDP_Value,50x50,141,1.4783
2,MDP_Value,50x50,142,1.4410
2,MDP_Value,50x50,143,1.4096
2,MDP_Value,50x50,144,1.3749
2,MDP_Value,50x50,145,1.3440
2,MDP_Value,50x50,146,1.3098
2,MDP_Value,50x50,147,1.2807
2,MDP_Value,50x50,148,1.2520
2,MDP_Value,50x50,149,1.2260
2,MDP_Value,50x50,150,1.1977
2,MDP_Value,50x50,151,1.1711
2,MDP_Value,50x50,152,1.1435
2,MDP_Value,50x50,153,1.1180
2,MDP_Value,50x50,154,1.0922
2,MDP_Value,50x50,155,1.0717
2,MDP_Value,50x50,156,1.0469
2,MDP_Value,50x50,157,1.0241
2,MDP_Value,50x50,158,1.0020
2,MDP_Value,50x50,159,0.9793
2,MDP_Value,50x50,160,0.9561
2,MDP_Value,50x50,161,0.9334
2,MDP_Value,50x50,162,0.9105
2,MDP_Value,50x50,163,0.8886
2,MDP_Value,50x50,164,0.8663
2,MDP_Value,50x50,165,0.8462
2,MDP_Value,50x50,166,0.8254
2,MDP_Value,50x50,167,0.8057
2,MDP_Value,50x50,168,0.7857
2,MDP_Value,50x50,169,0.7666
2,MDP_Value,50x50,170,0.7470
2,MDP_Value,50x50,171,0.7294
2,MDP_Value,50x50,172,0.7118
2,MDP_Value,50x50,173,0.6939
2,MDP_Value,50x50,174,0.6765
2,MDP_Value,50x50,175,0.6588
2,MDP_Value,50x50,176,0.6416
2,MDP_Value,50x50,177,0.6250
2,MDP_Value,50x50,178,0.6085
2,MDP_Value,50x50,179,0.5922
2,MDP_Value,50x50,180,0.5764
2,MDP_Value,50x50,181,0.5611
2,MDP_Value,50x50,182,0.5461
2,MDP_Value,50x50,183,0.5315
2,MDP_Value,50x50,184,0.5174
2,MDP_Value,50x50,185,0.5036
2,MDP_Value,50x50,186,0.4901
2,MDP_Value,50x50,187,0.4771
2,MDP_Value,50x50,188,0.4644
2,MDP_Value,50x50,189,0.4520
2,MDP_Value,50x50,190,0.4399
2,MDP_Value,50x50,191,0.4282
2,MDP_Value,50x50,192,0.4168
2,MDP_Value,50x50,193,0.4057
2,MDP_Value,50x50,194,0.3948
2,MDP_Value,50x50,195,0.3843
2,MDP_Value,50x50,196,0.3741
2,MDP_Value,50x50,197,0.3641
2,MDP_Value,50x50,198,0.3544
2,MDP_Value,50x50,199,0.3449
2,MDP_Value,50x50,200,0.3357
2,MDP_Value,50x50,201,0.3268
2,MDP_Value,50x50,202,0.3181
2,MDP_Value,50x50,203,0.3096
2,MDP_Value,50x50,204,0.3013
2,MDP_Value,50x50,205,0.2933
2,MDP_Value,50x50,206,0.2855
2,MDP_Value,50x50,207,0.2779
2,MDP_Value,50x50,208,0.2704
2,MDP_Value,50x50,209,0.2632
2,MDP_Value,50x50,210,0.2562
2,MDP_Value,50x50,211,0.2494
2,MDP_Value,50x50,212,0.2427
2,MDP_Value,50x50,213,0.2363
2,MDP_Value,50x50,214,0.2300
2,MDP_Value,50x50,215,0.2238
2,MDP_Value,50x50,216,0.2179
2,MDP_Value,50x50,217,0.2120
2,MDP_Value,50x50,218,0.2064
2,MDP_Value,50x50,219,0.2009
2,MDP_Value,50x50,220,0.1955
2,MDP_Value,50x50,221,0.1903
2,MDP_Value,50x50,222,0.1852
2,MDP_Value,50x50,223,0.1803
2,MDP_Value,50x50,224,0.1755
2,MDP_Value,50x50,225,0.1708
2,MDP_Value,50x50,226,0.1663
2,MDP_Value,50x50,227,0.1618
2,MDP_Value,50x50,228,0.1575
2,MDP_Value,50x50,229,0.1533
2,MDP_Value,50x50,230,0.1492
2,MDP_Value,50x50,231,0.1452
2,MDP_Value,50x50,232,0.1414
2,MDP_Value,50x50,233,0.1376
2,MDP_Value,50x50,234,0.1339
2,MDP_Value,50x50,235,0.1304
2,MDP_Value,50x50,236,0.1269
2,MDP_Value,50x50,237,0.1235
2,MDP_Value,50x50,238,0.1202
2,MDP_Value,50x50,239,0.1170
2,MDP_Value,50x50,240,0.1139
2,MDP_Value,50x50,241,0.1108
2,MDP_Value,50x50,242,0.1079
2,MDP_Value,50x50,243,0.1050
2,MDP_Value,50x50,244,0.1022
2,MDP_Value,50x50,245,0.0995
2,MDP_Value,50x50,246,0.0968
2,MDP_Value,50x50,247,0.0943
2,MDP_Value,50x50,248,0.0917
2,MDP_Value,50x50,249,0.0893
2,MDP_Value,50x50,250,0.0869
2,MDP_Value,50x50,251,0.0846
2,MDP_Value,50x50,252,0.0823
2,MDP_Value,50x50,253,0.0801
2,MDP_Value,50x50,254,0.0780
2,MDP_Value,50x50,255,0.0759
2,MDP_Value,50x50,256,0.0739
2,MDP_Value,50x50,257,0.0719
2,MDP_Value,50x50,258,0.0700
2,MDP_Value,50x50,259,0.0681
2,MDP_Value,50x50,260,0.0663
2,MDP_Value,50x50,261,0.0646
2,MDP_Value,50x50,262,0.0628
2,MDP_Value,50x50,263,0.0612
2,MDP_Value,50x50,264,0.0595
2,MDP_Value,50x50,265,0.0579
2,MDP_Value,50x50,266,0.0564
2,MDP_Value,50x50,267,0.0549
2,MDP_Value,50x50,268,0.0534
2,MDP_Value,50x50,269,0.0520
2,MDP_Value,50x50,270,0.0506
2,MDP_Value,50x50,271,0.0493
2,MDP_Value,50x50,272,0.0480
2,MDP_Value,50x50,273,0.0467
2,MDP_Value,50x50,274,0.0454
2,MDP_Value,50x50,275,0.0442
2,MDP_Value,50x50,276,0.0430
2,MDP_Value,50x50,277,0.0419
2,MDP_Value,50x50,278,0.0408
2,MDP_Value,50x50,279,0.0397
2,MDP_Value,50x50,280,0.0386
2,MDP_Value,50x50,281,0.0376
2,MDP_Value,50x50,282,0.0366
2,MDP_Value,50x50,283,0.0356
2,MDP_Value,50x50,284,0.0347
2,MDP_Value,50x50,285,0.0337
2,MDP_Value,50x50,286,0.0328
2,MDP_Value,50x50,287,0.0320
2,MDP_Value,50x50,288,0.0311
2,MDP_Value,50x50,289,0.0303
2,MDP_Value,50x50,290,0.0295
2,MDP_Value,50x50,291,0.0287
2,MDP_Value,50x50,292,0.0279
2,MDP_Value,50x50,293,0.0272
2,MDP_Value,50x50,294,0.0265
2,MDP_Value,50x50,295,0.0258
2,MDP_Value,50x50,296,0.0251
2,MDP_Value,50x50,297,0.0244
2,MDP_Value,50x50,298,0.0237
2,MDP_Value,50x50,299,0.0231
2,MDP_Value,50x50,300,0.0225
2,MDP_Value,50x50,301,0.0219
2,MDP_Value,50x50,302,0.0213
2,MDP_Value,50x50,303,0.0207
2,MDP_Value,50x50,304,0.0202
2,MDP_Value,50x50,305,0.0197
2,MDP_Value,50x50,306,0.0191
2,MDP_Value,50x50,307,0.0186
2,MDP_Value,50x50,308,0.0181
2,MDP_Value,50x50,309,0.0176
2,MDP_Value,50x50,310,0.0172
2,MDP_Value,50x50,311,0.0167
2,MDP_Value,50x50,312,0.0163
2,MDP_Value,50x50,313,0.0158
2,MDP_Value,50x50,314,0.0154
2,MDP_Value,50x50,315,0.0150
2,MDP_Value,50x50,316,0.0146
2,MDP_Value,50x50,317,0.0142
2,MDP_Value,50x50,318,0.0138
2,MDP_Value,50x50,319,0.0135
2,MDP_Value,50x50,320,0.0131
2,MDP_Value,50x50,321,0.0128
2,MDP_Value,50x50,322,0.0124
2,MDP_Value,50x50,323,0.0121
2,MDP_Value,50x50,324,0.0118
2,MDP_Value,50x50,325,0.0114
2,MDP_Value,50x50,326,0.0111
2,MDP_Value,50x50,327,0.0108
2,MDP_Value,50x50,328,0.0106
2,MDP_Value,50x50,329,0.0103
2,MDP_Value,50x50,330,0.0100
2,MDP_Value,50x50,331,0.0097
2,MDP_Value,50x50,332,0.0095
2,MDP_Value,50x50,333,0.0092
2,MDP_Value,50x50,334,0.0090
2,MDP_Value,50x50,335,0.0087
2,MDP_Value,50x50,336,0.0085
2,MDP_Value,50x50,337,0.0083
2,MDP_Value,50x50,338,0.0081
2,MDP_Value,50x50,339,0.0078
2,MDP_Value,50x50,340,0.0076
2,MDP_Value,50x50,341,0.0074
3,MDP_Value,50x50,0,0.9907
3,MDP_Value,50x50,1,1.0032
3,MDP_Value,50x50,2,1.0877
3,MDP_Value,50x50,3,1.1501
3,MDP_Value,50x50,4,1.1725
3,MDP_Value,50x50,5,1.1929
3,MDP_Value,50x50,6,1.2113
3,MDP_Value,50x50,7,1.2603
3,MDP_Value,50x50,8,1.3220
3,MDP_Value,50x50,9,1.4101
3,MDP_Value,50x50,10,1.4780
3,MDP_Value,50x50,11,1.5846
3,MDP_Value,50x50,12,1.6567
3,MDP_Value,50x50,13,1.7508
3,MDP_Value,50x50,14,1.8393
3,MDP_Value,50x50,15,1.9085
3,MDP_Value,50x50,16,1.9981
3,MDP_Value,50x50,17,2.0695
3,MDP_Value,50x50,18,2.2196
3,MDP_Value,50x50,19,2.2910
3,MDP_Value,50x50,20,2.3671
3,MDP_Value,50x50,21,2.3829
3,MDP_Value,50x50,22,2.5247
3,MDP_Value,50x50,23,2.6170
3,MDP_Value,50x50,24,2.7218
3,MDP_Value,50x50,25,2.8200
3,MDP_Value,50x50,26,2.9687
3,MDP_Value,50x50,27,3.0706
3,MDP_Value,50x50,28,3.2192
3,MDP_Value,50x50,29,3.2783
3,MDP_Value,50x50,30,3.3740
3,MDP_Value,50x50,31,3.4635
3,MDP_Value,50x50,32,3.5040
3,MDP_Value,50x50,33,3.5478
3,MDP_Value,50x50,34,3.5323
3,MDP_Value,50x50,35,3.5144
3,MDP_Value,50x50,36,3.4805
3,MDP_Value,50x50,37,3.4455
3,MDP_Value,50x50,38,3.4172
3,MDP_Value,50x50,39,3.4015
3,MDP_Value,50x50,40,3.3777
3,MDP_Value,50x50,41,3.3333
3,MDP_Value,50x50,42,3.3201
3,MDP_Value,50x50,43,3.2996
3,MDP_Value,50x50,44,3.2775
3,MDP_Value,50x50,45,3.2718
3,MDP_Value,50x50,46,3.2585
3,MDP_Value,50x50,47,3.2490
3,MDP_Value,50x50,48,3.2218
3,MDP_Value,50x50,49,3.2142
3,MDP_Value,50x50,50,3.1900
3,MDP_Value,50x50,51,3.2088
3,MDP_Value,50x50,52,3.2057
3,MDP_Value,50x50,53,3.2234
3,MDP_Value,50x50,54,3.2247
3,MDP_Value,50x50,55,3.2498
3,MDP_Value,50x50,56,3.2847
3,MDP_Value,50x50,57,3.2859
3,MDP_Value,50x50,58,3.3131
3,MDP_Value,50x50,59,3.3329
3,MDP_Value,50x50,60,3.3607
3,MDP_Value,50x50,61,3.3811
3,MDP_Value,50x50,62,3.4271
3,MDP_Value,50x50,63,3.4723
3,MDP_Value,50x50,64,3.4639
3,MDP_Value,50x50,65,3.4732
3,MDP_Value,50x50,66,3.4669
3,MDP_Value,50x50,67,3.4997
3,MDP_Value,50x50,68,3.5258
3,MDP_Value,50x50,69,3.5447
3,MDP_Value,50x50,70,3.5542
3,MDP_Value,50x50,71,3.5836
3,MDP_Value,50x50,72,3.5840
3,MDP_Value,50x50,73,3.5788
3,MDP_Value,50x50,74,3.5423
3,MDP_Value,50x50,75,3.5331
3,MDP_Value,50x50,76,3.5149
3,MDP_Value,50x50,77,3.4949
3,MDP_Value,50x50,78,3.4617
3,MDP_Value,50x50,79,3.4414
3,MDP_Value,50x50,80,3.4223
3,MDP_Value,50x50,81,3.4104
3,MDP_Value,50x50,82,3.3819
3,MDP_Value,50x50,83,3.3502
3,MDP_Value,50x50,84,3.3179
3,MDP_Value,50x50,85,3.2907
3,MDP_Value,50x50,86,3.2436
3,MDP_Value,50x50,87,3.2226
3,MDP_Value,50x50,88,3.1789
3,MDP_Value,50x50,89,3.1543
3,MDP_Value,50x50,90,3.1034
3,MDP_Value,50x50,91,3.0609
3,MDP_Value,50x50,92,3.0203
3,MDP_Value,50x50,93,2.9733
3,MDP_Value,50x50,94,2.9174
3,MDP_Value,50x50,95,2.8757
3,MDP_Value,50x50,96,2.8257
3,MDP_Value,50x50,97,2.7817
3,MDP_Value,50x50,98,2.7369
3,MDP_Value,50x50,99,2.7018
3,MDP_Value,50x50,100,2.6707
3,MDP_Value,50x50,101,2.6304
3,MDP_Value,50x50,102,2.5965
3,MDP_Value,50x50,103,2.5650
3,MDP_Value,50x50,104,2.5369
3,MDP_Value,50x50,105,2.5062
3,MDP_Value,50x50,106,2.4686
3,MDP_Value,50x50,107,2.4333
3,MDP_Value,50x50,108,2.3919
3,MDP_Value,50x50,109,2.3488
3,MDP_Value,50x50,110,2.3033
3,MDP_Value,50x50,111,2.2644
3,MDP_Value,50x50,112,2.2241
3,MDP_Value,50x50,113,2.1945
3,MDP_Value,50x50,114,2.1604
3,MDP_Value,50x50,115,2.1336
3,MDP_Value,50x50,116,2.1059
3,MDP_Value,50x50,117,2.0731
3,MDP_Value,50x50,118,2.0381
3,MDP_Value,50x50,119,2.0168
3,MDP_Value,50x50,120,1.9901
3,MDP_Value,50x50,121,1.9587
3,MDP_Value,50x50,122,1.9283
3,MDP_Value,50x50,123,1.8968
3,MDP_Value,50x50,124,1.8662
3,MDP_Value,50x50,125,1.8326
3,MDP_Value,50x50,126,1.8001
3,MDP_Value,50x50,127,1.7680
3,MDP_Value,50x50,128,1.7308
3,MDP_Value,50x50,129,1.6967
3,MDP_Value,50x50,130,1.6574
3,MDP_Value,50x50,131,1.6228
3,MDP_Value,50x50,132,1.5852
3,MDP_Value,50x50,133,1.5542
3,MDP_Value,50x50,134,1.5223
3,MDP_Value,50x50,135,1.4929
3,MDP_Value,50x50,136,1.4606
3,MDP_Value,50x50,137,1.4318
3,MDP_Value,50x50,138,1.4046
3,MDP_Value,50x50,139,1.3731
3,MDP_Value,50x50,140,1.3450
3,MDP_Value,50x50,141,1.3126
3,MDP_Value,50x50,142,1.2844
3,MDP_Value,50x50,143,1.2543
3,MDP_Value,50x50,144,1.2269
3,MDP_Value,50x50,145,1.1985
3,MDP_Value,50x50,146,1.1733
3,MDP_Value,50x50,147,1.1487
3,MDP_Value,50x50,148,1.1257
3,MDP_Value,50x50,149,1.1013
3,MDP_Value,50x50,150,1.0781
3,MDP_Value,50x50,151,1.0523
3,MDP_Value,50x50,152,1.0317
3,MDP_Value,50x50,153,1.0077
3,MDP_Value,50x50,154,0.9851
3,MDP_Value,50x50,155,0.9603
3,MDP_Value,50x50,156,0.9373
3,MDP_Value,50x50,157,0.9143
3,MDP_Value,50x50,158,0.8951
3,MDP_Value,50x50,159,0.8732
3,MDP_Value,50x50,160,0.8558
3,MDP_Value,50x50,161,0.8361
3,MDP_Value,50x50,162,0.8192
3,MDP_Value,50x50,163,0.8005
3,MDP_Value,50x50,164,0.7831
3,MDP_Value,50x50,165,0.7650
3,MDP_Value,50x50,166,0.7468
3,MDP_Value,50x50,167,0.7295
3,MDP_Value,50x50,168,0.7142
3,MDP_Value,50x50,169,0.6973
3,MDP_Value,50x50,170,0.6812
3,MDP_Value,50x50,171,0.6646
3,MDP_Value,50x50,172,0.6505
3,MDP_Value,50x50,173,0.6344
3,MDP_Value,50x50,174,0.6191
3,MDP_Value,50x50,175,0.6042
3,MDP_Value,50x50,176,0.5898
3,MDP_Value,50x50,177,0.5750
3,MDP_Value,50x50,178,0.5608
3,MDP_Value,50x50,179,0.5470
3,MDP_Value,50x50,180,0.5339
3,MDP_Value,50x50,181,0.5214
3,MDP_Value,50x50,182,0.5095
3,MDP_Value,50x50,183,0.4972
3,MDP_Value,50x50,184,0.4856
3,MDP_Value,50x50,185,0.4744
3,MDP_Value,50x50,186,0.4640
3,MDP_Value,50x50,187,0.4531
3,MDP_Value,50x50,188,0.4424
3,MDP_Value,50x50,189,0.4322
3,MDP_Value,50x50,190,0.4221
3,MDP_Value,50x50,191,0.4117
3,MDP_Value,50x50,192,0.4018
3,MDP_Value,50x50,193,0.3918
3,MDP_Value,50x50,194,0.3818
3,MDP_Value,50x50,195,0.3720
3,MDP_Value,50x50,196,0.3628
3,MDP_Value,50x50,197,0.3536
3,MDP_Value,50x50,198,0.3448
3,MDP_Value,50x50,199,0.3365
3,MDP_Value,50x50,200,0.3281
3,MDP_Value,50x50,201,0.3202
3,MDP_Value,50x50,202,0.3127
3,MDP_Value,50x50,203,0.3047
3,MDP_Value,50x50,204,0.2972
3,MDP_Value,50x50,205,0.2896
3,MDP_Value,50x50,206,0.2826
3,MDP_Value,50x50,207,0.2756
3,MDP_Value,50x50,208,0.2687
3,MDP_Value,50x50,209,0.2618
3,MDP_Value,50x50,210,0.2552
3,MDP_Value,50x50,211,0.2487
3,MDP_Value,50x50,212,0.2422
3,MDP_Value,50x50,213,0.2358
3,MDP_Value,50x50,214,0.2298
3,MDP_Value,50x50,215,0.2238
3,MDP_Value,50x50,216,0.2179
3,MDP_Value,50x50,217,0.2120
3,MDP_Value,50x50,218,0.2064
3,MDP_Value,50x50,219,0.2009
3,MDP_Value,50x50,220,0.1955
3,MDP_Value,50x50,221,0.1903
3,MDP_Value,50x50,222,0.1852
3,MDP_Value,50x50,223,0.1803
3,MDP_Value,50x50,224,0.1755
3,MDP_Value,50x50,225,0.1708
3,MDP_Value,50x50,226,0.1663
3,MDP_Value,50x50,227,0.1618
3,MDP_Value,50x50,228,0.1575
3,MDP_Value,50x50,229,0.1533
3,MDP_Value,50x50,230,0.1492
3,MDP_Value,50x50,231,0.1452
3,MDP_Value,50x50,232,0.1414
3,MDP_Value,50x50,233,0.1376
3,MDP_Value,50x50,234,0.1339
3,MDP_Value,50x50,235,0.1304
3,MDP_Value,50x50,236,0.1269
3,MDP_Value,50x50,237,0.1235
3,MDP_Value,50x50,238,0.1202
3,MDP_Value,50x50,239,0.1170
3,MDP_Value,50x50,240,0.1139
3,MDP_Value,50x50,241,0.1108
3,MDP_Value,50x50,242,0.1079
3,MDP_Value,50x50,243,0.1050
3,MDP_Value,50x50,244,0.1022
3,MDP_Value,50x50,245,0.0995
3,MDP_Value,50x50,246,0.0968
3,MDP_Value,50x50,247,0.0943
3,MDP_Value,50x50,248,0.0917
3,MDP_Value,50x50,249,0.0893
3,MDP_Value,50x50,250,0.0869
3,MDP_Value,50x50,251,0.0846
3,MDP_Value,50x50,252,0.0823
3,MDP_Value,50x50,253,0.0801
3,MDP_Value,50x50,254,0.0780
3,MDP_Value,50x50,255,0.0759
3,MDP_Value,50x50,256,0.0739
3,MDP_Value,50x50,257,0.0719
3,MDP_Value,50x50,258,0.0700
3,MDP_Value,50x50,259,0.0681
3,MDP_Value,50x50,260,0.0663
3,MDP_Value,50x50,261,0.0646
3,MDP_Value,50x50,262,0.0628
3,MDP_Value,50x50,263,0.0612
3,MDP_Value,50x50,264,0.0595
3,MDP_Value,50x50,265,0.0579
3,MDP_Value,50x50,266,0.0564
3,MDP_Value,50x50,267,0.0549
3,MDP_Value,50x50,268,0.0534
3,MDP_Value,50x50,269,0.0520
3,MDP_Value,50x50,270,0.0506
3,MDP_Value,50x50,271,0.0493
3,MDP_Value,50x50,272,0.0480
3,MDP_Value,50x50,273,0.0467
3,MDP_Value,50x50,274,0.0454
3,MDP_Value,50x50,275,0.0442
3,MDP_Value,50x50,276,0.0430
3,MDP_Value,50x50,277,0.0419
3,MDP_Value,50x50,278,0.0408
3,MDP_Value,50x50,279,0.0397
3,MDP_Value,50x50,280,0.0386
3,MDP_Value,50x50,281,0.0376
3,MDP_Value,50x50,282,0.0366
3,MDP_Value,50x50,283,0.0356
3,MDP_Value,50x50,284,0.0347
3,MDP_Value,50x50,285,0.0337
3,MDP_Value,50x50,286,0.0328
3,MDP_Value,50x50,287,0.0320
3,MDP_Value,50x50,288,0.0311
3,MDP_Value,50x50,289,0.0303
3,MDP_Value,50x50,290,0.0295
3,MDP_Value,50x50,291,0.0287
3,MDP_Value,50x50,292,0.0279
3,MDP_Value,50x50,293,0.0272
3,MDP_Value,50x50,294,0.0265
3,MDP_Value,50x50,295,0.0258
3,MDP_Value,50x50,296,0.0251
3,MDP_Value,50x50,297,0.0244
3,MDP_Value,50x50,298,0.0237
3,MDP_Value,50x50,299,0.0231
3,MDP_Value,50x50,300,0.0225
3,MDP_Value,50x50,301,0.0219
3,MDP_Value,50x50,302,0.0213
3,MDP_Value,50x50,303,0.0207
3,MDP_Value,50x50,304,0.0202
3,MDP_Value,50x50,305,0.0197
3,MDP_Value,50x50,306,0.0191
3,MDP_Value,50x50,307,0.0186
3,MDP_Value,50x50,308,0.0181
3,MDP_Value,50x50,309,0.0176
3,MDP_Value,50x50,310,0.0172
3,MDP_Value,50x50,311,0.0167
3,MDP_Value,50x50,312,0.0163
3,MDP_Value,50x50,313,0.0158
3,MDP_Value,50x50,314,0.0154
3,MDP_Value,50x50,315,0.0150
3,MDP_Value,50x50,316,0.0146
3,MDP_Value,50x50,317,0.0142
3,MDP_Value,50x50,318,0.0138
3,MDP_Value,50x50,319,0.0135
3,MDP_Value,50x50,320,0.0131
3,MDP_Value,50x50,321,0.0128
3,MDP_Value,50x50,322,0.0124
3,MDP_Value,50x50,323,0.0121
3,MDP_Value,50x50,324,0.0118
3,MDP_Value,50x50,325,0.0114
3,MDP_Value,50x50,326,0.0111
3,MDP_Value,50x50,327,0.0108
3,MDP_Value,50x50,328,0.0106
3,MDP_Value,50x50,329,0.0103
3,MDP_Value,50x50,330,0.0100
3,MDP_Value,50x50,331,0.0097
3,MDP_Value,50x50,332,0.0095
3,MDP_Value,50x50,333,0.0092
3,MDP_Value,50x50,334,0.0090
3,MDP_Value,50x50,335,0.0087
3,MDP_Value,50x50,336,0.0085
3,MDP_Value,50x50,337,0.0083
3,MDP_Value,50x50,338,0.0081
3,MDP_Value,50x50,339,0.0078
3,MDP_Value,50x50,340,0.0076
3,MDP_Value,50x50,341,0.0074

